{
 "type": "FeatureCollection",
 "features": [
  {
   "type": "Feature",
   "geometry": {
    "type": "Point",
    "coordinates": [
     -6.19402,
     36.47588
    ]
   },
   "properties": {
    "id": "EST-SANFERNANDOCENTRO",
    "name": "San Fernando-Centro",
    "province": "Cádiz",
    "marker-symbol": "rail",
    "marker-size": "small",
    "marker-color": "#666666"
   }
  },
  {
   "type": "Feature",
   "geometry": {
    "type": "Point",
    "coordinates": [
     -3.52496,
     43.42303
    ]
   },
   "properties": {
    "id": "EST-GAMA",
    "name": "Gama",
    "province": "Cantabria",
    "marker-symbol": "rail",
    "marker-size": "small",
    "marker-color": "#666666"
   }
  },
  {
   "type": "Feature",
   "geometry": {
    "type": "Point",
    "coordinates": [
     -3.01643,
     43.23336
    ]
   },
   "properties": {
    "id": "EST-ZARAMILLO",
    "name": "Zaramillo",
    "province": "Bizkaia",
    "marker-symbol": "rail",
    "marker-size": "small",
    "marker-color": "#666666"
   }
  },
  {
   "type": "Feature",
   "geometry": {
    "type": "Point",
    "coordinates": [
     -2.07914,
     43.13564
    ]
   },
   "properties": {
    "id": "EST-TOLOSAERDIA",
    "name": "Tolosa-Erdia",
    "province": "Gipuzkoa",
    "marker-symbol": "rail",
    "marker-size": "small",
    "marker-color": "#666666"
   }
  },
  {
   "type": "Feature",
   "geometry": {
    "type": "Point",
    "coordinates": [
     -5.99436,
     37.38178
    ]
   },
   "properties": {
    "id": "EST-PUERTADEJEREZ",
    "name": "Puerta de Jerez",
    "province": "Sevilla",
    "marker-symbol": "rail",
    "marker-size": "small",
    "marker-color": "#666666"
   }
  },
  {
   "type": "Feature",
   "geometry": {
    "type": "Point",
    "coordinates": [
     2.19351,
     41.40802
    ]
   },
   "properties": {
    "id": "EST-CANJAUMANDREU",
    "name": "Can Jaumandreu",
    "province": "Barcelona",
    "marker-symbol": "rail",
    "marker-size": "small",
    "marker-color": "#666666"
   }
  },
  {
   "type": "Feature",
   "geometry": {
    "type": "Point",
    "coordinates": [
     -2.94395,
     43.26628
    ]
   },
   "properties": {
    "id": "EST-EUSKALDUNA",
    "name": "Euskalduna",
    "province": "Bizkaia",
    "marker-symbol": "rail",
    "marker-size": "small",
    "marker-color": "#666666"
   }
  },
  {
   "type": "Feature",
   "geometry": {
    "type": "Point",
    "coordinates": [
     2.18091,
     41.39211
    ]
   },
   "properties": {
    "id": "EST-ARCDETRIOMF",
    "name": "Arc de Triomf",
    "province": "Barcelona",
    "marker-symbol": "rail",
    "marker-size": "small",
    "marker-color": "#666666"
   }
  },
  {
   "type": "Feature",
   "geometry": {
    "type": "Point",
    "coordinates": [
     -0.44194,
     39.49889
    ]
   },
   "properties": {
    "id": "EST-PATERNA",
    "name": "Paterna",
    "province": "Valencia",
    "marker-symbol": "rail",
    "marker-size": "small",
    "marker-color": "#666666"
   }
  },
  {
   "type": "Feature",
   "geometry": {
    "type": "Point",
    "coordinates": [
     2.1869,
     41.39755
    ]
   },
   "properties": {
    "id": "EST-AUDITORITEATRENACIONAL",
    "name": "Auditori | Teatre Nacional",
    "province": "Barcelona",
    "marker-symbol": "rail",
    "marker-size": "small",
    "marker-color": "#666666"
   }
  },
  {
   "type": "Feature",
   "geometry": {
    "type": "Point",
    "coordinates": [
     -2.92546,
     43.26903
    ]
   },
   "properties": {
    "id": "EST-MATIKOBILBAO",
    "name": "Matiko-Bilbao",
    "province": "Bizkaia",
    "marker-symbol": "rail",
    "marker-size": "small",
    "marker-color": "#666666"
   }
  },
  {
   "type": "Feature",
   "geometry": {
    "type": "Point",
    "coordinates": [
     -3.07164,
     43.20102
    ]
   },
   "properties": {
    "id": "EST-ARTXUBE",
    "name": "Artxube",
    "province": "Bizkaia",
    "marker-symbol": "rail",
    "marker-size": "small",
    "marker-color": "#666666"
   }
  },
  {
   "type": "Feature",
   "geometry": {
    "type": "Point",
    "coordinates": [
     -6.00962,
     38.23775
    ]
   },
   "properties": {
    "id": "EST-LLERENA",
    "name": "Llerena",
    "province": "Badajoz",
    "marker-symbol": "rail",
    "marker-size": "small",
    "marker-color": "#666666"
   }
  },
  {
   "type": "Feature",
   "geometry": {
    "type": "Point",
    "coordinates": [
     2.07922,
     41.35799
    ]
   },
   "properties": {
    "id": "EST-GAVARRA",
    "name": "Gavarra",
    "province": "Barcelona",
    "marker-symbol": "rail",
    "marker-size": "small",
    "marker-color": "#666666"
   }
  },
  {
   "type": "Feature",
   "geometry": {
    "type": "Point",
    "coordinates": [
     2.1072,
     41.34465
    ]
   },
   "properties": {
    "id": "EST-HOSPITALDEBELLVITGE",
    "name": "Hospital de Bellvitge",
    "province": "Barcelona",
    "marker-symbol": "rail",
    "marker-size": "small",
    "marker-color": "#666666"
   }
  },
  {
   "type": "Feature",
   "geometry": {
    "type": "Point",
    "coordinates": [
     -16.3021,
     28.46873
    ]
   },
   "properties": {
    "id": "EST-CAMPUSGUAJARA",
    "name": "Campus Guajara",
    "province": "Santa Cruz de Tenerife",
    "marker-symbol": "rail",
    "marker-size": "small",
    "marker-color": "#666666"
   }
  },
  {
   "type": "Feature",
   "geometry": {
    "type": "Point",
    "coordinates": [
     -3.13853,
     43.21095
    ]
   },
   "properties": {
    "id": "EST-COLEGIO",
    "name": "Colegio",
    "province": "Bizkaia",
    "marker-symbol": "rail",
    "marker-size": "small",
    "marker-color": "#666666"
   }
  },
  {
   "type": "Feature",
   "geometry": {
    "type": "Point",
    "coordinates": [
     -3.61404,
     37.14399
    ]
   },
   "properties": {
    "id": "EST-SIERRANEVADA",
    "name": "Sierra Nevada",
    "province": "Granada",
    "marker-symbol": "rail",
    "marker-size": "small",
    "marker-color": "#666666"
   }
  },
  {
   "type": "Feature",
   "geometry": {
    "type": "Point",
    "coordinates": [
     -2.70104,
     43.40889
    ]
   },
   "properties": {
    "id": "EST-MUNDAKA",
    "name": "Mundaka",
    "province": "Bizkaia",
    "marker-symbol": "rail",
    "marker-size": "small",
    "marker-color": "#666666"
   }
  },
  {
   "type": "Feature",
   "geometry": {
    "type": "Point",
    "coordinates": [
     -3.79197,
     40.3779
    ]
   },
   "properties": {
    "id": "EST-CUATROVIENTOS",
    "name": "Cuatro Vientos",
    "province": "Madrid",
    "marker-symbol": "rail",
    "marker-size": "small",
    "marker-color": "#666666"
   }
  },
  {
   "type": "Feature",
   "geometry": {
    "type": "Point",
    "coordinates": [
     -3.98261,
     40.60065
    ]
   },
   "properties": {
    "id": "EST-GALAPAGARLANAVATA",
    "name": "Galapagar-La Navata",
    "province": "Madrid",
    "marker-symbol": "rail",
    "marker-size": "small",
    "marker-color": "#666666"
   }
  },
  {
   "type": "Feature",
   "geometry": {
    "type": "Point",
    "coordinates": [
     -2.07128,
     42.38065
    ]
   },
   "properties": {
    "id": "EST-LODOSA",
    "name": "Lodosa",
    "province": "Navarra",
    "marker-symbol": "rail",
    "marker-size": "small",
    "marker-color": "#666666"
   }
  },
  {
   "type": "Feature",
   "geometry": {
    "type": "Point",
    "coordinates": [
     2.09353,
     41.37697
    ]
   },
   "properties": {
    "id": "EST-CANCLOTA",
    "name": "Can Clota",
    "province": "Barcelona",
    "marker-symbol": "rail",
    "marker-size": "small",
    "marker-color": "#666666"
   }
  },
  {
   "type": "Feature",
   "geometry": {
    "type": "Point",
    "coordinates": [
     -2.41583,
     43.2136
    ]
   },
   "properties": {
    "id": "EST-ELGOIBAR",
    "name": "Elgoibar",
    "province": "Gipuzkoa",
    "marker-symbol": "rail",
    "marker-size": "small",
    "marker-color": "#666666"
   }
  },
  {
   "type": "Feature",
   "geometry": {
    "type": "Point",
    "coordinates": [
     -2.89348,
     43.23623
    ]
   },
   "properties": {
    "id": "EST-BASAURIHOSPITALDEBASURTO",
    "name": "Basauri-Hospital de Basurto",
    "province": "Bizkaia",
    "marker-symbol": "rail",
    "marker-size": "small",
    "marker-color": "#666666"
   }
  },
  {
   "type": "Feature",
   "geometry": {
    "type": "Point",
    "coordinates": [
     -3.65338,
     37.22811
    ]
   },
   "properties": {
    "id": "EST-ALBOLOTE",
    "name": "Albolote",
    "province": "Granada",
    "marker-symbol": "rail",
    "marker-size": "small",
    "marker-color": "#666666"
   }
  },
  {
   "type": "Feature",
   "geometry": {
    "type": "Point",
    "coordinates": [
     2.20073,
     41.41906
    ]
   },
   "properties": {
    "id": "EST-SANTMARTI",
    "name": "Sant Martí",
    "province": "Barcelona",
    "marker-symbol": "rail",
    "marker-size": "small",
    "marker-color": "#666666"
   }
  },
  {
   "type": "Feature",
   "geometry": {
    "type": "Point",
    "coordinates": [
     -0.28607,
     41.88355
    ]
   },
   "properties": {
    "id": "EST-MARCENPOLENINO",
    "name": "Marcén-Poleñino",
    "province": "Huesca",
    "marker-symbol": "rail",
    "marker-size": "small",
    "marker-color": "#666666"
   }
  },
  {
   "type": "Feature",
   "geometry": {
    "type": "Point",
    "coordinates": [
     -5.99436,
     37.38178
    ]
   },
   "properties": {
    "id": "EST-PUERTAJEREZ",
    "name": "Puerta Jerez",
    "province": "Sevilla",
    "marker-symbol": "rail",
    "marker-size": "small",
    "marker-color": "#666666"
   }
  },
  {
   "type": "Feature",
   "geometry": {
    "type": "Point",
    "coordinates": [
     -5.97154,
     43.55367
    ]
   },
   "properties": {
    "id": "EST-SANTACRUZ",
    "name": "Santa Cruz",
    "province": "Asturias",
    "marker-symbol": "rail",
    "marker-size": "small",
    "marker-color": "#666666"
   }
  },
  {
   "type": "Feature",
   "geometry": {
    "type": "Point",
    "coordinates": [
     -4.26932,
     40.56882
    ]
   },
   "properties": {
    "id": "EST-SANTAMARIADELAALAMEDA",
    "name": "Santa María de la Alameda",
    "province": "Madrid",
    "marker-symbol": "rail",
    "marker-size": "small",
    "marker-color": "#666666"
   }
  },
  {
   "type": "Feature",
   "geometry": {
    "type": "Point",
    "coordinates": [
     -16.25162,
     28.46631
    ]
   },
   "properties": {
    "id": "EST-TEATROGUIMERA",
    "name": "Teatro Guimerá",
    "province": "Santa Cruz de Tenerife",
    "marker-symbol": "rail",
    "marker-size": "small",
    "marker-color": "#666666"
   }
  },
  {
   "type": "Feature",
   "geometry": {
    "type": "Point",
    "coordinates": [
     -0.3407,
     39.56175
    ]
   },
   "properties": {
    "id": "EST-MUSEROS",
    "name": "Museros",
    "province": "Valencia",
    "marker-symbol": "rail",
    "marker-size": "small",
    "marker-color": "#666666"
   }
  },
  {
   "type": "Feature",
   "geometry": {
    "type": "Point",
    "coordinates": [
     -3.70831,
     40.41129
    ]
   },
   "properties": {
    "id": "EST-LALATINA",
    "name": "La Latina",
    "province": "Madrid",
    "marker-symbol": "rail",
    "marker-size": "small",
    "marker-color": "#666666"
   }
  },
  {
   "type": "Feature",
   "geometry": {
    "type": "Point",
    "coordinates": [
     -0.3119,
     39.58819
    ]
   },
   "properties": {
    "id": "EST-ELPUIG",
    "name": "El Puig",
    "province": "Valencia",
    "marker-symbol": "rail",
    "marker-size": "small",
    "marker-color": "#666666"
   }
  },
  {
   "type": "Feature",
   "geometry": {
    "type": "Point",
    "coordinates": [
     -3.10896,
     43.2105
    ]
   },
   "properties": {
    "id": "EST-ARANGUREN",
    "name": "Aranguren",
    "province": "Bizkaia",
    "marker-symbol": "rail",
    "marker-size": "small",
    "marker-color": "#666666"
   }
  },
  {
   "type": "Feature",
   "geometry": {
    "type": "Point",
    "coordinates": [
     -2.99619,
     43.05767
    ]
   },
   "properties": {
    "id": "EST-AMURRIOIPARRALDE",
    "name": "Amurrio Iparralde",
    "province": "Álava",
    "marker-symbol": "rail",
    "marker-size": "small",
    "marker-color": "#666666"
   }
  },
  {
   "type": "Feature",
   "geometry": {
    "type": "Point",
    "coordinates": [
     0.13727,
     40.09457
    ]
   },
   "properties": {
    "id": "EST-OROPESA",
    "name": "Oropesa",
    "province": "Castellón",
    "marker-symbol": "rail",
    "marker-size": "small",
    "marker-color": "#666666"
   }
  },
  {
   "type": "Feature",
   "geometry": {
    "type": "Point",
    "coordinates": [
     2.03974,
     41.56745
    ]
   },
   "properties": {
    "id": "EST-TERRASSAEST",
    "name": "Terrassa Est",
    "province": "Barcelona",
    "marker-symbol": "rail",
    "marker-size": "small",
    "marker-color": "#666666"
   }
  },
  {
   "type": "Feature",
   "geometry": {
    "type": "Point",
    "coordinates": [
     -2.98248,
     43.28304
    ]
   },
   "properties": {
    "id": "EST-GURUTZETACRUCES",
    "name": "Gurutzeta-Cruces",
    "province": "Bizkaia",
    "marker-symbol": "rail",
    "marker-size": "small",
    "marker-color": "#666666"
   }
  },
  {
   "type": "Feature",
   "geometry": {
    "type": "Point",
    "coordinates": [
     -3.71787,
     40.38536
    ]
   },
   "properties": {
    "id": "EST-PLAZAELIPTICA",
    "name": "Plaza Elíptica",
    "province": "Madrid",
    "marker-symbol": "rail",
    "marker-size": "small",
    "marker-color": "#666666"
   }
  },
  {
   "type": "Feature",
   "geometry": {
    "type": "Point",
    "coordinates": [
     -3.88569,
     40.40564
    ]
   },
   "properties": {
    "id": "EST-NUEVOMUNDO",
    "name": "Nuevo Mundo",
    "province": "Madrid",
    "marker-symbol": "rail",
    "marker-size": "small",
    "marker-color": "#666666"
   }
  },
  {
   "type": "Feature",
   "geometry": {
    "type": "Point",
    "coordinates": [
     2.08398,
     41.37279
    ]
   },
   "properties": {
    "id": "EST-LASARDANA",
    "name": "La Sardana",
    "province": "Barcelona",
    "marker-symbol": "rail",
    "marker-size": "small",
    "marker-color": "#666666"
   }
  },
  {
   "type": "Feature",
   "geometry": {
    "type": "Point",
    "coordinates": [
     -5.40324,
     42.86494
    ]
   },
   "properties": {
    "id": "EST-VALDEPIELAGO",
    "name": "Valdepiélago",
    "province": "León",
    "marker-symbol": "rail",
    "marker-size": "small",
    "marker-color": "#666666"
   }
  },
  {
   "type": "Feature",
   "geometry": {
    "type": "Point",
    "coordinates": [
     -1.93671,
     43.31962
    ]
   },
   "properties": {
    "id": "EST-HERRERA",
    "name": "Herrera",
    "province": "Gipuzkoa",
    "marker-symbol": "rail",
    "marker-size": "small",
    "marker-color": "#666666"
   }
  },
  {
   "type": "Feature",
   "geometry": {
    "type": "Point",
    "coordinates": [
     -3.71565,
     40.59891
    ]
   },
   "properties": {
    "id": "EST-TRESCANTOS",
    "name": "Tres Cantos",
    "province": "Madrid",
    "marker-symbol": "rail",
    "marker-size": "small",
    "marker-color": "#666666"
   }
  },
  {
   "type": "Feature",
   "geometry": {
    "type": "Point",
    "coordinates": [
     -0.91855,
     41.62253
    ]
   },
   "properties": {
    "id": "EST-LOSOLVIDADOS",
    "name": "Los Olvidados",
    "province": "Zaragoza",
    "marker-symbol": "rail",
    "marker-size": "small",
    "marker-color": "#666666"
   }
  },
  {
   "type": "Feature",
   "geometry": {
    "type": "Point",
    "coordinates": [
     -3.66906,
     40.4222
    ]
   },
   "properties": {
    "id": "EST-ODONNELL",
    "name": "O'Donnell",
    "province": "Madrid",
    "marker-symbol": "rail",
    "marker-size": "small",
    "marker-color": "#666666"
   }
  },
  {
   "type": "Feature",
   "geometry": {
    "type": "Point",
    "coordinates": [
     -2.92766,
     43.16323
    ]
   },
   "properties": {
    "id": "EST-ARBIDE",
    "name": "Arbide",
    "province": "Bizkaia",
    "marker-symbol": "rail",
    "marker-size": "small",
    "marker-color": "#666666"
   }
  },
  {
   "type": "Feature",
   "geometry": {
    "type": "Point",
    "coordinates": [
     -4.40863,
     40.59093
    ]
   },
   "properties": {
    "id": "EST-NAVALPERAL",
    "name": "Navalperal",
    "province": "Ávila",
    "marker-symbol": "rail",
    "marker-size": "small",
    "marker-color": "#666666"
   }
  },
  {
   "type": "Feature",
   "geometry": {
    "type": "Point",
    "coordinates": [
     -5.97277,
     37.38381
    ]
   },
   "properties": {
    "id": "EST-LUISDEMORALES",
    "name": "Luis de Morales",
    "province": "Sevilla",
    "marker-symbol": "rail",
    "marker-size": "small",
    "marker-color": "#666666"
   }
  },
  {
   "type": "Feature",
   "geometry": {
    "type": "Point",
    "coordinates": [
     -4.62398,
     36.54181
    ]
   },
   "properties": {
    "id": "EST-FUENGIROLA",
    "name": "Fuengirola",
    "province": "Málaga",
    "marker-symbol": "rail",
    "marker-size": "small",
    "marker-color": "#666666"
   }
  },
  {
   "type": "Feature",
   "geometry": {
    "type": "Point",
    "coordinates": [
     0.72791,
     41.68736
    ]
   },
   "properties": {
    "id": "EST-VILANOVADELABARCA",
    "name": "Vilanova de la Barca",
    "province": "Lleida",
    "marker-symbol": "rail",
    "marker-size": "small",
    "marker-color": "#666666"
   }
  },
  {
   "type": "Feature",
   "geometry": {
    "type": "Point",
    "coordinates": [
     -3.62715,
     37.14372
    ]
   },
   "properties": {
    "id": "EST-ARMILLA",
    "name": "Armilla",
    "province": "Granada",
    "marker-symbol": "rail",
    "marker-size": "small",
    "marker-color": "#666666"
   }
  },
  {
   "type": "Feature",
   "geometry": {
    "type": "Point",
    "coordinates": [
     -2.16292,
     39.19932
    ]
   },
   "properties": {
    "id": "EST-LARODA",
    "name": "La Roda",
    "province": "Albacete",
    "marker-symbol": "rail",
    "marker-size": "small",
    "marker-color": "#666666"
   }
  },
  {
   "type": "Feature",
   "geometry": {
    "type": "Point",
    "coordinates": [
     -3.70384,
     40.24299
    ]
   },
   "properties": {
    "id": "EST-PINTO",
    "name": "Pinto",
    "province": "Madrid",
    "marker-symbol": "rail",
    "marker-size": "small",
    "marker-color": "#666666"
   }
  },
  {
   "type": "Feature",
   "geometry": {
    "type": "Point",
    "coordinates": [
     -3.00555,
     43.34023
    ]
   },
   "properties": {
    "id": "EST-NEGURI",
    "name": "Neguri",
    "province": "Bizkaia",
    "marker-symbol": "rail",
    "marker-size": "small",
    "marker-color": "#666666"
   }
  },
  {
   "type": "Feature",
   "geometry": {
    "type": "Point",
    "coordinates": [
     1.97309,
     41.44684
    ]
   },
   "properties": {
    "id": "EST-SANTANDREUDELABARCA",
    "name": "Sant Andreu de la Barca",
    "province": "Barcelona",
    "marker-symbol": "rail",
    "marker-size": "small",
    "marker-color": "#666666"
   }
  },
  {
   "type": "Feature",
   "geometry": {
    "type": "Point",
    "coordinates": [
     -3.70339,
     40.41694
    ]
   },
   "properties": {
    "id": "EST-SOL",
    "name": "Sol",
    "province": "Madrid",
    "marker-symbol": "rail",
    "marker-size": "small",
    "marker-color": "#666666"
   }
  },
  {
   "type": "Feature",
   "geometry": {
    "type": "Point",
    "coordinates": [
     2.11663,
     41.36841
    ]
   },
   "properties": {
    "id": "EST-TORRASSA",
    "name": "Torrassa",
    "province": "Barcelona",
    "marker-symbol": "rail",
    "marker-size": "small",
    "marker-color": "#666666"
   }
  },
  {
   "type": "Feature",
   "geometry": {
    "type": "Point",
    "coordinates": [
     -4.15797,
     40.53863
    ]
   },
   "properties": {
    "id": "EST-ZARZALEJO",
    "name": "Zarzalejo",
    "province": "Madrid",
    "marker-symbol": "rail",
    "marker-size": "small",
    "marker-color": "#666666"
   }
  },
  {
   "type": "Feature",
   "geometry": {
    "type": "Point",
    "coordinates": [
     -6.22895,
     39.86621
    ]
   },
   "properties": {
    "id": "EST-MIRABEL",
    "name": "Mirabel",
    "province": "Cáceres",
    "marker-symbol": "rail",
    "marker-size": "small",
    "marker-color": "#666666"
   }
  },
  {
   "type": "Feature",
   "geometry": {
    "type": "Point",
    "coordinates": [
     -3.43336,
     43.35883
    ]
   },
   "properties": {
    "id": "EST-LIMPIAS",
    "name": "Limpias",
    "province": "Cantabria",
    "marker-symbol": "rail",
    "marker-size": "small",
    "marker-color": "#666666"
   }
  },
  {
   "type": "Feature",
   "geometry": {
    "type": "Point",
    "coordinates": [
     -5.65292,
     43.2891
    ]
   },
   "properties": {
    "id": "EST-SANVICENTE",
    "name": "San Vicente",
    "province": "Asturias",
    "marker-symbol": "rail",
    "marker-size": "small",
    "marker-color": "#666666"
   }
  },
  {
   "type": "Feature",
   "geometry": {
    "type": "Point",
    "coordinates": [
     -0.4095,
     39.458
    ]
   },
   "properties": {
    "id": "EST-PATRAIX",
    "name": "Patraix",
    "province": "Valencia",
    "marker-symbol": "rail",
    "marker-size": "small",
    "marker-color": "#666666"
   }
  },
  {
   "type": "Feature",
   "geometry": {
    "type": "Point",
    "coordinates": [
     0.02326,
     38.67198
    ]
   },
   "properties": {
    "id": "EST-FERRANDET",
    "name": "Ferrandet",
    "province": "Alicante",
    "marker-symbol": "rail",
    "marker-size": "small",
    "marker-color": "#666666"
   }
  },
  {
   "type": "Feature",
   "geometry": {
    "type": "Point",
    "coordinates": [
     0.83263,
     41.86641
    ]
   },
   "properties": {
    "id": "EST-SANTLLORENCDEMONTGAI",
    "name": "Sant Llorenç de Montgai",
    "province": "Lleida",
    "marker-symbol": "rail",
    "marker-size": "small",
    "marker-color": "#666666"
   }
  },
  {
   "type": "Feature",
   "geometry": {
    "type": "Point",
    "coordinates": [
     2.14936,
     41.42166
    ]
   },
   "properties": {
    "id": "EST-ELCOLLLATEXIONERA",
    "name": "El Coll | La Teixonera",
    "province": "Barcelona",
    "marker-symbol": "rail",
    "marker-size": "small",
    "marker-color": "#666666"
   }
  },
  {
   "type": "Feature",
   "geometry": {
    "type": "Point",
    "coordinates": [
     -0.51317,
     42.75068
    ]
   },
   "properties": {
    "id": "EST-CANFRANC",
    "name": "Canfranc",
    "province": "Huesca",
    "marker-symbol": "rail",
    "marker-size": "small",
    "marker-color": "#666666"
   }
  },
  {
   "type": "Feature",
   "geometry": {
    "type": "Point",
    "coordinates": [
     -2.77541,
     43.20714
    ]
   },
   "properties": {
    "id": "EST-LEMOA",
    "name": "Lemoa",
    "province": "Bizkaia",
    "marker-symbol": "rail",
    "marker-size": "small",
    "marker-color": "#666666"
   }
  },
  {
   "type": "Feature",
   "geometry": {
    "type": "Point",
    "coordinates": [
     -3.66967,
     40.4144
    ]
   },
   "properties": {
    "id": "EST-SAINZDEBARANDA",
    "name": "Sainz de Baranda",
    "province": "Madrid",
    "marker-symbol": "rail",
    "marker-size": "small",
    "marker-color": "#666666"
   }
  },
  {
   "type": "Feature",
   "geometry": {
    "type": "Point",
    "coordinates": [
     1.67797,
     41.55456
    ]
   },
   "properties": {
    "id": "EST-LAPOBLADECLARAMUNT",
    "name": "La Pobla de Claramunt",
    "province": "Barcelona",
    "marker-symbol": "rail",
    "marker-size": "small",
    "marker-color": "#666666"
   }
  },
  {
   "type": "Feature",
   "geometry": {
    "type": "Point",
    "coordinates": [
     -0.8825,
     41.64891
    ]
   },
   "properties": {
    "id": "EST-CARLOSV",
    "name": "Carlos V",
    "province": "Zaragoza",
    "marker-symbol": "rail",
    "marker-size": "small",
    "marker-color": "#666666"
   }
  },
  {
   "type": "Feature",
   "geometry": {
    "type": "Point",
    "coordinates": [
     -4.06759,
     43.26581
    ]
   },
   "properties": {
    "id": "EST-LOMBERA",
    "name": "Lombera",
    "province": "Cantabria",
    "marker-symbol": "rail",
    "marker-size": "small",
    "marker-color": "#666666"
   }
  },
  {
   "type": "Feature",
   "geometry": {
    "type": "Point",
    "coordinates": [
     -3.01438,
     40.90586
    ]
   },
   "properties": {
    "id": "EST-CARRASCOSADEHENARES",
    "name": "Carrascosa de Henares",
    "province": "Guadalajara",
    "marker-symbol": "rail",
    "marker-size": "small",
    "marker-color": "#666666"
   }
  },
  {
   "type": "Feature",
   "geometry": {
    "type": "Point",
    "coordinates": [
     -0.07676,
     39.95484
    ]
   },
   "properties": {
    "id": "EST-ALMASSORA",
    "name": "Almassora",
    "province": "Castellón",
    "marker-symbol": "rail",
    "marker-size": "small",
    "marker-color": "#666666"
   }
  },
  {
   "type": "Feature",
   "geometry": {
    "type": "Point",
    "coordinates": [
     -3.66632,
     42.37117
    ]
   },
   "properties": {
    "id": "EST-BURGOSROSADELIMA",
    "name": "Burgos-Rosa de Lima",
    "province": "Burgos",
    "marker-symbol": "rail",
    "marker-size": "small",
    "marker-color": "#666666"
   }
  },
  {
   "type": "Feature",
   "geometry": {
    "type": "Point",
    "coordinates": [
     -5.4608,
     36.17386
    ]
   },
   "properties": {
    "id": "EST-LOSBARRIOS",
    "name": "Los Barrios",
    "province": "Cádiz",
    "marker-symbol": "rail",
    "marker-size": "small",
    "marker-color": "#666666"
   }
  },
  {
   "type": "Feature",
   "geometry": {
    "type": "Point",
    "coordinates": [
     -3.3353,
     40.50544
    ]
   },
   "properties": {
    "id": "EST-ALCALADEHENARESUNIVERSIDAD",
    "name": "Alcalá de Henares Universidad",
    "province": "Madrid",
    "marker-symbol": "rail",
    "marker-size": "small",
    "marker-color": "#666666"
   }
  },
  {
   "type": "Feature",
   "geometry": {
    "type": "Point",
    "coordinates": [
     -3.94475,
     42.99152
    ]
   },
   "properties": {
    "id": "EST-ARIJA",
    "name": "Arija",
    "province": "Burgos",
    "marker-symbol": "rail",
    "marker-size": "small",
    "marker-color": "#666666"
   }
  },
  {
   "type": "Feature",
   "geometry": {
    "type": "Point",
    "coordinates": [
     -4.7272,
     41.64334
    ]
   },
   "properties": {
    "id": "EST-VALLADOLIDCAMPOGRANDE",
    "name": "Valladolid-Campo Grande",
    "province": "Valladolid",
    "marker-symbol": "rail",
    "marker-size": "small",
    "marker-color": "#666666"
   }
  },
  {
   "type": "Feature",
   "geometry": {
    "type": "Point",
    "coordinates": [
     -2.90564,
     43.24695
    ]
   },
   "properties": {
    "id": "EST-OTXARKOAGABOLUETA",
    "name": "Otxarkoaga-Bolueta",
    "province": "Bizkaia",
    "marker-symbol": "rail",
    "marker-size": "small",
    "marker-color": "#666666"
   }
  },
  {
   "type": "Feature",
   "geometry": {
    "type": "Point",
    "coordinates": [
     -5.63343,
     38.76423
    ]
   },
   "properties": {
    "id": "EST-CASTUERA",
    "name": "Castuera",
    "province": "Badajoz",
    "marker-symbol": "rail",
    "marker-size": "small",
    "marker-color": "#666666"
   }
  },
  {
   "type": "Feature",
   "geometry": {
    "type": "Point",
    "coordinates": [
     2.10248,
     41.35891
    ]
   },
   "properties": {
    "id": "EST-AVCARRILET",
    "name": "Av. Carrilet",
    "province": "Barcelona",
    "marker-symbol": "rail",
    "marker-size": "small",
    "marker-color": "#666666"
   }
  },
  {
   "type": "Feature",
   "geometry": {
    "type": "Point",
    "coordinates": [
     2.43625,
     41.52955
    ]
   },
   "properties": {
    "id": "EST-ELMARESME",
    "name": "El Maresme",
    "province": "Barcelona",
    "marker-symbol": "rail",
    "marker-size": "small",
    "marker-color": "#666666"
   }
  },
  {
   "type": "Feature",
   "geometry": {
    "type": "Point",
    "coordinates": [
     -5.6007,
     43.15211
    ]
   },
   "properties": {
    "id": "EST-LEVINCO",
    "name": "Levinco",
    "province": "Asturias",
    "marker-symbol": "rail",
    "marker-size": "small",
    "marker-color": "#666666"
   }
  },
  {
   "type": "Feature",
   "geometry": {
    "type": "Point",
    "coordinates": [
     -0.473,
     38.34906
    ]
   },
   "properties": {
    "id": "EST-SANGUETA",
    "name": "Sangueta",
    "province": "Alicante",
    "marker-symbol": "rail",
    "marker-size": "small",
    "marker-color": "#666666"
   }
  },
  {
   "type": "Feature",
   "geometry": {
    "type": "Point",
    "coordinates": [
     -0.21843,
     39.74876
    ]
   },
   "properties": {
    "id": "EST-ALMENARA",
    "name": "Almenara",
    "province": "Castellón",
    "marker-symbol": "rail",
    "marker-size": "small",
    "marker-color": "#666666"
   }
  },
  {
   "type": "Feature",
   "geometry": {
    "type": "Point",
    "coordinates": [
     2.07055,
     41.3573
    ]
   },
   "properties": {
    "id": "EST-CORNELLACENTRE",
    "name": "Cornellà Centre",
    "province": "Barcelona",
    "marker-symbol": "rail",
    "marker-size": "small",
    "marker-color": "#666666"
   }
  },
  {
   "type": "Feature",
   "geometry": {
    "type": "Point",
    "coordinates": [
     -2.69036,
     43.36796
    ]
   },
   "properties": {
    "id": "EST-SANKRISTOBALBUSTURIA",
    "name": "San Kristobal-Busturia",
    "province": "Bizkaia",
    "marker-symbol": "rail",
    "marker-size": "small",
    "marker-color": "#666666"
   }
  },
  {
   "type": "Feature",
   "geometry": {
    "type": "Point",
    "coordinates": [
     -1.28742,
     40.92637
    ]
   },
   "properties": {
    "id": "EST-CALAMOCHANUEVA",
    "name": "Calamocha Nueva",
    "province": "Teruel",
    "marker-symbol": "rail",
    "marker-size": "small",
    "marker-color": "#666666"
   }
  },
  {
   "type": "Feature",
   "geometry": {
    "type": "Point",
    "coordinates": [
     -1.13346,
     37.97658
    ]
   },
   "properties": {
    "id": "EST-MURCIADELCARMEN",
    "name": "Murcia del Carmen",
    "province": "Murcia",
    "marker-symbol": "rail",
    "marker-size": "small",
    "marker-color": "#666666"
   }
  },
  {
   "type": "Feature",
   "geometry": {
    "type": "Point",
    "coordinates": [
     -3.50174,
     38.51432
    ]
   },
   "properties": {
    "id": "EST-ALMURADIELVISODELMARQUES",
    "name": "Almuradiel-Viso del Marqués",
    "province": "Ciudad Real",
    "marker-symbol": "rail",
    "marker-size": "small",
    "marker-color": "#666666"
   }
  },
  {
   "type": "Feature",
   "geometry": {
    "type": "Point",
    "coordinates": [
     -4.49105,
     36.64341
    ]
   },
   "properties": {
    "id": "EST-TORREMOLINOS",
    "name": "Torremolinos",
    "province": "Málaga",
    "marker-symbol": "rail",
    "marker-size": "small",
    "marker-color": "#666666"
   }
  },
  {
   "type": "Feature",
   "geometry": {
    "type": "Point",
    "coordinates": [
     -6.12013,
     37.42084
    ]
   },
   "properties": {
    "id": "EST-SALTERAS",
    "name": "Salteras",
    "province": "Sevilla",
    "marker-symbol": "rail",
    "marker-size": "small",
    "marker-color": "#666666"
   }
  },
  {
   "type": "Feature",
   "geometry": {
    "type": "Point",
    "coordinates": [
     -3.6886,
     40.40697
    ]
   },
   "properties": {
    "id": "EST-ATOCHA",
    "name": "Atocha",
    "province": "Madrid",
    "marker-symbol": "rail",
    "marker-size": "small",
    "marker-color": "#666666"
   }
  },
  {
   "type": "Feature",
   "geometry": {
    "type": "Point",
    "coordinates": [
     -7.50314,
     42.52952
    ]
   },
   "properties": {
    "id": "EST-MONFORTEDELEMOS",
    "name": "Monforte de Lemos",
    "province": "Lugo",
    "marker-symbol": "rail",
    "marker-size": "small",
    "marker-color": "#666666"
   }
  },
  {
   "type": "Feature",
   "geometry": {
    "type": "Point",
    "coordinates": [
     -3.6762,
     40.4247
    ]
   },
   "properties": {
    "id": "EST-GOYA",
    "name": "Goya",
    "province": "Madrid",
    "marker-symbol": "rail",
    "marker-size": "small",
    "marker-color": "#666666"
   }
  },
  {
   "type": "Feature",
   "geometry": {
    "type": "Point",
    "coordinates": [
     -2.98689,
     43.2897
    ]
   },
   "properties": {
    "id": "EST-ANSIO",
    "name": "Ansio",
    "province": "Bizkaia",
    "marker-symbol": "rail",
    "marker-size": "small",
    "marker-color": "#666666"
   }
  },
  {
   "type": "Feature",
   "geometry": {
    "type": "Point",
    "coordinates": [
     -5.95657,
     43.5704
    ]
   },
   "properties": {
    "id": "EST-SALINAS",
    "name": "Salinas",
    "province": "Asturias",
    "marker-symbol": "rail",
    "marker-size": "small",
    "marker-color": "#666666"
   }
  },
  {
   "type": "Feature",
   "geometry": {
    "type": "Point",
    "coordinates": [
     -3.84041,
     43.42746
    ]
   },
   "properties": {
    "id": "EST-VALLEREAL",
    "name": "Valle Real",
    "province": "Cantabria",
    "marker-symbol": "rail",
    "marker-size": "small",
    "marker-color": "#666666"
   }
  },
  {
   "type": "Feature",
   "geometry": {
    "type": "Point",
    "coordinates": [
     -0.86795,
     38.63227
    ]
   },
   "properties": {
    "id": "EST-VILLENAAV",
    "name": "Villena AV",
    "province": "Alicante",
    "marker-symbol": "rail",
    "marker-size": "small",
    "marker-color": "#666666"
   }
  },
  {
   "type": "Feature",
   "geometry": {
    "type": "Point",
    "coordinates": [
     -1.57115,
     41.44406
    ]
   },
   "properties": {
    "id": "EST-SABINAN",
    "name": "Sabiñán",
    "province": "Zaragoza",
    "marker-symbol": "rail",
    "marker-size": "small",
    "marker-color": "#666666"
   }
  },
  {
   "type": "Feature",
   "geometry": {
    "type": "Point",
    "coordinates": [
     -5.62648,
     42.80399
    ]
   },
   "properties": {
    "id": "EST-LAROBLA",
    "name": "La Robla",
    "province": "León",
    "marker-symbol": "rail",
    "marker-size": "small",
    "marker-color": "#666666"
   }
  },
  {
   "type": "Feature",
   "geometry": {
    "type": "Point",
    "coordinates": [
     1.96779,
     41.47328
    ]
   },
   "properties": {
    "id": "EST-CASTELLBISBAL",
    "name": "Castellbisbal",
    "province": "Barcelona",
    "marker-symbol": "rail",
    "marker-size": "small",
    "marker-color": "#666666"
   }
  },
  {
   "type": "Feature",
   "geometry": {
    "type": "Point",
    "coordinates": [
     -5.54565,
     39.89496
    ]
   },
   "properties": {
    "id": "EST-NAVALMORALDELAMATA",
    "name": "Navalmoral de la Mata",
    "province": "Cáceres",
    "marker-symbol": "rail",
    "marker-size": "small",
    "marker-color": "#666666"
   }
  },
  {
   "type": "Feature",
   "geometry": {
    "type": "Point",
    "coordinates": [
     -4.6994,
     36.81971
    ]
   },
   "properties": {
    "id": "EST-ALORA",
    "name": "Álora",
    "province": "Málaga",
    "marker-symbol": "rail",
    "marker-size": "small",
    "marker-color": "#666666"
   }
  },
  {
   "type": "Feature",
   "geometry": {
    "type": "Point",
    "coordinates": [
     -3.12,
     43.21
    ]
   },
   "properties": {
    "id": "EST-LANESTOSA",
    "name": "Lanestosa",
    "province": "Bizkaia",
    "marker-symbol": "rail",
    "marker-size": "small",
    "marker-color": "#666666"
   }
  },
  {
   "type": "Feature",
   "geometry": {
    "type": "Point",
    "coordinates": [
     -1.74814,
     42.18661
    ]
   },
   "properties": {
    "id": "EST-ALFARO",
    "name": "Alfaro",
    "province": "La Rioja",
    "marker-symbol": "rail",
    "marker-size": "small",
    "marker-color": "#666666"
   }
  },
  {
   "type": "Feature",
   "geometry": {
    "type": "Point",
    "coordinates": [
     -0.32495,
     41.28707
    ]
   },
   "properties": {
    "id": "EST-ESCATRON",
    "name": "Escatrón",
    "province": "Zaragoza",
    "marker-symbol": "rail",
    "marker-size": "small",
    "marker-color": "#666666"
   }
  },
  {
   "type": "Feature",
   "geometry": {
    "type": "Point",
    "coordinates": [
     0.44929,
     40.59592
    ]
   },
   "properties": {
    "id": "EST-ULLDECONAALCANARLASENIA",
    "name": "Ulldecona-Alcanar-La Sénia",
    "province": "Tarragona",
    "marker-symbol": "rail",
    "marker-size": "small",
    "marker-color": "#666666"
   }
  },
  {
   "type": "Feature",
   "geometry": {
    "type": "Point",
    "coordinates": [
     2.17407,
     41.41608
    ]
   },
   "properties": {
    "id": "EST-GUINARDOHOSPITALDESANTPAU",
    "name": "Guinardó | Hospital de Sant Pau",
    "province": "Barcelona",
    "marker-symbol": "rail",
    "marker-size": "small",
    "marker-color": "#666666"
   }
  },
  {
   "type": "Feature",
   "geometry": {
    "type": "Point",
    "coordinates": [
     2.17336,
     41.43701
    ]
   },
   "properties": {
    "id": "EST-LLUCMAJOR",
    "name": "Llucmajor",
    "province": "Barcelona",
    "marker-symbol": "rail",
    "marker-size": "small",
    "marker-color": "#666666"
   }
  },
  {
   "type": "Feature",
   "geometry": {
    "type": "Point",
    "coordinates": [
     -0.46374,
     39.46096
    ]
   },
   "properties": {
    "id": "EST-ALDAIA",
    "name": "Aldaia",
    "province": "Valencia",
    "marker-symbol": "rail",
    "marker-size": "small",
    "marker-color": "#666666"
   }
  },
  {
   "type": "Feature",
   "geometry": {
    "type": "Point",
    "coordinates": [
     2.16538,
     41.39254
    ]
   },
   "properties": {
    "id": "EST-BARCELONAPASSEIGDEGRACIA",
    "name": "Barcelona-Passeig de Gràcia",
    "province": "Barcelona",
    "marker-symbol": "rail",
    "marker-size": "small",
    "marker-color": "#666666"
   }
  },
  {
   "type": "Feature",
   "geometry": {
    "type": "Point",
    "coordinates": [
     -0.48483,
     38.34816
    ]
   },
   "properties": {
    "id": "EST-MERCADO",
    "name": "Mercado",
    "province": "Alicante",
    "marker-symbol": "rail",
    "marker-size": "small",
    "marker-color": "#666666"
   }
  },
  {
   "type": "Feature",
   "geometry": {
    "type": "Point",
    "coordinates": [
     -1.16585,
     41.74526
    ]
   },
   "properties": {
    "id": "EST-GRISEN",
    "name": "Grisén",
    "province": "Zaragoza",
    "marker-symbol": "rail",
    "marker-size": "small",
    "marker-color": "#666666"
   }
  },
  {
   "type": "Feature",
   "geometry": {
    "type": "Point",
    "coordinates": [
     -4.80147,
     41.4219
    ]
   },
   "properties": {
    "id": "EST-MATAPOZUELOS",
    "name": "Matapozuelos",
    "province": "Valladolid",
    "marker-symbol": "rail",
    "marker-size": "small",
    "marker-color": "#666666"
   }
  },
  {
   "type": "Feature",
   "geometry": {
    "type": "Point",
    "coordinates": [
     -3.60355,
     40.40399
    ]
   },
   "properties": {
    "id": "EST-SANCIPRIANO",
    "name": "San Cipriano",
    "province": "Madrid",
    "marker-symbol": "rail",
    "marker-size": "small",
    "marker-color": "#666666"
   }
  },
  {
   "type": "Feature",
   "geometry": {
    "type": "Point",
    "coordinates": [
     1.85477,
     41.64054
    ]
   },
   "properties": {
    "id": "EST-CASTELLBELLIEVILAR",
    "name": "Castellbell i el Vilar",
    "province": "Barcelona",
    "marker-symbol": "rail",
    "marker-size": "small",
    "marker-color": "#666666"
   }
  },
  {
   "type": "Feature",
   "geometry": {
    "type": "Point",
    "coordinates": [
     -3.83199,
     40.34994
    ]
   },
   "properties": {
    "id": "EST-ALCORCONCENTRAL",
    "name": "Alcorcón Central",
    "province": "Madrid",
    "marker-symbol": "rail",
    "marker-size": "small",
    "marker-color": "#666666"
   }
  },
  {
   "type": "Feature",
   "geometry": {
    "type": "Point",
    "coordinates": [
     -1.95487,
     43.31423
    ]
   },
   "properties": {
    "id": "EST-INTXAURRONDODONOSTIA",
    "name": "Intxaurrondo-Donostia",
    "province": "Gipuzkoa",
    "marker-symbol": "rail",
    "marker-size": "small",
    "marker-color": "#666666"
   }
  },
  {
   "type": "Feature",
   "geometry": {
    "type": "Point",
    "coordinates": [
     2.09976,
     41.37174
    ]
   },
   "properties": {
    "id": "EST-CANVIDALET",
    "name": "Can Vidalet",
    "province": "Barcelona",
    "marker-symbol": "rail",
    "marker-size": "small",
    "marker-color": "#666666"
   }
  },
  {
   "type": "Feature",
   "geometry": {
    "type": "Point",
    "coordinates": [
     -5.8,
     43.57
    ]
   },
   "properties": {
    "id": "EST-XIVARES",
    "name": "Xivares",
    "province": "Asturias",
    "marker-symbol": "rail",
    "marker-size": "small",
    "marker-color": "#666666"
   }
  },
  {
   "type": "Feature",
   "geometry": {
    "type": "Point",
    "coordinates": [
     -0.99748,
     41.54009
    ]
   },
   "properties": {
    "id": "EST-MARIADEHUERVA",
    "name": "María de Huerva",
    "province": "Zaragoza",
    "marker-symbol": "rail",
    "marker-size": "small",
    "marker-color": "#666666"
   }
  },
  {
   "type": "Feature",
   "geometry": {
    "type": "Point",
    "coordinates": [
     2.15002,
     41.40616
    ]
   },
   "properties": {
    "id": "EST-LESSEPS",
    "name": "Lesseps",
    "province": "Barcelona",
    "marker-symbol": "rail",
    "marker-size": "small",
    "marker-color": "#666666"
   }
  },
  {
   "type": "Feature",
   "geometry": {
    "type": "Point",
    "coordinates": [
     2.17311,
     41.46234
    ]
   },
   "properties": {
    "id": "EST-CANCUIAS",
    "name": "Can Cuiàs",
    "province": "Barcelona",
    "marker-symbol": "rail",
    "marker-size": "small",
    "marker-color": "#666666"
   }
  },
  {
   "type": "Feature",
   "geometry": {
    "type": "Point",
    "coordinates": [
     2.16559,
     42.35138
    ]
   },
   "properties": {
    "id": "EST-QUERALBS",
    "name": "Queralbs",
    "province": "Girona",
    "marker-symbol": "rail",
    "marker-size": "small",
    "marker-color": "#666666"
   }
  },
  {
   "type": "Feature",
   "geometry": {
    "type": "Point",
    "coordinates": [
     -3.60903,
     37.18641
    ]
   },
   "properties": {
    "id": "EST-CALETA",
    "name": "Caleta",
    "province": "Granada",
    "marker-symbol": "rail",
    "marker-size": "small",
    "marker-color": "#666666"
   }
  },
  {
   "type": "Feature",
   "geometry": {
    "type": "Point",
    "coordinates": [
     2.21754,
     41.53347
    ]
   },
   "properties": {
    "id": "EST-MOLLETSANTFOST",
    "name": "Mollet-Sant Fost",
    "province": "Barcelona",
    "marker-symbol": "rail",
    "marker-size": "small",
    "marker-color": "#666666"
   }
  },
  {
   "type": "Feature",
   "geometry": {
    "type": "Point",
    "coordinates": [
     -3.81489,
     43.39727
    ]
   },
   "properties": {
    "id": "EST-LACANTABRICA",
    "name": "La Cantábrica",
    "province": "Cantabria",
    "marker-symbol": "rail",
    "marker-size": "small",
    "marker-color": "#666666"
   }
  },
  {
   "type": "Feature",
   "geometry": {
    "type": "Point",
    "coordinates": [
     -3.773,
     40.237
    ]
   },
   "properties": {
    "id": "EST-VENUS",
    "name": "Venus",
    "province": "Madrid",
    "marker-symbol": "rail",
    "marker-size": "small",
    "marker-color": "#666666"
   }
  },
  {
   "type": "Feature",
   "geometry": {
    "type": "Point",
    "coordinates": [
     -3.5942,
     40.45338
    ]
   },
   "properties": {
    "id": "EST-ELCAPRICHO",
    "name": "El Capricho",
    "province": "Madrid",
    "marker-symbol": "rail",
    "marker-size": "small",
    "marker-color": "#666666"
   }
  },
  {
   "type": "Feature",
   "geometry": {
    "type": "Point",
    "coordinates": [
     -6.41217,
     38.05033
    ]
   },
   "properties": {
    "id": "EST-MEDINADELASTORRES",
    "name": "Medina de las Torres",
    "province": "Badajoz",
    "marker-symbol": "rail",
    "marker-size": "small",
    "marker-color": "#666666"
   }
  },
  {
   "type": "Feature",
   "geometry": {
    "type": "Point",
    "coordinates": [
     -4.92968,
     42.76528
    ]
   },
   "properties": {
    "id": "EST-VALCUENDE",
    "name": "Valcuende",
    "province": "León",
    "marker-symbol": "rail",
    "marker-size": "small",
    "marker-color": "#666666"
   }
  },
  {
   "type": "Feature",
   "geometry": {
    "type": "Point",
    "coordinates": [
     1.82663,
     41.72026
    ]
   },
   "properties": {
    "id": "EST-MANRESABAIXADOR",
    "name": "Manresa Baixador",
    "province": "Barcelona",
    "marker-symbol": "rail",
    "marker-size": "small",
    "marker-color": "#666666"
   }
  },
  {
   "type": "Feature",
   "geometry": {
    "type": "Point",
    "coordinates": [
     -6.91977,
     37.58618
    ]
   },
   "properties": {
    "id": "EST-LOSMILANOS",
    "name": "Los Milanos",
    "province": "Huelva",
    "marker-symbol": "rail",
    "marker-size": "small",
    "marker-color": "#666666"
   }
  },
  {
   "type": "Feature",
   "geometry": {
    "type": "Point",
    "coordinates": [
     -1.78529,
     41.32438
    ]
   },
   "properties": {
    "id": "EST-ATECA",
    "name": "Ateca",
    "province": "Zaragoza",
    "marker-symbol": "rail",
    "marker-size": "small",
    "marker-color": "#666666"
   }
  },
  {
   "type": "Feature",
   "geometry": {
    "type": "Point",
    "coordinates": [
     -0.43218,
     39.46257
    ]
   },
   "properties": {
    "id": "EST-XIRIVELLAALQUERIES",
    "name": "Xirivella-Alqueries",
    "province": "Valencia",
    "marker-symbol": "rail",
    "marker-size": "small",
    "marker-color": "#666666"
   }
  },
  {
   "type": "Feature",
   "geometry": {
    "type": "Point",
    "coordinates": [
     -4.06397,
     43.25507
    ]
   },
   "properties": {
    "id": "EST-LOSCORRALESDEBUELNA",
    "name": "Los Corrales de Buelna",
    "province": "Cantabria",
    "marker-symbol": "rail",
    "marker-size": "small",
    "marker-color": "#666666"
   }
  },
  {
   "type": "Feature",
   "geometry": {
    "type": "Point",
    "coordinates": [
     -5.79024,
     37.18334
    ]
   },
   "properties": {
    "id": "EST-UTRERA",
    "name": "Utrera",
    "province": "Sevilla",
    "marker-symbol": "rail",
    "marker-size": "small",
    "marker-color": "#666666"
   }
  },
  {
   "type": "Feature",
   "geometry": {
    "type": "Point",
    "coordinates": [
     -6.28062,
     36.52139
    ]
   },
   "properties": {
    "id": "EST-SANSEVERIANO",
    "name": "San Severiano",
    "province": "Cádiz",
    "marker-symbol": "rail",
    "marker-size": "small",
    "marker-color": "#666666"
   }
  },
  {
   "type": "Feature",
   "geometry": {
    "type": "Point",
    "coordinates": [
     2.2491,
     41.44571
    ]
   },
   "properties": {
    "id": "EST-BADALONA",
    "name": "Badalona",
    "province": "Barcelona",
    "marker-symbol": "rail",
    "marker-size": "small",
    "marker-color": "#666666"
   }
  },
  {
   "type": "Feature",
   "geometry": {
    "type": "Point",
    "coordinates": [
     -2.16253,
     43.06837
    ]
   },
   "properties": {
    "id": "EST-ITSASONDO",
    "name": "Itsasondo",
    "province": "Gipuzkoa",
    "marker-symbol": "rail",
    "marker-size": "small",
    "marker-color": "#666666"
   }
  },
  {
   "type": "Feature",
   "geometry": {
    "type": "Point",
    "coordinates": [
     2.13716,
     41.40966
    ]
   },
   "properties": {
    "id": "EST-AVINGUDATIBIDABO",
    "name": "Avinguda Tibidabo",
    "province": "Barcelona",
    "marker-symbol": "rail",
    "marker-size": "small",
    "marker-color": "#666666"
   }
  },
  {
   "type": "Feature",
   "geometry": {
    "type": "Point",
    "coordinates": [
     -2.99953,
     43.09354
    ]
   },
   "properties": {
    "id": "EST-LUIAONDO",
    "name": "Luiaondo",
    "province": "Álava",
    "marker-symbol": "rail",
    "marker-size": "small",
    "marker-color": "#666666"
   }
  },
  {
   "type": "Feature",
   "geometry": {
    "type": "Point",
    "coordinates": [
     -2.6793,
     42.8435
    ]
   },
   "properties": {
    "id": "EST-IBAIONDO",
    "name": "Ibaiondo",
    "province": "Álava",
    "marker-symbol": "rail",
    "marker-size": "small",
    "marker-color": "#666666"
   }
  },
  {
   "type": "Feature",
   "geometry": {
    "type": "Point",
    "coordinates": [
     2.16546,
     42.29919
    ]
   },
   "properties": {
    "id": "EST-RIBESDEFRESER",
    "name": "Ribes de Freser",
    "province": "Girona",
    "marker-symbol": "rail",
    "marker-size": "small",
    "marker-color": "#666666"
   }
  },
  {
   "type": "Feature",
   "geometry": {
    "type": "Point",
    "coordinates": [
     2.07286,
     41.48129
    ]
   },
   "properties": {
    "id": "EST-VOLPELLERES",
    "name": "Volpelleres",
    "province": "Barcelona",
    "marker-symbol": "rail",
    "marker-size": "small",
    "marker-color": "#666666"
   }
  },
  {
   "type": "Feature",
   "geometry": {
    "type": "Point",
    "coordinates": [
     -3.708,
     40.379
    ]
   },
   "properties": {
    "id": "EST-PRADOLONGO",
    "name": "Pradolongo",
    "province": "Madrid",
    "marker-symbol": "rail",
    "marker-size": "small",
    "marker-color": "#666666"
   }
  },
  {
   "type": "Feature",
   "geometry": {
    "type": "Point",
    "coordinates": [
     -3.72536,
     40.39253
    ]
   },
   "properties": {
    "id": "EST-URGEL",
    "name": "Urgel",
    "province": "Madrid",
    "marker-symbol": "rail",
    "marker-size": "small",
    "marker-color": "#666666"
   }
  },
  {
   "type": "Feature",
   "geometry": {
    "type": "Point",
    "coordinates": [
     -1.36081,
     41.5287
    ]
   },
   "properties": {
    "id": "EST-CALATORAO",
    "name": "Calatorao",
    "province": "Zaragoza",
    "marker-symbol": "rail",
    "marker-size": "small",
    "marker-color": "#666666"
   }
  },
  {
   "type": "Feature",
   "geometry": {
    "type": "Point",
    "coordinates": [
     2.1311,
     41.41646
    ]
   },
   "properties": {
    "id": "EST-DOCTORANDREUFUNICULARDELTIBIDABO",
    "name": "Doctor Andreu -Funicular del Tibidabo",
    "province": "Barcelona",
    "marker-symbol": "rail",
    "marker-size": "small",
    "marker-color": "#666666"
   }
  },
  {
   "type": "Feature",
   "geometry": {
    "type": "Point",
    "coordinates": [
     -1.02049,
     41.72273
    ]
   },
   "properties": {
    "id": "EST-CASETAS",
    "name": "Casetas",
    "province": "Zaragoza",
    "marker-symbol": "rail",
    "marker-size": "small",
    "marker-color": "#666666"
   }
  },
  {
   "type": "Feature",
   "geometry": {
    "type": "Point",
    "coordinates": [
     -16.30921,
     28.47634
    ]
   },
   "properties": {
    "id": "EST-MUSEODELACIENCIA",
    "name": "Museo de la Ciencia",
    "province": "Santa Cruz de Tenerife",
    "marker-symbol": "rail",
    "marker-size": "small",
    "marker-color": "#666666"
   }
  },
  {
   "type": "Feature",
   "geometry": {
    "type": "Point",
    "coordinates": [
     -6.35223,
     38.56447
    ]
   },
   "properties": {
    "id": "EST-VILLAFRANCADELOSBARROS",
    "name": "Villafranca de los Barros",
    "province": "Badajoz",
    "marker-symbol": "rail",
    "marker-size": "small",
    "marker-color": "#666666"
   }
  },
  {
   "type": "Feature",
   "geometry": {
    "type": "Point",
    "coordinates": [
     -0.7063,
     38.26904
    ]
   },
   "properties": {
    "id": "EST-ELCHECARRUS",
    "name": "Elche-Carrús",
    "province": "Alicante",
    "marker-symbol": "rail",
    "marker-size": "small",
    "marker-color": "#666666"
   }
  },
  {
   "type": "Feature",
   "geometry": {
    "type": "Point",
    "coordinates": [
     2.49837,
     41.5554
    ]
   },
   "properties": {
    "id": "EST-STANDREUDELLAVANERES",
    "name": "Sant Andreu de Llavaneres",
    "province": "Barcelona",
    "marker-symbol": "rail",
    "marker-size": "small",
    "marker-color": "#666666"
   }
  },
  {
   "type": "Feature",
   "geometry": {
    "type": "Point",
    "coordinates": [
     -6.47721,
     38.91537
    ]
   },
   "properties": {
    "id": "EST-GARROVILLALASVEGAS",
    "name": "Garrovilla-Las Vegas",
    "province": "Badajoz",
    "marker-symbol": "rail",
    "marker-size": "small",
    "marker-color": "#666666"
   }
  },
  {
   "type": "Feature",
   "geometry": {
    "type": "Point",
    "coordinates": [
     -16.29267,
     28.45759
    ]
   },
   "properties": {
    "id": "EST-HOSPITALUNIVERSITARIO",
    "name": "Hospital Universitario",
    "province": "Santa Cruz de Tenerife",
    "marker-symbol": "rail",
    "marker-size": "small",
    "marker-color": "#666666"
   }
  },
  {
   "type": "Feature",
   "geometry": {
    "type": "Point",
    "coordinates": [
     -1.13473,
     39.52175
    ]
   },
   "properties": {
    "id": "EST-UTIEL",
    "name": "Utiel",
    "province": "Valencia",
    "marker-symbol": "rail",
    "marker-size": "small",
    "marker-color": "#666666"
   }
  },
  {
   "type": "Feature",
   "geometry": {
    "type": "Point",
    "coordinates": [
     -1.10557,
     38.86765
    ]
   },
   "properties": {
    "id": "EST-ALMANSA",
    "name": "Almansa",
    "province": "Albacete",
    "marker-symbol": "rail",
    "marker-size": "small",
    "marker-color": "#666666"
   }
  },
  {
   "type": "Feature",
   "geometry": {
    "type": "Point",
    "coordinates": [
     2.17552,
     41.39482
    ]
   },
   "properties": {
    "id": "EST-TETUAN",
    "name": "Tetuan",
    "province": "Barcelona",
    "marker-symbol": "rail",
    "marker-size": "small",
    "marker-color": "#666666"
   }
  },
  {
   "type": "Feature",
   "geometry": {
    "type": "Point",
    "coordinates": [
     2.16551,
     41.4121
    ]
   },
   "properties": {
    "id": "EST-ALFONSX",
    "name": "Alfons X",
    "province": "Barcelona",
    "marker-symbol": "rail",
    "marker-size": "small",
    "marker-color": "#666666"
   }
  },
  {
   "type": "Feature",
   "geometry": {
    "type": "Point",
    "coordinates": [
     -3.02537,
     43.32197
    ]
   },
   "properties": {
    "id": "EST-PENOTA",
    "name": "Peñota",
    "province": "Bizkaia",
    "marker-symbol": "rail",
    "marker-size": "small",
    "marker-color": "#666666"
   }
  },
  {
   "type": "Feature",
   "geometry": {
    "type": "Point",
    "coordinates": [
     -3.64417,
     40.43503
    ]
   },
   "properties": {
    "id": "EST-PUEBLONUEVO",
    "name": "Pueblo Nuevo",
    "province": "Madrid",
    "marker-symbol": "rail",
    "marker-size": "small",
    "marker-color": "#666666"
   }
  },
  {
   "type": "Feature",
   "geometry": {
    "type": "Point",
    "coordinates": [
     -1.34728,
     37.88705
    ]
   },
   "properties": {
    "id": "EST-LIBRILLA",
    "name": "Librilla",
    "province": "Murcia",
    "marker-symbol": "rail",
    "marker-size": "small",
    "marker-color": "#666666"
   }
  },
  {
   "type": "Feature",
   "geometry": {
    "type": "Point",
    "coordinates": [
     -5.53796,
     42.68227
    ]
   },
   "properties": {
    "id": "EST-SANFELIZ",
    "name": "San Feliz",
    "province": "León",
    "marker-symbol": "rail",
    "marker-size": "small",
    "marker-color": "#666666"
   }
  },
  {
   "type": "Feature",
   "geometry": {
    "type": "Point",
    "coordinates": [
     2.10094,
     41.36424
    ]
   },
   "properties": {
    "id": "EST-LHOSPITALETDELLOBREGAT",
    "name": "L'Hospitalet de Llobregat",
    "province": "Barcelona",
    "marker-symbol": "rail",
    "marker-size": "small",
    "marker-color": "#666666"
   }
  },
  {
   "type": "Feature",
   "geometry": {
    "type": "Point",
    "coordinates": [
     -5.73978,
     41.516
    ]
   },
   "properties": {
    "id": "EST-ZAMORA",
    "name": "Zamora",
    "province": "Zamora",
    "marker-symbol": "rail",
    "marker-size": "small",
    "marker-color": "#666666"
   }
  },
  {
   "type": "Feature",
   "geometry": {
    "type": "Point",
    "coordinates": [
     -3.44142,
     40.46386
    ]
   },
   "properties": {
    "id": "EST-SOTODELHENARES",
    "name": "Soto del Henares",
    "province": "Madrid",
    "marker-symbol": "rail",
    "marker-size": "small",
    "marker-color": "#666666"
   }
  },
  {
   "type": "Feature",
   "geometry": {
    "type": "Point",
    "coordinates": [
     -5.9364,
     37.40368
    ]
   },
   "properties": {
    "id": "EST-PALACIODECONGRESOS",
    "name": "Palacio de Congresos",
    "province": "Sevilla",
    "marker-symbol": "rail",
    "marker-size": "small",
    "marker-color": "#666666"
   }
  },
  {
   "type": "Feature",
   "geometry": {
    "type": "Point",
    "coordinates": [
     -1.32133,
     41.86709
    ]
   },
   "properties": {
    "id": "EST-GALLUR",
    "name": "Gallur",
    "province": "Zaragoza",
    "marker-symbol": "rail",
    "marker-size": "small",
    "marker-color": "#666666"
   }
  },
  {
   "type": "Feature",
   "geometry": {
    "type": "Point",
    "coordinates": [
     2.12861,
     41.3688
    ]
   },
   "properties": {
    "id": "EST-SANTAEULALIA",
    "name": "Santa Eulàlia",
    "province": "Barcelona",
    "marker-symbol": "rail",
    "marker-size": "small",
    "marker-color": "#666666"
   }
  },
  {
   "type": "Feature",
   "geometry": {
    "type": "Point",
    "coordinates": [
     -6.59867,
     38.91358
    ]
   },
   "properties": {
    "id": "EST-MONTIJO",
    "name": "Montijo",
    "province": "Badajoz",
    "marker-symbol": "rail",
    "marker-size": "small",
    "marker-color": "#666666"
   }
  },
  {
   "type": "Feature",
   "geometry": {
    "type": "Point",
    "coordinates": [
     2.56869,
     41.72649
    ]
   },
   "properties": {
    "id": "EST-RIELLSIVIABREABREDA",
    "name": "Riells i Viabrea-Breda",
    "province": "Girona",
    "marker-symbol": "rail",
    "marker-size": "small",
    "marker-color": "#666666"
   }
  },
  {
   "type": "Feature",
   "geometry": {
    "type": "Point",
    "coordinates": [
     -3.62441,
     37.20152
    ]
   },
   "properties": {
    "id": "EST-CERRILLOMARACENA",
    "name": "Cerrillo Maracena",
    "province": "Granada",
    "marker-symbol": "rail",
    "marker-size": "small",
    "marker-color": "#666666"
   }
  },
  {
   "type": "Feature",
   "geometry": {
    "type": "Point",
    "coordinates": [
     -6.42221,
     42.60954
    ]
   },
   "properties": {
    "id": "EST-BEMBIBRE",
    "name": "Bembibre",
    "province": "León",
    "marker-symbol": "rail",
    "marker-size": "small",
    "marker-color": "#666666"
   }
  },
  {
   "type": "Feature",
   "geometry": {
    "type": "Point",
    "coordinates": [
     -0.40687,
     39.47076
    ]
   },
   "properties": {
    "id": "EST-NOUDOCTUBRE",
    "name": "Nou d'Octubre",
    "province": "Valencia",
    "marker-symbol": "rail",
    "marker-size": "small",
    "marker-color": "#666666"
   }
  },
  {
   "type": "Feature",
   "geometry": {
    "type": "Point",
    "coordinates": [
     -3.65212,
     40.47473
    ]
   },
   "properties": {
    "id": "EST-HORTALEZA",
    "name": "Hortaleza",
    "province": "Madrid",
    "marker-symbol": "rail",
    "marker-size": "small",
    "marker-color": "#666666"
   }
  },
  {
   "type": "Feature",
   "geometry": {
    "type": "Point",
    "coordinates": [
     -5.62641,
     42.80399
    ]
   },
   "properties": {
    "id": "EST-ALCEDO",
    "name": "Alcedo",
    "province": "León",
    "marker-symbol": "rail",
    "marker-size": "small",
    "marker-color": "#666666"
   }
  },
  {
   "type": "Feature",
   "geometry": {
    "type": "Point",
    "coordinates": [
     -5.87287,
     43.32913
    ]
   },
   "properties": {
    "id": "EST-ELCALEYO",
    "name": "El Caleyo",
    "province": "Asturias",
    "marker-symbol": "rail",
    "marker-size": "small",
    "marker-color": "#666666"
   }
  },
  {
   "type": "Feature",
   "geometry": {
    "type": "Point",
    "coordinates": [
     -4.08421,
     43.05823
    ]
   },
   "properties": {
    "id": "EST-LANTUENOSANTIURDE",
    "name": "Lantueno-Santiurde",
    "province": "Cantabria",
    "marker-symbol": "rail",
    "marker-size": "small",
    "marker-color": "#666666"
   }
  },
  {
   "type": "Feature",
   "geometry": {
    "type": "Point",
    "coordinates": [
     -2.85419,
     43.22878
    ]
   },
   "properties": {
    "id": "EST-ZUHATZUGALDAKAO",
    "name": "Zuhatzu-Galdakao",
    "province": "Bizkaia",
    "marker-symbol": "rail",
    "marker-size": "small",
    "marker-color": "#666666"
   }
  },
  {
   "type": "Feature",
   "geometry": {
    "type": "Point",
    "coordinates": [
     -5.80007,
     43.4742
    ]
   },
   "properties": {
    "id": "EST-VILLABONATABLADIELLO",
    "name": "Villabona-Tabladiello",
    "province": "Asturias",
    "marker-symbol": "rail",
    "marker-size": "small",
    "marker-color": "#666666"
   }
  },
  {
   "type": "Feature",
   "geometry": {
    "type": "Point",
    "coordinates": [
     1.70339,
     41.34462
    ]
   },
   "properties": {
    "id": "EST-VILAFRANCADELPENEDES",
    "name": "Vilafranca del Penedès",
    "province": "Barcelona",
    "marker-symbol": "rail",
    "marker-size": "small",
    "marker-color": "#666666"
   }
  },
  {
   "type": "Feature",
   "geometry": {
    "type": "Point",
    "coordinates": [
     -6.217,
     36.6042
    ]
   },
   "properties": {
    "id": "EST-ELPUERTODESANTAMARIA",
    "name": "El Puerto de Santa María",
    "province": "Cádiz",
    "marker-symbol": "rail",
    "marker-size": "small",
    "marker-color": "#666666"
   }
  },
  {
   "type": "Feature",
   "geometry": {
    "type": "Point",
    "coordinates": [
     -5.63102,
     43.33826
    ]
   },
   "properties": {
    "id": "EST-CURUXONA",
    "name": "Curuxona",
    "province": "Asturias",
    "marker-symbol": "rail",
    "marker-size": "small",
    "marker-color": "#666666"
   }
  },
  {
   "type": "Feature",
   "geometry": {
    "type": "Point",
    "coordinates": [
     2.15511,
     41.4244
    ]
   },
   "properties": {
    "id": "EST-ELCARMEL",
    "name": "El Carmel",
    "province": "Barcelona",
    "marker-symbol": "rail",
    "marker-size": "small",
    "marker-color": "#666666"
   }
  },
  {
   "type": "Feature",
   "geometry": {
    "type": "Point",
    "coordinates": [
     -3.70941,
     40.41798
    ]
   },
   "properties": {
    "id": "EST-OPERA",
    "name": "Ópera",
    "province": "Madrid",
    "marker-symbol": "rail",
    "marker-size": "small",
    "marker-color": "#666666"
   }
  },
  {
   "type": "Feature",
   "geometry": {
    "type": "Point",
    "coordinates": [
     -3.69909,
     40.41229
    ]
   },
   "properties": {
    "id": "EST-ANTONMARTIN",
    "name": "Antón Martín",
    "province": "Madrid",
    "marker-symbol": "rail",
    "marker-size": "small",
    "marker-color": "#666666"
   }
  },
  {
   "type": "Feature",
   "geometry": {
    "type": "Point",
    "coordinates": [
     -6.87388,
     37.78718
    ]
   },
   "properties": {
    "id": "EST-VALDELAMUSA",
    "name": "Valdelamusa",
    "province": "Huelva",
    "marker-symbol": "rail",
    "marker-size": "small",
    "marker-color": "#666666"
   }
  },
  {
   "type": "Feature",
   "geometry": {
    "type": "Point",
    "coordinates": [
     2.15054,
     41.38816
    ]
   },
   "properties": {
    "id": "EST-HOSPITALCLINIC",
    "name": "Hospital Clínic",
    "province": "Barcelona",
    "marker-symbol": "rail",
    "marker-size": "small",
    "marker-color": "#666666"
   }
  },
  {
   "type": "Feature",
   "geometry": {
    "type": "Point",
    "coordinates": [
     -0.40985,
     42.13275
    ]
   },
   "properties": {
    "id": "EST-HUESCA",
    "name": "Huesca",
    "province": "Huesca",
    "marker-symbol": "rail",
    "marker-size": "small",
    "marker-color": "#666666"
   }
  },
  {
   "type": "Feature",
   "geometry": {
    "type": "Point",
    "coordinates": [
     2.18702,
     41.42262
    ]
   },
   "properties": {
    "id": "EST-LASAGRERA",
    "name": "La Sagrera",
    "province": "Barcelona",
    "marker-symbol": "rail",
    "marker-size": "small",
    "marker-color": "#666666"
   }
  },
  {
   "type": "Feature",
   "geometry": {
    "type": "Point",
    "coordinates": [
     2.22195,
     41.42265
    ]
   },
   "properties": {
    "id": "EST-LACATALANA",
    "name": "La Catalana",
    "province": "Barcelona",
    "marker-symbol": "rail",
    "marker-size": "small",
    "marker-color": "#666666"
   }
  },
  {
   "type": "Feature",
   "geometry": {
    "type": "Point",
    "coordinates": [
     -1.26171,
     40.93708
    ]
   },
   "properties": {
    "id": "EST-NAVARRETE",
    "name": "Navarrete",
    "province": "Teruel",
    "marker-symbol": "rail",
    "marker-size": "small",
    "marker-color": "#666666"
   }
  },
  {
   "type": "Feature",
   "geometry": {
    "type": "Point",
    "coordinates": [
     -2.9915,
     43.37567
    ]
   },
   "properties": {
    "id": "EST-LARRABASTERRA",
    "name": "Larrabasterra",
    "province": "Bizkaia",
    "marker-symbol": "rail",
    "marker-size": "small",
    "marker-color": "#666666"
   }
  },
  {
   "type": "Feature",
   "geometry": {
    "type": "Point",
    "coordinates": [
     -1.80058,
     43.33921
    ]
   },
   "properties": {
    "id": "EST-FICOBAIRUN",
    "name": "Ficoba-Irun",
    "province": "Gipuzkoa",
    "marker-symbol": "rail",
    "marker-size": "small",
    "marker-color": "#666666"
   }
  },
  {
   "type": "Feature",
   "geometry": {
    "type": "Point",
    "coordinates": [
     2.13017,
     41.36116
    ]
   },
   "properties": {
    "id": "EST-ILDEFONSCERDA",
    "name": "Ildefons Cerdà",
    "province": "Barcelona",
    "marker-symbol": "rail",
    "marker-size": "small",
    "marker-color": "#666666"
   }
  },
  {
   "type": "Feature",
   "geometry": {
    "type": "Point",
    "coordinates": [
     -5.69277,
     43.30481
    ]
   },
   "properties": {
    "id": "EST-LAFELGUERA",
    "name": "La Felguera",
    "province": "Asturias",
    "marker-symbol": "rail",
    "marker-size": "small",
    "marker-color": "#666666"
   }
  },
  {
   "type": "Feature",
   "geometry": {
    "type": "Point",
    "coordinates": [
     1.57502,
     41.18956
    ]
   },
   "properties": {
    "id": "EST-CALAFELL",
    "name": "Calafell",
    "province": "Tarragona",
    "marker-symbol": "rail",
    "marker-size": "small",
    "marker-color": "#666666"
   }
  },
  {
   "type": "Feature",
   "geometry": {
    "type": "Point",
    "coordinates": [
     2.15996,
     41.39596
    ]
   },
   "properties": {
    "id": "EST-CAMPUSDIAGONALBESOS",
    "name": "Campus Diagonal-Besòs",
    "province": "Barcelona",
    "marker-symbol": "rail",
    "marker-size": "small",
    "marker-color": "#666666"
   }
  },
  {
   "type": "Feature",
   "geometry": {
    "type": "Point",
    "coordinates": [
     -5.95569,
     37.38074
    ]
   },
   "properties": {
    "id": "EST-1DEMAYO",
    "name": "1º de Mayo",
    "province": "Sevilla",
    "marker-symbol": "rail",
    "marker-size": "small",
    "marker-color": "#666666"
   }
  },
  {
   "type": "Feature",
   "geometry": {
    "type": "Point",
    "coordinates": [
     2.16302,
     41.36875
    ]
   },
   "properties": {
    "id": "EST-PARCDEMONTJUIC",
    "name": "Parc de Montjuïc",
    "province": "Barcelona",
    "marker-symbol": "rail",
    "marker-size": "small",
    "marker-color": "#666666"
   }
  },
  {
   "type": "Feature",
   "geometry": {
    "type": "Point",
    "coordinates": [
     -0.38961,
     39.54975
    ]
   },
   "properties": {
    "id": "EST-SEMINARI",
    "name": "Seminari",
    "province": "Valencia",
    "marker-symbol": "rail",
    "marker-size": "small",
    "marker-color": "#666666"
   }
  },
  {
   "type": "Feature",
   "geometry": {
    "type": "Point",
    "coordinates": [
     -4.11185,
     43.35904
    ]
   },
   "properties": {
    "id": "EST-SANTAISABELCANTABRIA",
    "name": "Santa Isabel",
    "province": "Cantabria",
    "marker-symbol": "rail",
    "marker-size": "small",
    "marker-color": "#666666"
   }
  },
  {
   "type": "Feature",
   "geometry": {
    "type": "Point",
    "coordinates": [
     -2.66677,
     42.83867
    ]
   },
   "properties": {
    "id": "EST-HEGOALDE",
    "name": "Hegoalde",
    "province": "Álava",
    "marker-symbol": "rail",
    "marker-size": "small",
    "marker-color": "#666666"
   }
  },
  {
   "type": "Feature",
   "geometry": {
    "type": "Point",
    "coordinates": [
     -5.64519,
     43.28714
    ]
   },
   "properties": {
    "id": "EST-ELENTREGO",
    "name": "El Entrego",
    "province": "Asturias",
    "marker-symbol": "rail",
    "marker-size": "small",
    "marker-color": "#666666"
   }
  },
  {
   "type": "Feature",
   "geometry": {
    "type": "Point",
    "coordinates": [
     -2.94487,
     43.4122
    ]
   },
   "properties": {
    "id": "EST-ONDARRETA",
    "name": "Ondarreta",
    "province": "Gipuzkoa",
    "marker-symbol": "rail",
    "marker-size": "small",
    "marker-color": "#666666"
   }
  },
  {
   "type": "Feature",
   "geometry": {
    "type": "Point",
    "coordinates": [
     -3.65253,
     40.41033
    ]
   },
   "properties": {
    "id": "EST-VINATEROS",
    "name": "Vinateros",
    "province": "Madrid",
    "marker-symbol": "rail",
    "marker-size": "small",
    "marker-color": "#666666"
   }
  },
  {
   "type": "Feature",
   "geometry": {
    "type": "Point",
    "coordinates": [
     2.24726,
     41.84189
    ]
   },
   "properties": {
    "id": "EST-BALENYATONASEVA",
    "name": "Balenyà-Tona-Seva",
    "province": "Barcelona",
    "marker-symbol": "rail",
    "marker-size": "small",
    "marker-color": "#666666"
   }
  },
  {
   "type": "Feature",
   "geometry": {
    "type": "Point",
    "coordinates": [
     -4.49442,
     36.7188
    ]
   },
   "properties": {
    "id": "EST-ANDALUCIATECH",
    "name": "Andalucía Tech",
    "province": "Málaga",
    "marker-symbol": "rail",
    "marker-size": "small",
    "marker-color": "#666666"
   }
  },
  {
   "type": "Feature",
   "geometry": {
    "type": "Point",
    "coordinates": [
     -2.9496,
     43.27155
    ]
   },
   "properties": {
    "id": "EST-DEUSTU",
    "name": "Deustu",
    "province": "Bizkaia",
    "marker-symbol": "rail",
    "marker-size": "small",
    "marker-color": "#666666"
   }
  },
  {
   "type": "Feature",
   "geometry": {
    "type": "Point",
    "coordinates": [
     2.05278,
     41.37139
    ]
   },
   "properties": {
    "id": "EST-TORREBLANCA-Barcelona-SantJoanDesp",
    "name": "Torreblanca",
    "province": "Barcelona",
    "marker-symbol": "rail",
    "marker-size": "small",
    "marker-color": "#666666"
   }
  },
  {
   "type": "Feature",
   "geometry": {
    "type": "Point",
    "coordinates": [
     0.20278,
     40.17389
    ]
   },
   "properties": {
    "id": "EST-TORREBLANCA-Castelln-Torreblanca",
    "name": "Torreblanca",
    "province": "Castellón",
    "marker-symbol": "rail",
    "marker-size": "small",
    "marker-color": "#666666"
   }
  },
  {
   "type": "Feature",
   "geometry": {
    "type": "Point",
    "coordinates": [
     -3.36619,
     40.48906
    ]
   },
   "properties": {
    "id": "EST-ALCALADEHENARES",
    "name": "Alcalá de Henares",
    "province": "Madrid",
    "marker-symbol": "rail",
    "marker-size": "small",
    "marker-color": "#666666"
   }
  },
  {
   "type": "Feature",
   "geometry": {
    "type": "Point",
    "coordinates": [
     -0.04792,
     38.60223
    ]
   },
   "properties": {
    "id": "EST-GARGANES",
    "name": "Garganes",
    "province": "Alicante",
    "marker-symbol": "rail",
    "marker-size": "small",
    "marker-color": "#666666"
   }
  },
  {
   "type": "Feature",
   "geometry": {
    "type": "Point",
    "coordinates": [
     -6.19374,
     37.38147
    ]
   },
   "properties": {
    "id": "EST-SANLUCARLAMAYOR",
    "name": "Sanlúcar la Mayor",
    "province": "Sevilla",
    "marker-symbol": "rail",
    "marker-size": "small",
    "marker-color": "#666666"
   }
  },
  {
   "type": "Feature",
   "geometry": {
    "type": "Point",
    "coordinates": [
     -3.02846,
     43.30146
    ]
   },
   "properties": {
    "id": "EST-VALLEDETRAPAGATRAPAGARAN",
    "name": "Valle de Trápaga-Trapagaran",
    "province": "Bizkaia",
    "marker-symbol": "rail",
    "marker-size": "small",
    "marker-color": "#666666"
   }
  },
  {
   "type": "Feature",
   "geometry": {
    "type": "Point",
    "coordinates": [
     -1.95628,
     43.29908
    ]
   },
   "properties": {
    "id": "EST-MARTUTENE",
    "name": "Martutene",
    "province": "Gipuzkoa",
    "marker-symbol": "rail",
    "marker-size": "small",
    "marker-color": "#666666"
   }
  },
  {
   "type": "Feature",
   "geometry": {
    "type": "Point",
    "coordinates": [
     -2.73646,
     43.21676
    ]
   },
   "properties": {
    "id": "EST-AMOREBIETAGELTOKIA",
    "name": "Amorebieta Geltokia",
    "province": "Bizkaia",
    "marker-symbol": "rail",
    "marker-size": "small",
    "marker-color": "#666666"
   }
  },
  {
   "type": "Feature",
   "geometry": {
    "type": "Point",
    "coordinates": [
     -4.78952,
     37.88851
    ]
   },
   "properties": {
    "id": "EST-CORDOBACENTRAL",
    "name": "Córdoba-Central",
    "province": "Córdoba",
    "marker-symbol": "rail",
    "marker-size": "small",
    "marker-color": "#666666"
   }
  },
  {
   "type": "Feature",
   "geometry": {
    "type": "Point",
    "coordinates": [
     -3.70474,
     40.36551
    ]
   },
   "properties": {
    "id": "EST-ORCASITAS",
    "name": "Orcasitas",
    "province": "Madrid",
    "marker-symbol": "rail",
    "marker-size": "small",
    "marker-color": "#666666"
   }
  },
  {
   "type": "Feature",
   "geometry": {
    "type": "Point",
    "coordinates": [
     -0.8825,
     41.65583
    ]
   },
   "properties": {
    "id": "EST-PLAZADEARAGON",
    "name": "Plaza de Aragón",
    "province": "Zaragoza",
    "marker-symbol": "rail",
    "marker-size": "small",
    "marker-color": "#666666"
   }
  },
  {
   "type": "Feature",
   "geometry": {
    "type": "Point",
    "coordinates": [
     -5.8501,
     37.23497
    ]
   },
   "properties": {
    "id": "EST-GUADAIRA",
    "name": "Guadaíra",
    "province": "Sevilla",
    "marker-symbol": "rail",
    "marker-size": "small",
    "marker-color": "#666666"
   }
  },
  {
   "type": "Feature",
   "geometry": {
    "type": "Point",
    "coordinates": [
     -2.88689,
     43.22559
    ]
   },
   "properties": {
    "id": "EST-ABAROASANMIGUEL",
    "name": "Abaroa-San Miguel",
    "province": "Bizkaia",
    "marker-symbol": "rail",
    "marker-size": "small",
    "marker-color": "#666666"
   }
  },
  {
   "type": "Feature",
   "geometry": {
    "type": "Point",
    "coordinates": [
     -6.11062,
     43.49114
    ]
   },
   "properties": {
    "id": "EST-PRAVIA",
    "name": "Pravia",
    "province": "Asturias",
    "marker-symbol": "rail",
    "marker-size": "small",
    "marker-color": "#666666"
   }
  },
  {
   "type": "Feature",
   "geometry": {
    "type": "Point",
    "coordinates": [
     -3.66306,
     40.48468
    ]
   },
   "properties": {
    "id": "EST-FUENTEDELAMORA",
    "name": "Fuente de la Mora",
    "province": "Madrid",
    "marker-symbol": "rail",
    "marker-size": "small",
    "marker-color": "#666666"
   }
  },
  {
   "type": "Feature",
   "geometry": {
    "type": "Point",
    "coordinates": [
     -2.92173,
     43.25406
    ]
   },
   "properties": {
    "id": "EST-ATXURI",
    "name": "Atxuri",
    "province": "Bizkaia",
    "marker-symbol": "rail",
    "marker-size": "small",
    "marker-color": "#666666"
   }
  },
  {
   "type": "Feature",
   "geometry": {
    "type": "Point",
    "coordinates": [
     -2.88203,
     43.23801
    ]
   },
   "properties": {
    "id": "EST-ARIZ",
    "name": "Ariz",
    "province": "Bizkaia",
    "marker-symbol": "rail",
    "marker-size": "small",
    "marker-color": "#666666"
   }
  },
  {
   "type": "Feature",
   "geometry": {
    "type": "Point",
    "coordinates": [
     -1.24479,
     40.45529
    ]
   },
   "properties": {
    "id": "EST-CELLA",
    "name": "Cella",
    "province": "Teruel",
    "marker-symbol": "rail",
    "marker-size": "small",
    "marker-color": "#666666"
   }
  },
  {
   "type": "Feature",
   "geometry": {
    "type": "Point",
    "coordinates": [
     2.35492,
     41.48761
    ]
   },
   "properties": {
    "id": "EST-PREMIADEMAR",
    "name": "Premià de Mar",
    "province": "Barcelona",
    "marker-symbol": "rail",
    "marker-size": "small",
    "marker-color": "#666666"
   }
  },
  {
   "type": "Feature",
   "geometry": {
    "type": "Point",
    "coordinates": [
     2.84122,
     39.69249
    ]
   },
   "properties": {
    "id": "EST-BINISSALEM",
    "name": "Binissalem",
    "province": "Baleares",
    "marker-symbol": "rail",
    "marker-size": "small",
    "marker-color": "#666666"
   }
  },
  {
   "type": "Feature",
   "geometry": {
    "type": "Point",
    "coordinates": [
     -0.87441,
     38.12267
    ]
   },
   "properties": {
    "id": "EST-CALLOSADESEGURA",
    "name": "Callosa de Segura",
    "province": "Alicante",
    "marker-symbol": "rail",
    "marker-size": "small",
    "marker-color": "#666666"
   }
  },
  {
   "type": "Feature",
   "geometry": {
    "type": "Point",
    "coordinates": [
     1.195,
     41.30604
    ]
   },
   "properties": {
    "id": "EST-LAPLANAPICAMOIXONS",
    "name": "La Plana-Picamoixons",
    "province": "Tarragona",
    "marker-symbol": "rail",
    "marker-size": "small",
    "marker-color": "#666666"
   }
  },
  {
   "type": "Feature",
   "geometry": {
    "type": "Point",
    "coordinates": [
     -6.0599,
     43.42559
    ]
   },
   "properties": {
    "id": "EST-SANDICHE",
    "name": "Sandiche",
    "province": "Asturias",
    "marker-symbol": "rail",
    "marker-size": "small",
    "marker-color": "#666666"
   }
  },
  {
   "type": "Feature",
   "geometry": {
    "type": "Point",
    "coordinates": [
     -3.76828,
     40.39468
    ]
   },
   "properties": {
    "id": "EST-CAMPAMENTO",
    "name": "Campamento",
    "province": "Madrid",
    "marker-symbol": "rail",
    "marker-size": "small",
    "marker-color": "#666666"
   }
  },
  {
   "type": "Feature",
   "geometry": {
    "type": "Point",
    "coordinates": [
     -0.4575,
     39.59073
    ]
   },
   "properties": {
    "id": "EST-BETERA",
    "name": "Bétera",
    "province": "Valencia",
    "marker-symbol": "rail",
    "marker-size": "small",
    "marker-color": "#666666"
   }
  },
  {
   "type": "Feature",
   "geometry": {
    "type": "Point",
    "coordinates": [
     2.11707,
     41.35478
    ]
   },
   "properties": {
    "id": "EST-CANTRIESGORNAL",
    "name": "Can Tries | Gornal",
    "province": "Barcelona",
    "marker-symbol": "rail",
    "marker-size": "small",
    "marker-color": "#666666"
   }
  },
  {
   "type": "Feature",
   "geometry": {
    "type": "Point",
    "coordinates": [
     -6.172,
     36.567
    ]
   },
   "properties": {
    "id": "EST-POLIGONOJUNCARICOS",
    "name": "Polígono Juncaricos",
    "province": "Cádiz",
    "marker-symbol": "rail",
    "marker-size": "small",
    "marker-color": "#666666"
   }
  },
  {
   "type": "Feature",
   "geometry": {
    "type": "Point",
    "coordinates": [
     -6.0952,
     36.91154
    ]
   },
   "properties": {
    "id": "EST-LEBRIJA",
    "name": "Lebrija",
    "province": "Sevilla",
    "marker-symbol": "rail",
    "marker-size": "small",
    "marker-color": "#666666"
   }
  },
  {
   "type": "Feature",
   "geometry": {
    "type": "Point",
    "coordinates": [
     -3.71383,
     40.55847
    ]
   },
   "properties": {
    "id": "EST-ELGOLOSO",
    "name": "El Goloso",
    "province": "Madrid",
    "marker-symbol": "rail",
    "marker-size": "small",
    "marker-color": "#666666"
   }
  },
  {
   "type": "Feature",
   "geometry": {
    "type": "Point",
    "coordinates": [
     -3.77971,
     37.79532
    ]
   },
   "properties": {
    "id": "EST-CIUDADSANITARIA",
    "name": "Ciudad Sanitaria",
    "province": "Jaén",
    "marker-symbol": "rail",
    "marker-size": "small",
    "marker-color": "#666666"
   }
  },
  {
   "type": "Feature",
   "geometry": {
    "type": "Point",
    "coordinates": [
     2.16943,
     41.37441
    ]
   },
   "properties": {
    "id": "EST-PARALLEL",
    "name": "Paral·lel",
    "province": "Barcelona",
    "marker-symbol": "rail",
    "marker-size": "small",
    "marker-color": "#666666"
   }
  },
  {
   "type": "Feature",
   "geometry": {
    "type": "Point",
    "coordinates": [
     -2.90283,
     43.1792
    ]
   },
   "properties": {
    "id": "EST-UGAOMIRABALLES",
    "name": "Ugao-Miraballes",
    "province": "Bizkaia",
    "marker-symbol": "rail",
    "marker-size": "small",
    "marker-color": "#666666"
   }
  },
  {
   "type": "Feature",
   "geometry": {
    "type": "Point",
    "coordinates": [
     2.24193,
     42.06467
    ]
   },
   "properties": {
    "id": "EST-BORGONYA",
    "name": "Borgonyà",
    "province": "Barcelona",
    "marker-symbol": "rail",
    "marker-size": "small",
    "marker-color": "#666666"
   }
  },
  {
   "type": "Feature",
   "geometry": {
    "type": "Point",
    "coordinates": [
     -5.54614,
     43.3751
    ]
   },
   "properties": {
    "id": "EST-ELREMEDIO",
    "name": "El Remedio",
    "province": "Asturias",
    "marker-symbol": "rail",
    "marker-size": "small",
    "marker-color": "#666666"
   }
  },
  {
   "type": "Feature",
   "geometry": {
    "type": "Point",
    "coordinates": [
     -5.97399,
     37.38299
    ]
   },
   "properties": {
    "id": "EST-NERVION",
    "name": "Nervión",
    "province": "Sevilla",
    "marker-symbol": "rail",
    "marker-size": "small",
    "marker-color": "#666666"
   }
  },
  {
   "type": "Feature",
   "geometry": {
    "type": "Point",
    "coordinates": [
     -3.80161,
     40.43254
    ]
   },
   "properties": {
    "id": "EST-DOSCASTILLAS",
    "name": "Dos Castillas",
    "province": "Madrid",
    "marker-symbol": "rail",
    "marker-size": "small",
    "marker-color": "#666666"
   }
  },
  {
   "type": "Feature",
   "geometry": {
    "type": "Point",
    "coordinates": [
     -1.67888,
     40.09937
    ]
   },
   "properties": {
    "id": "EST-CARBONERASDEGUADAZAON",
    "name": "Carboneras de Guadazaón",
    "province": "Cuenca",
    "marker-symbol": "rail",
    "marker-size": "small",
    "marker-color": "#666666"
   }
  },
  {
   "type": "Feature",
   "geometry": {
    "type": "Point",
    "coordinates": [
     -2.48751,
     36.9515
    ]
   },
   "properties": {
    "id": "EST-GADOR",
    "name": "Gádor",
    "province": "Almería",
    "marker-symbol": "rail",
    "marker-size": "small",
    "marker-color": "#666666"
   }
  },
  {
   "type": "Feature",
   "geometry": {
    "type": "Point",
    "coordinates": [
     2.26911,
     41.99986
    ]
   },
   "properties": {
    "id": "EST-MANLLEU",
    "name": "Manlleu",
    "province": "Barcelona",
    "marker-symbol": "rail",
    "marker-size": "small",
    "marker-color": "#666666"
   }
  },
  {
   "type": "Feature",
   "geometry": {
    "type": "Point",
    "coordinates": [
     -0.37719,
     39.46691
    ]
   },
   "properties": {
    "id": "EST-VALENCIANORD",
    "name": "València-Nord",
    "province": "Valencia",
    "marker-symbol": "rail",
    "marker-size": "small",
    "marker-color": "#666666"
   }
  },
  {
   "type": "Feature",
   "geometry": {
    "type": "Point",
    "coordinates": [
     2.06835,
     41.45784
    ]
   },
   "properties": {
    "id": "EST-VALLDOREIX",
    "name": "Valldoreix",
    "province": "Barcelona",
    "marker-symbol": "rail",
    "marker-size": "small",
    "marker-color": "#666666"
   }
  },
  {
   "type": "Feature",
   "geometry": {
    "type": "Point",
    "coordinates": [
     -3.99962,
     42.21566
    ]
   },
   "properties": {
    "id": "EST-VILLAQUIRAN",
    "name": "Villaquirán",
    "province": "Burgos",
    "marker-symbol": "rail",
    "marker-size": "small",
    "marker-color": "#666666"
   }
  },
  {
   "type": "Feature",
   "geometry": {
    "type": "Point",
    "coordinates": [
     2.15215,
     41.39976
    ]
   },
   "properties": {
    "id": "EST-GRACIA-Barcelona-Barcelona",
    "name": "Gràcia",
    "province": "Barcelona",
    "marker-symbol": "rail",
    "marker-size": "small",
    "marker-color": "#666666"
   }
  },
  {
   "type": "Feature",
   "geometry": {
    "type": "Point",
    "coordinates": [
     -3.26237,
     37.65659
    ]
   },
   "properties": {
    "id": "EST-CABRADELSANTOCRISTOYALICUN",
    "name": "Cabra del Santo Cristo y Alicún",
    "province": "Jaén",
    "marker-symbol": "rail",
    "marker-size": "small",
    "marker-color": "#666666"
   }
  },
  {
   "type": "Feature",
   "geometry": {
    "type": "Point",
    "coordinates": [
     2.13269,
     41.41567
    ]
   },
   "properties": {
    "id": "EST-LLUISMUNTADAS",
    "name": "Lluís Muntadas",
    "province": "Barcelona",
    "marker-symbol": "rail",
    "marker-size": "small",
    "marker-color": "#666666"
   }
  },
  {
   "type": "Feature",
   "geometry": {
    "type": "Point",
    "coordinates": [
     -4.12539,
     40.70563
    ]
   },
   "properties": {
    "id": "EST-TABLADA",
    "name": "Tablada",
    "province": "Madrid",
    "marker-symbol": "rail",
    "marker-size": "small",
    "marker-color": "#666666"
   }
  },
  {
   "type": "Feature",
   "geometry": {
    "type": "Point",
    "coordinates": [
     -3.12702,
     37.31688
    ]
   },
   "properties": {
    "id": "EST-GUADIX",
    "name": "Guadix",
    "province": "Granada",
    "marker-symbol": "rail",
    "marker-size": "small",
    "marker-color": "#666666"
   }
  },
  {
   "type": "Feature",
   "geometry": {
    "type": "Point",
    "coordinates": [
     -2.01562,
     43.22214
    ]
   },
   "properties": {
    "id": "EST-ANDOAIN",
    "name": "Andoain",
    "province": "Gipuzkoa",
    "marker-symbol": "rail",
    "marker-size": "small",
    "marker-color": "#666666"
   }
  },
  {
   "type": "Feature",
   "geometry": {
    "type": "Point",
    "coordinates": [
     -2.9605,
     43.14225
    ]
   },
   "properties": {
    "id": "EST-LLODIO",
    "name": "Llodio",
    "province": "Álava",
    "marker-symbol": "rail",
    "marker-size": "small",
    "marker-color": "#666666"
   }
  },
  {
   "type": "Feature",
   "geometry": {
    "type": "Point",
    "coordinates": [
     2.13615,
     41.39779
    ]
   },
   "properties": {
    "id": "EST-LABONANOVA",
    "name": "La Bonanova",
    "province": "Barcelona",
    "marker-symbol": "rail",
    "marker-size": "small",
    "marker-color": "#666666"
   }
  },
  {
   "type": "Feature",
   "geometry": {
    "type": "Point",
    "coordinates": [
     -0.09654,
     39.93296
    ]
   },
   "properties": {
    "id": "EST-VILAREAL",
    "name": "Vila-real",
    "province": "Castellón",
    "marker-symbol": "rail",
    "marker-size": "small",
    "marker-color": "#666666"
   }
  },
  {
   "type": "Feature",
   "geometry": {
    "type": "Point",
    "coordinates": [
     -1.57478,
     37.86234
    ]
   },
   "properties": {
    "id": "EST-TOTANA",
    "name": "Totana",
    "province": "Murcia",
    "marker-symbol": "rail",
    "marker-size": "small",
    "marker-color": "#666666"
   }
  },
  {
   "type": "Feature",
   "geometry": {
    "type": "Point",
    "coordinates": [
     -3.91314,
     38.98487
    ]
   },
   "properties": {
    "id": "EST-CIUDADREAL",
    "name": "Ciudad Real",
    "province": "Ciudad Real",
    "marker-symbol": "rail",
    "marker-size": "small",
    "marker-color": "#666666"
   }
  },
  {
   "type": "Feature",
   "geometry": {
    "type": "Point",
    "coordinates": [
     -0.35049,
     39.47033
    ]
   },
   "properties": {
    "id": "EST-AMISTAT",
    "name": "Amistat",
    "province": "Valencia",
    "marker-symbol": "rail",
    "marker-size": "small",
    "marker-color": "#666666"
   }
  },
  {
   "type": "Feature",
   "geometry": {
    "type": "Point",
    "coordinates": [
     2.25998,
     42.05214
    ]
   },
   "properties": {
    "id": "EST-TORELLO",
    "name": "Torelló",
    "province": "Barcelona",
    "marker-symbol": "rail",
    "marker-size": "small",
    "marker-color": "#666666"
   }
  },
  {
   "type": "Feature",
   "geometry": {
    "type": "Point",
    "coordinates": [
     2.14744,
     41.40133
    ]
   },
   "properties": {
    "id": "EST-PLACAMOLINA",
    "name": "Plaça Molina",
    "province": "Barcelona",
    "marker-symbol": "rail",
    "marker-size": "small",
    "marker-color": "#666666"
   }
  },
  {
   "type": "Feature",
   "geometry": {
    "type": "Point",
    "coordinates": [
     -3.35018,
     37.91348
    ]
   },
   "properties": {
    "id": "EST-JODARUBEDA",
    "name": "Jódar-Úbeda",
    "province": "Jaén",
    "marker-symbol": "rail",
    "marker-size": "small",
    "marker-color": "#666666"
   }
  },
  {
   "type": "Feature",
   "geometry": {
    "type": "Point",
    "coordinates": [
     -2.92744,
     43.26136
    ]
   },
   "properties": {
    "id": "EST-BILBAOABANDO",
    "name": "Bilbao-Abando",
    "province": "Bizkaia",
    "marker-symbol": "rail",
    "marker-size": "small",
    "marker-color": "#666666"
   }
  },
  {
   "type": "Feature",
   "geometry": {
    "type": "Point",
    "coordinates": [
     -5.29295,
     37.71814
    ]
   },
   "properties": {
    "id": "EST-PALMADELRIO",
    "name": "Palma del Río",
    "province": "Córdoba",
    "marker-symbol": "rail",
    "marker-size": "small",
    "marker-color": "#666666"
   }
  },
  {
   "type": "Feature",
   "geometry": {
    "type": "Point",
    "coordinates": [
     -0.27141,
     39.67567
    ]
   },
   "properties": {
    "id": "EST-SAGUNT",
    "name": "Sagunt",
    "province": "Valencia",
    "marker-symbol": "rail",
    "marker-size": "small",
    "marker-color": "#666666"
   }
  },
  {
   "type": "Feature",
   "geometry": {
    "type": "Point",
    "coordinates": [
     -6.34171,
     39.15394
    ]
   },
   "properties": {
    "id": "EST-CARMONITA",
    "name": "Carmonita",
    "province": "Badajoz",
    "marker-symbol": "rail",
    "marker-size": "small",
    "marker-color": "#666666"
   }
  },
  {
   "type": "Feature",
   "geometry": {
    "type": "Point",
    "coordinates": [
     -5.65694,
     43.39917
    ]
   },
   "properties": {
    "id": "EST-POLADESIERO",
    "name": "Pola de Siero",
    "province": "Asturias",
    "marker-symbol": "rail",
    "marker-size": "small",
    "marker-color": "#666666"
   }
  },
  {
   "type": "Feature",
   "geometry": {
    "type": "Point",
    "coordinates": [
     1.82663,
     41.72026
    ]
   },
   "properties": {
    "id": "EST-MANRESA",
    "name": "Manresa",
    "province": "Barcelona",
    "marker-symbol": "rail",
    "marker-size": "small",
    "marker-color": "#666666"
   }
  },
  {
   "type": "Feature",
   "geometry": {
    "type": "Point",
    "coordinates": [
     1.02207,
     41.16641
    ]
   },
   "properties": {
    "id": "EST-LESBORGESDELCAMP",
    "name": "Les Borges del Camp",
    "province": "Tarragona",
    "marker-symbol": "rail",
    "marker-size": "small",
    "marker-color": "#666666"
   }
  },
  {
   "type": "Feature",
   "geometry": {
    "type": "Point",
    "coordinates": [
     -5.75407,
     43.58085
    ]
   },
   "properties": {
    "id": "EST-PERLORA",
    "name": "Perlora",
    "province": "Asturias",
    "marker-symbol": "rail",
    "marker-size": "small",
    "marker-color": "#666666"
   }
  },
  {
   "type": "Feature",
   "geometry": {
    "type": "Point",
    "coordinates": [
     2.175,
     41.42959
    ]
   },
   "properties": {
    "id": "EST-VIRREIAMAT",
    "name": "Virrei Amat",
    "province": "Barcelona",
    "marker-symbol": "rail",
    "marker-size": "small",
    "marker-color": "#666666"
   }
  },
  {
   "type": "Feature",
   "geometry": {
    "type": "Point",
    "coordinates": [
     -1.96379,
     43.2724
    ]
   },
   "properties": {
    "id": "EST-HERNANI",
    "name": "Hernani",
    "province": "Gipuzkoa",
    "marker-symbol": "rail",
    "marker-size": "small",
    "marker-color": "#666666"
   }
  },
  {
   "type": "Feature",
   "geometry": {
    "type": "Point",
    "coordinates": [
     -8.16108,
     43.4953
    ]
   },
   "properties": {
    "id": "EST-SANTAEULALIADEMANZANEDA",
    "name": "Santa Eulalia de Manzaneda",
    "province": "A Coruna",
    "marker-symbol": "rail",
    "marker-size": "small",
    "marker-color": "#666666"
   }
  },
  {
   "type": "Feature",
   "geometry": {
    "type": "Point",
    "coordinates": [
     -5.78443,
     43.25606
    ]
   },
   "properties": {
    "id": "EST-CENTRODETRANSPORTES",
    "name": "Centro de Transportes",
    "province": "Asturias",
    "marker-symbol": "rail",
    "marker-size": "small",
    "marker-color": "#666666"
   }
  },
  {
   "type": "Feature",
   "geometry": {
    "type": "Point",
    "coordinates": [
     2.03346,
     41.52871
    ]
   },
   "properties": {
    "id": "EST-LESFONTS",
    "name": "Les Fonts",
    "province": "Barcelona",
    "marker-symbol": "rail",
    "marker-size": "small",
    "marker-color": "#666666"
   }
  },
  {
   "type": "Feature",
   "geometry": {
    "type": "Point",
    "coordinates": [
     -1.93438,
     43.27427
    ]
   },
   "properties": {
    "id": "EST-ASTIGARRAGA",
    "name": "Astigarraga",
    "province": "Gipuzkoa",
    "marker-symbol": "rail",
    "marker-size": "small",
    "marker-color": "#666666"
   }
  },
  {
   "type": "Feature",
   "geometry": {
    "type": "Point",
    "coordinates": [
     -4.03532,
     40.65824
    ]
   },
   "properties": {
    "id": "EST-ALPEDRETE",
    "name": "Alpedrete",
    "province": "Madrid",
    "marker-symbol": "rail",
    "marker-size": "small",
    "marker-color": "#666666"
   }
  },
  {
   "type": "Feature",
   "geometry": {
    "type": "Point",
    "coordinates": [
     -0.33467,
     39.47007
    ]
   },
   "properties": {
    "id": "EST-CANYAMELAR",
    "name": "Canyamelar",
    "province": "Valencia",
    "marker-symbol": "rail",
    "marker-size": "small",
    "marker-color": "#666666"
   }
  },
  {
   "type": "Feature",
   "geometry": {
    "type": "Point",
    "coordinates": [
     -1.33858,
     40.85045
    ]
   },
   "properties": {
    "id": "EST-CAMINREALFUENTESCLARAS",
    "name": "Caminreal-Fuentes Claras",
    "province": "Teruel",
    "marker-symbol": "rail",
    "marker-size": "small",
    "marker-color": "#666666"
   }
  },
  {
   "type": "Feature",
   "geometry": {
    "type": "Point",
    "coordinates": [
     -0.20296,
     39.76777
    ]
   },
   "properties": {
    "id": "EST-LALLOSA",
    "name": "La Llosa",
    "province": "Castellón",
    "marker-symbol": "rail",
    "marker-size": "small",
    "marker-color": "#666666"
   }
  },
  {
   "type": "Feature",
   "geometry": {
    "type": "Point",
    "coordinates": [
     -0.39639,
     38.42665
    ]
   },
   "properties": {
    "id": "EST-ELCAMPELLO",
    "name": "El Campello",
    "province": "Alicante",
    "marker-symbol": "rail",
    "marker-size": "small",
    "marker-color": "#666666"
   }
  },
  {
   "type": "Feature",
   "geometry": {
    "type": "Point",
    "coordinates": [
     2.21755,
     41.4413
    ]
   },
   "properties": {
    "id": "EST-LLEFIA",
    "name": "Llefià",
    "province": "Barcelona",
    "marker-symbol": "rail",
    "marker-size": "small",
    "marker-color": "#666666"
   }
  },
  {
   "type": "Feature",
   "geometry": {
    "type": "Point",
    "coordinates": [
     -3.43831,
     43.28441
    ]
   },
   "properties": {
    "id": "EST-BARCENA",
    "name": "Bárcena",
    "province": "Cantabria",
    "marker-symbol": "rail",
    "marker-size": "small",
    "marker-color": "#666666"
   }
  },
  {
   "type": "Feature",
   "geometry": {
    "type": "Point",
    "coordinates": [
     3.05632,
     39.78625
    ]
   },
   "properties": {
    "id": "EST-MURO",
    "name": "Muro",
    "province": "Baleares",
    "marker-symbol": "rail",
    "marker-size": "small",
    "marker-color": "#666666"
   }
  },
  {
   "type": "Feature",
   "geometry": {
    "type": "Point",
    "coordinates": [
     -3.60805,
     40.44401
    ]
   },
   "properties": {
    "id": "EST-CANILLEJAS",
    "name": "Canillejas",
    "province": "Madrid",
    "marker-symbol": "rail",
    "marker-size": "small",
    "marker-color": "#666666"
   }
  },
  {
   "type": "Feature",
   "geometry": {
    "type": "Point",
    "coordinates": [
     -2.85025,
     42.58175
    ]
   },
   "properties": {
    "id": "EST-HARO",
    "name": "Haro",
    "province": "La Rioja",
    "marker-symbol": "rail",
    "marker-size": "small",
    "marker-color": "#666666"
   }
  },
  {
   "type": "Feature",
   "geometry": {
    "type": "Point",
    "coordinates": [
     2.11903,
     41.39879
    ]
   },
   "properties": {
    "id": "EST-REINAELISENDA",
    "name": "Reina Elisenda",
    "province": "Barcelona",
    "marker-symbol": "rail",
    "marker-size": "small",
    "marker-color": "#666666"
   }
  },
  {
   "type": "Feature",
   "geometry": {
    "type": "Point",
    "coordinates": [
     -5.68434,
     43.16588
    ]
   },
   "properties": {
    "id": "EST-PINERES",
    "name": "Piñeres",
    "province": "Asturias",
    "marker-symbol": "rail",
    "marker-size": "small",
    "marker-color": "#666666"
   }
  },
  {
   "type": "Feature",
   "geometry": {
    "type": "Point",
    "coordinates": [
     -4.68332,
     40.65721
    ]
   },
   "properties": {
    "id": "EST-AVILA",
    "name": "Ávila",
    "province": "Ávila",
    "marker-symbol": "rail",
    "marker-size": "small",
    "marker-color": "#666666"
   }
  },
  {
   "type": "Feature",
   "geometry": {
    "type": "Point",
    "coordinates": [
     -5.94541,
     37.01851
    ]
   },
   "properties": {
    "id": "EST-LASCABEZASDESANJUAN",
    "name": "Las Cabezas de San Juan",
    "province": "Sevilla",
    "marker-symbol": "rail",
    "marker-size": "small",
    "marker-color": "#666666"
   }
  },
  {
   "type": "Feature",
   "geometry": {
    "type": "Point",
    "coordinates": [
     -5.47817,
     43.35509
    ]
   },
   "properties": {
    "id": "EST-LACOBERTORIA",
    "name": "La Cobertoria",
    "province": "Asturias",
    "marker-symbol": "rail",
    "marker-size": "small",
    "marker-color": "#666666"
   }
  },
  {
   "type": "Feature",
   "geometry": {
    "type": "Point",
    "coordinates": [
     -5.81794,
     43.29597
    ]
   },
   "properties": {
    "id": "EST-OLLONIEGO",
    "name": "Olloniego",
    "province": "Asturias",
    "marker-symbol": "rail",
    "marker-size": "small",
    "marker-color": "#666666"
   }
  },
  {
   "type": "Feature",
   "geometry": {
    "type": "Point",
    "coordinates": [
     -5.99937,
     37.37925
    ]
   },
   "properties": {
    "id": "EST-PLAZADECUBA",
    "name": "Plaza de Cuba",
    "province": "Sevilla",
    "marker-symbol": "rail",
    "marker-size": "small",
    "marker-color": "#666666"
   }
  },
  {
   "type": "Feature",
   "geometry": {
    "type": "Point",
    "coordinates": [
     -4.4887,
     36.71799
    ]
   },
   "properties": {
    "id": "EST-PARANINFO",
    "name": "Paraninfo",
    "province": "Málaga",
    "marker-symbol": "rail",
    "marker-size": "small",
    "marker-color": "#666666"
   }
  },
  {
   "type": "Feature",
   "geometry": {
    "type": "Point",
    "coordinates": [
     -5.85738,
     43.3588
    ]
   },
   "properties": {
    "id": "EST-LLAMAQUIQUE",
    "name": "Llamaquique",
    "province": "Asturias",
    "marker-symbol": "rail",
    "marker-size": "small",
    "marker-color": "#666666"
   }
  },
  {
   "type": "Feature",
   "geometry": {
    "type": "Point",
    "coordinates": [
     -1.23985,
     41.10852
    ]
   },
   "properties": {
    "id": "EST-VILLAHERMOSA",
    "name": "Villahermosa",
    "province": "Teruel",
    "marker-symbol": "rail",
    "marker-size": "small",
    "marker-color": "#666666"
   }
  },
  {
   "type": "Feature",
   "geometry": {
    "type": "Point",
    "coordinates": [
     -2.38889,
     42.84631
    ]
   },
   "properties": {
    "id": "EST-AGURAINSALVATIERRA",
    "name": "Agurain-Salvatierra",
    "province": "Álava",
    "marker-symbol": "rail",
    "marker-size": "small",
    "marker-color": "#666666"
   }
  },
  {
   "type": "Feature",
   "geometry": {
    "type": "Point",
    "coordinates": [
     2.24726,
     41.84189
    ]
   },
   "properties": {
    "id": "EST-BALENYA",
    "name": "Balenyà",
    "province": "Barcelona",
    "marker-symbol": "rail",
    "marker-size": "small",
    "marker-color": "#666666"
   }
  },
  {
   "type": "Feature",
   "geometry": {
    "type": "Point",
    "coordinates": [
     -2.41583,
     43.2136
    ]
   },
   "properties": {
    "id": "EST-TOLETXEGAINELGOIBAR",
    "name": "Toletxegain-Elgoibar",
    "province": "Gipuzkoa",
    "marker-symbol": "rail",
    "marker-size": "small",
    "marker-color": "#666666"
   }
  },
  {
   "type": "Feature",
   "geometry": {
    "type": "Point",
    "coordinates": [
     -3.82078,
     40.3495
    ]
   },
   "properties": {
    "id": "EST-PARQUEDELISBOA",
    "name": "Parque de Lisboa",
    "province": "Madrid",
    "marker-symbol": "rail",
    "marker-size": "small",
    "marker-color": "#666666"
   }
  },
  {
   "type": "Feature",
   "geometry": {
    "type": "Point",
    "coordinates": [
     -0.45906,
     39.48962
    ]
   },
   "properties": {
    "id": "EST-MANISES",
    "name": "Manises",
    "province": "Valencia",
    "marker-symbol": "rail",
    "marker-size": "small",
    "marker-color": "#666666"
   }
  },
  {
   "type": "Feature",
   "geometry": {
    "type": "Point",
    "coordinates": [
     3.0863,
     42.32515
    ]
   },
   "properties": {
    "id": "EST-VILAJUIGA",
    "name": "Vilajuïga",
    "province": "Girona",
    "marker-symbol": "rail",
    "marker-size": "small",
    "marker-color": "#666666"
   }
  },
  {
   "type": "Feature",
   "geometry": {
    "type": "Point",
    "coordinates": [
     -5.04132,
     42.7703
    ]
   },
   "properties": {
    "id": "EST-LALLAMADELAGUZPENA",
    "name": "La Llama de la Guzpeña",
    "province": "León",
    "marker-symbol": "rail",
    "marker-size": "small",
    "marker-color": "#666666"
   }
  },
  {
   "type": "Feature",
   "geometry": {
    "type": "Point",
    "coordinates": [
     -4.87146,
     40.80385
    ]
   },
   "properties": {
    "id": "EST-SANPEDRODELARROYO",
    "name": "San Pedro del Arroyo",
    "province": "Ávila",
    "marker-symbol": "rail",
    "marker-size": "small",
    "marker-color": "#666666"
   }
  },
  {
   "type": "Feature",
   "geometry": {
    "type": "Point",
    "coordinates": [
     -1.85549,
     41.31717
    ]
   },
   "properties": {
    "id": "EST-BUBIERCA",
    "name": "Bubierca",
    "province": "Zaragoza",
    "marker-symbol": "rail",
    "marker-size": "small",
    "marker-color": "#666666"
   }
  },
  {
   "type": "Feature",
   "geometry": {
    "type": "Point",
    "coordinates": [
     -5.64706,
     40.9718
    ]
   },
   "properties": {
    "id": "EST-SALAMANCA",
    "name": "Salamanca",
    "province": "Salamanca",
    "marker-symbol": "rail",
    "marker-size": "small",
    "marker-color": "#666666"
   }
  },
  {
   "type": "Feature",
   "geometry": {
    "type": "Point",
    "coordinates": [
     1.25878,
     41.29835
    ]
   },
   "properties": {
    "id": "EST-VALLS",
    "name": "Valls",
    "province": "Tarragona",
    "marker-symbol": "rail",
    "marker-size": "small",
    "marker-color": "#666666"
   }
  },
  {
   "type": "Feature",
   "geometry": {
    "type": "Point",
    "coordinates": [
     -5.82714,
     43.38817
    ]
   },
   "properties": {
    "id": "EST-LACORREDORIA",
    "name": "La Corredoria",
    "province": "Asturias",
    "marker-symbol": "rail",
    "marker-size": "small",
    "marker-color": "#666666"
   }
  },
  {
   "type": "Feature",
   "geometry": {
    "type": "Point",
    "coordinates": [
     -6.294,
     36.537
    ]
   },
   "properties": {
    "id": "EST-CADIZ",
    "name": "Cádiz",
    "province": "Cádiz",
    "marker-symbol": "rail",
    "marker-size": "small",
    "marker-color": "#666666"
   }
  },
  {
   "type": "Feature",
   "geometry": {
    "type": "Point",
    "coordinates": [
     2.09841,
     41.37665
    ]
   },
   "properties": {
    "id": "EST-CANOLIVERES",
    "name": "Ca n'Oliveres",
    "province": "Barcelona",
    "marker-symbol": "rail",
    "marker-size": "small",
    "marker-color": "#666666"
   }
  },
  {
   "type": "Feature",
   "geometry": {
    "type": "Point",
    "coordinates": [
     -2.92862,
     43.25984
    ]
   },
   "properties": {
    "id": "EST-ABANDO",
    "name": "Abando",
    "province": "Bizkaia",
    "marker-symbol": "rail",
    "marker-size": "small",
    "marker-color": "#666666"
   }
  },
  {
   "type": "Feature",
   "geometry": {
    "type": "Point",
    "coordinates": [
     -2.87587,
     43.22762
    ]
   },
   "properties": {
    "id": "EST-BASAURI",
    "name": "Basauri",
    "province": "Bizkaia",
    "marker-symbol": "rail",
    "marker-size": "small",
    "marker-color": "#666666"
   }
  },
  {
   "type": "Feature",
   "geometry": {
    "type": "Point",
    "coordinates": [
     2.00157,
     41.40664
    ]
   },
   "properties": {
    "id": "EST-QUATRECAMINS",
    "name": "Quatre Camins",
    "province": "Barcelona",
    "marker-symbol": "rail",
    "marker-size": "small",
    "marker-color": "#666666"
   }
  },
  {
   "type": "Feature",
   "geometry": {
    "type": "Point",
    "coordinates": [
     -5.10678,
     37.80374
    ]
   },
   "properties": {
    "id": "EST-POSADAS",
    "name": "Posadas",
    "province": "Córdoba",
    "marker-symbol": "rail",
    "marker-size": "small",
    "marker-color": "#666666"
   }
  },
  {
   "type": "Feature",
   "geometry": {
    "type": "Point",
    "coordinates": [
     -4.11362,
     40.93404
    ]
   },
   "properties": {
    "id": "EST-SEGOVIA",
    "name": "Segovia",
    "province": "Segovia",
    "marker-symbol": "rail",
    "marker-size": "small",
    "marker-color": "#666666"
   }
  },
  {
   "type": "Feature",
   "geometry": {
    "type": "Point",
    "coordinates": [
     -3.74129,
     40.39281
    ]
   },
   "properties": {
    "id": "EST-CARPETANA",
    "name": "Carpetana",
    "province": "Madrid",
    "marker-symbol": "rail",
    "marker-size": "small",
    "marker-color": "#666666"
   }
  },
  {
   "type": "Feature",
   "geometry": {
    "type": "Point",
    "coordinates": [
     -5.99324,
     41.65288
    ]
   },
   "properties": {
    "id": "EST-CARBAJALESDEALBA",
    "name": "Carbajales de Alba",
    "province": "Zamora",
    "marker-symbol": "rail",
    "marker-size": "small",
    "marker-color": "#666666"
   }
  },
  {
   "type": "Feature",
   "geometry": {
    "type": "Point",
    "coordinates": [
     -3.81102,
     43.4583
    ]
   },
   "properties": {
    "id": "EST-SANTANDER",
    "name": "Santander",
    "province": "Cantabria",
    "marker-symbol": "rail",
    "marker-size": "small",
    "marker-color": "#666666"
   }
  },
  {
   "type": "Feature",
   "geometry": {
    "type": "Point",
    "coordinates": [
     -2.26718,
     43.27895
    ]
   },
   "properties": {
    "id": "EST-ARROAZESTOA",
    "name": "Arroa-Zestoa",
    "province": "Gipuzkoa",
    "marker-symbol": "rail",
    "marker-size": "small",
    "marker-color": "#666666"
   }
  },
  {
   "type": "Feature",
   "geometry": {
    "type": "Point",
    "coordinates": [
     2.16828,
     41.38944
    ]
   },
   "properties": {
    "id": "EST-PASSEIGDEGRACIA",
    "name": "Passeig de Gràcia",
    "province": "Barcelona",
    "marker-symbol": "rail",
    "marker-size": "small",
    "marker-color": "#666666"
   }
  },
  {
   "type": "Feature",
   "geometry": {
    "type": "Point",
    "coordinates": [
     -3.64949,
     43.17974
    ]
   },
   "properties": {
    "id": "EST-ESPINOSADELOSMONTEROS",
    "name": "Espinosa de los Monteros",
    "province": "Burgos",
    "marker-symbol": "rail",
    "marker-size": "small",
    "marker-color": "#666666"
   }
  },
  {
   "type": "Feature",
   "geometry": {
    "type": "Point",
    "coordinates": [
     -3.69002,
     40.45948
    ]
   },
   "properties": {
    "id": "EST-CUZCO",
    "name": "Cuzco",
    "province": "Madrid",
    "marker-symbol": "rail",
    "marker-size": "small",
    "marker-color": "#666666"
   }
  },
  {
   "type": "Feature",
   "geometry": {
    "type": "Point",
    "coordinates": [
     -3.62152,
     40.39991
    ]
   },
   "properties": {
    "id": "EST-VALDEBERNARDO",
    "name": "Valdebernardo",
    "province": "Madrid",
    "marker-symbol": "rail",
    "marker-size": "small",
    "marker-color": "#666666"
   }
  },
  {
   "type": "Feature",
   "geometry": {
    "type": "Point",
    "coordinates": [
     -5.64784,
     43.28681
    ]
   },
   "properties": {
    "id": "EST-CIANO",
    "name": "Ciaño",
    "province": "Asturias",
    "marker-symbol": "rail",
    "marker-size": "small",
    "marker-color": "#666666"
   }
  },
  {
   "type": "Feature",
   "geometry": {
    "type": "Point",
    "coordinates": [
     -0.53843,
     41.97557
    ]
   },
   "properties": {
    "id": "EST-TARDIENTA",
    "name": "Tardienta",
    "province": "Huesca",
    "marker-symbol": "rail",
    "marker-size": "small",
    "marker-color": "#666666"
   }
  },
  {
   "type": "Feature",
   "geometry": {
    "type": "Point",
    "coordinates": [
     -1.79156,
     43.36803
    ]
   },
   "properties": {
    "id": "EST-HENDAIA",
    "name": "Hendaia",
    "province": "Francia",
    "marker-symbol": "rail",
    "marker-size": "small",
    "marker-color": "#666666"
   }
  },
  {
   "type": "Feature",
   "geometry": {
    "type": "Point",
    "coordinates": [
     -2.18131,
     42.89541
    ]
   },
   "properties": {
    "id": "EST-ALSASUA",
    "name": "Alsasua",
    "province": "Navarra",
    "marker-symbol": "rail",
    "marker-size": "small",
    "marker-color": "#666666"
   }
  },
  {
   "type": "Feature",
   "geometry": {
    "type": "Point",
    "coordinates": [
     1.96256,
     41.45564
    ]
   },
   "properties": {
    "id": "EST-ELPALAU",
    "name": "El Palau",
    "province": "Barcelona",
    "marker-symbol": "rail",
    "marker-size": "small",
    "marker-color": "#666666"
   }
  },
  {
   "type": "Feature",
   "geometry": {
    "type": "Point",
    "coordinates": [
     -3.76631,
     40.24596
    ]
   },
   "properties": {
    "id": "EST-LABALLENA",
    "name": "La Ballena",
    "province": "Madrid",
    "marker-symbol": "rail",
    "marker-size": "small",
    "marker-color": "#666666"
   }
  },
  {
   "type": "Feature",
   "geometry": {
    "type": "Point",
    "coordinates": [
     -2.69036,
     43.36796
    ]
   },
   "properties": {
    "id": "EST-KRISTO",
    "name": "Kristo",
    "province": "Bizkaia",
    "marker-symbol": "rail",
    "marker-size": "small",
    "marker-color": "#666666"
   }
  },
  {
   "type": "Feature",
   "geometry": {
    "type": "Point",
    "coordinates": [
     -1.25156,
     41.1398
    ]
   },
   "properties": {
    "id": "EST-BADULES",
    "name": "Badules",
    "province": "Zaragoza",
    "marker-symbol": "rail",
    "marker-size": "small",
    "marker-color": "#666666"
   }
  },
  {
   "type": "Feature",
   "geometry": {
    "type": "Point",
    "coordinates": [
     -3.13333,
     43.21283
    ]
   },
   "properties": {
    "id": "EST-ZALLA",
    "name": "Zalla",
    "province": "Bizkaia",
    "marker-symbol": "rail",
    "marker-size": "small",
    "marker-color": "#666666"
   }
  },
  {
   "type": "Feature",
   "geometry": {
    "type": "Point",
    "coordinates": [
     -2.68471,
     42.85311
    ]
   },
   "properties": {
    "id": "EST-TXAGORRITXU",
    "name": "Txagorritxu",
    "province": "Álava",
    "marker-symbol": "rail",
    "marker-size": "small",
    "marker-color": "#666666"
   }
  },
  {
   "type": "Feature",
   "geometry": {
    "type": "Point",
    "coordinates": [
     -3.82844,
     40.25563
    ]
   },
   "properties": {
    "id": "EST-HUMANES",
    "name": "Humanes",
    "province": "Madrid",
    "marker-symbol": "rail",
    "marker-size": "small",
    "marker-color": "#666666"
   }
  },
  {
   "type": "Feature",
   "geometry": {
    "type": "Point",
    "coordinates": [
     -0.52346,
     42.68846
    ]
   },
   "properties": {
    "id": "EST-VILLANUALETRANZ",
    "name": "Villanúa-Letranz",
    "province": "Huesca",
    "marker-symbol": "rail",
    "marker-size": "small",
    "marker-color": "#666666"
   }
  },
  {
   "type": "Feature",
   "geometry": {
    "type": "Point",
    "coordinates": [
     -3.70857,
     40.42043
    ]
   },
   "properties": {
    "id": "EST-SANTODOMINGO",
    "name": "Santo Domingo",
    "province": "Madrid",
    "marker-symbol": "rail",
    "marker-size": "small",
    "marker-color": "#666666"
   }
  },
  {
   "type": "Feature",
   "geometry": {
    "type": "Point",
    "coordinates": [
     -3.81,
     37.97
    ]
   },
   "properties": {
    "id": "EST-MENGIBARARTILLERO",
    "name": "Mengíbar-Artillero",
    "province": "Jaén",
    "marker-symbol": "rail",
    "marker-size": "small",
    "marker-color": "#666666"
   }
  },
  {
   "type": "Feature",
   "geometry": {
    "type": "Point",
    "coordinates": [
     2.17994,
     41.45922
    ]
   },
   "properties": {
    "id": "EST-TORREBARO",
    "name": "Torre Baró",
    "province": "Barcelona",
    "marker-symbol": "rail",
    "marker-size": "small",
    "marker-color": "#666666"
   }
  },
  {
   "type": "Feature",
   "geometry": {
    "type": "Point",
    "coordinates": [
     -1.40279,
     41.50128
    ]
   },
   "properties": {
    "id": "EST-RICLALAALMUNIA",
    "name": "Ricla-La Almunia",
    "province": "Zaragoza",
    "marker-symbol": "rail",
    "marker-size": "small",
    "marker-color": "#666666"
   }
  },
  {
   "type": "Feature",
   "geometry": {
    "type": "Point",
    "coordinates": [
     -3.71177,
     40.34103
    ]
   },
   "properties": {
    "id": "EST-VILLAVERDEALTO",
    "name": "Villaverde Alto",
    "province": "Madrid",
    "marker-symbol": "rail",
    "marker-size": "small",
    "marker-color": "#666666"
   }
  },
  {
   "type": "Feature",
   "geometry": {
    "type": "Point",
    "coordinates": [
     2.22591,
     41.55604
    ]
   },
   "properties": {
    "id": "EST-PARETSDELVALLES",
    "name": "Parets del Vallès",
    "province": "Barcelona",
    "marker-symbol": "rail",
    "marker-size": "small",
    "marker-color": "#666666"
   }
  },
  {
   "type": "Feature",
   "geometry": {
    "type": "Point",
    "coordinates": [
     2.02743,
     41.30929
    ]
   },
   "properties": {
    "id": "EST-VILADECANS",
    "name": "Viladecans",
    "province": "Barcelona",
    "marker-symbol": "rail",
    "marker-size": "small",
    "marker-color": "#666666"
   }
  },
  {
   "type": "Feature",
   "geometry": {
    "type": "Point",
    "coordinates": [
     -0.36602,
     39.47311
    ]
   },
   "properties": {
    "id": "EST-ALAMEDA",
    "name": "Alameda",
    "province": "Valencia",
    "marker-symbol": "rail",
    "marker-size": "small",
    "marker-color": "#666666"
   }
  },
  {
   "type": "Feature",
   "geometry": {
    "type": "Point",
    "coordinates": [
     -0.06955,
     38.56923
    ]
   },
   "properties": {
    "id": "EST-ALBIR",
    "name": "Albir",
    "province": "Alicante",
    "marker-symbol": "rail",
    "marker-size": "small",
    "marker-color": "#666666"
   }
  },
  {
   "type": "Feature",
   "geometry": {
    "type": "Point",
    "coordinates": [
     -5.60484,
     43.27602
    ]
   },
   "properties": {
    "id": "EST-SOTRONDIO",
    "name": "Sotrondio",
    "province": "Asturias",
    "marker-symbol": "rail",
    "marker-size": "small",
    "marker-color": "#666666"
   }
  },
  {
   "type": "Feature",
   "geometry": {
    "type": "Point",
    "coordinates": [
     2.06293,
     41.36779
    ]
   },
   "properties": {
    "id": "EST-LAFONTSANTA",
    "name": "La Fontsanta",
    "province": "Barcelona",
    "marker-symbol": "rail",
    "marker-size": "small",
    "marker-color": "#666666"
   }
  },
  {
   "type": "Feature",
   "geometry": {
    "type": "Point",
    "coordinates": [
     -0.95956,
     38.71627
    ]
   },
   "properties": {
    "id": "EST-CAUDETE",
    "name": "Caudete",
    "province": "Albacete",
    "marker-symbol": "rail",
    "marker-size": "small",
    "marker-color": "#666666"
   }
  },
  {
   "type": "Feature",
   "geometry": {
    "type": "Point",
    "coordinates": [
     -2.69367,
     43.39087
    ]
   },
   "properties": {
    "id": "EST-ITSASBEGIBUSTURIA",
    "name": "Itsasbegi-Busturia",
    "province": "Bizkaia",
    "marker-symbol": "rail",
    "marker-size": "small",
    "marker-color": "#666666"
   }
  },
  {
   "type": "Feature",
   "geometry": {
    "type": "Point",
    "coordinates": [
     3.02926,
     39.76447
    ]
   },
   "properties": {
    "id": "EST-SAPOBLA",
    "name": "Sa Pobla",
    "province": "Baleares",
    "marker-symbol": "rail",
    "marker-size": "small",
    "marker-color": "#666666"
   }
  },
  {
   "type": "Feature",
   "geometry": {
    "type": "Point",
    "coordinates": [
     -0.36235,
     39.48481
    ]
   },
   "properties": {
    "id": "EST-BENIMACLET",
    "name": "Benimaclet",
    "province": "Valencia",
    "marker-symbol": "rail",
    "marker-size": "small",
    "marker-color": "#666666"
   }
  },
  {
   "type": "Feature",
   "geometry": {
    "type": "Point",
    "coordinates": [
     -5.7196,
     43.48653
    ]
   },
   "properties": {
    "id": "EST-PINZALES",
    "name": "Pinzales",
    "province": "Asturias",
    "marker-symbol": "rail",
    "marker-size": "small",
    "marker-color": "#666666"
   }
  },
  {
   "type": "Feature",
   "geometry": {
    "type": "Point",
    "coordinates": [
     0.80557,
     41.75575
    ]
   },
   "properties": {
    "id": "EST-VALLFOGONADEBALAGUER",
    "name": "Vallfogona de Balaguer",
    "province": "Lleida",
    "marker-symbol": "rail",
    "marker-size": "small",
    "marker-color": "#666666"
   }
  },
  {
   "type": "Feature",
   "geometry": {
    "type": "Point",
    "coordinates": [
     -6.04518,
     43.40293
    ]
   },
   "properties": {
    "id": "EST-PENAFLORASTURIAS",
    "name": "Peñaflor",
    "province": "Asturias",
    "marker-symbol": "rail",
    "marker-size": "small",
    "marker-color": "#666666"
   }
  },
  {
   "type": "Feature",
   "geometry": {
    "type": "Point",
    "coordinates": [
     -0.6951,
     38.27179
    ]
   },
   "properties": {
    "id": "EST-ELCHEPARQUE",
    "name": "Elche-Parque",
    "province": "Alicante",
    "marker-symbol": "rail",
    "marker-size": "small",
    "marker-color": "#666666"
   }
  },
  {
   "type": "Feature",
   "geometry": {
    "type": "Point",
    "coordinates": [
     -5.97911,
     37.37821
    ]
   },
   "properties": {
    "id": "EST-SANBERNARDOSEVILLA",
    "name": "San Bernardo",
    "province": "Sevilla",
    "marker-symbol": "rail",
    "marker-size": "small",
    "marker-color": "#666666"
   }
  },
  {
   "type": "Feature",
   "geometry": {
    "type": "Point",
    "coordinates": [
     -0.96706,
     37.74694
    ]
   },
   "properties": {
    "id": "EST-TORREPACHECO",
    "name": "Torre-Pacheco",
    "province": "Murcia",
    "marker-symbol": "rail",
    "marker-size": "small",
    "marker-color": "#666666"
   }
  },
  {
   "type": "Feature",
   "geometry": {
    "type": "Point",
    "coordinates": [
     -0.12339,
     38.54832
    ]
   },
   "properties": {
    "id": "EST-BENIDORMINTERMODAL",
    "name": "Benidorm Intermodal",
    "province": "Alicante",
    "marker-symbol": "rail",
    "marker-size": "small",
    "marker-color": "#666666"
   }
  },
  {
   "type": "Feature",
   "geometry": {
    "type": "Point",
    "coordinates": [
     -3.73145,
     43.38723
    ]
   },
   "properties": {
    "id": "EST-SOLARES",
    "name": "Solares",
    "province": "Cantabria",
    "marker-symbol": "rail",
    "marker-size": "small",
    "marker-color": "#666666"
   }
  },
  {
   "type": "Feature",
   "geometry": {
    "type": "Point",
    "coordinates": [
     2.18692,
     41.41014
    ]
   },
   "properties": {
    "id": "EST-ELCLOT",
    "name": "El Clot",
    "province": "Barcelona",
    "marker-symbol": "rail",
    "marker-size": "small",
    "marker-color": "#666666"
   }
  },
  {
   "type": "Feature",
   "geometry": {
    "type": "Point",
    "coordinates": [
     -6.20688,
     36.46792
    ]
   },
   "properties": {
    "id": "EST-SANFERNANDOBAHIASUR",
    "name": "San Fernando-Bahía Sur",
    "province": "Cádiz",
    "marker-symbol": "rail",
    "marker-size": "small",
    "marker-color": "#666666"
   }
  },
  {
   "type": "Feature",
   "geometry": {
    "type": "Point",
    "coordinates": [
     -5.41207,
     42.85511
    ]
   },
   "properties": {
    "id": "EST-LAVECILLA",
    "name": "La Vecilla",
    "province": "León",
    "marker-symbol": "rail",
    "marker-size": "small",
    "marker-color": "#666666"
   }
  },
  {
   "type": "Feature",
   "geometry": {
    "type": "Point",
    "coordinates": [
     -0.8839,
     41.65521
    ]
   },
   "properties": {
    "id": "EST-CESARAUGUSTO",
    "name": "César Augusto",
    "province": "Zaragoza",
    "marker-symbol": "rail",
    "marker-size": "small",
    "marker-color": "#666666"
   }
  },
  {
   "type": "Feature",
   "geometry": {
    "type": "Point",
    "coordinates": [
     -3.42105,
     43.34653
    ]
   },
   "properties": {
    "id": "EST-MARRON",
    "name": "Marrón",
    "province": "Cantabria",
    "marker-symbol": "rail",
    "marker-size": "small",
    "marker-color": "#666666"
   }
  },
  {
   "type": "Feature",
   "geometry": {
    "type": "Point",
    "coordinates": [
     2.13937,
     41.36786
    ]
   },
   "properties": {
    "id": "EST-MAGORIALACAMPANA",
    "name": "Magòria-La Campana",
    "province": "Barcelona",
    "marker-symbol": "rail",
    "marker-size": "small",
    "marker-color": "#666666"
   }
  },
  {
   "type": "Feature",
   "geometry": {
    "type": "Point",
    "coordinates": [
     -3.13892,
     40.83117
    ]
   },
   "properties": {
    "id": "EST-HUMANESDEMOHERNANDO",
    "name": "Humanes de Mohernando",
    "province": "Guadalajara",
    "marker-symbol": "rail",
    "marker-size": "small",
    "marker-color": "#666666"
   }
  },
  {
   "type": "Feature",
   "geometry": {
    "type": "Point",
    "coordinates": [
     -6.96215,
     37.36789
    ]
   },
   "properties": {
    "id": "EST-GIBRALEON",
    "name": "Gibraleón",
    "province": "Huelva",
    "marker-symbol": "rail",
    "marker-size": "small",
    "marker-color": "#666666"
   }
  },
  {
   "type": "Feature",
   "geometry": {
    "type": "Point",
    "coordinates": [
     2.71948,
     41.70705
    ]
   },
   "properties": {
    "id": "EST-TORDERA",
    "name": "Tordera",
    "province": "Barcelona",
    "marker-symbol": "rail",
    "marker-size": "small",
    "marker-color": "#666666"
   }
  },
  {
   "type": "Feature",
   "geometry": {
    "type": "Point",
    "coordinates": [
     2.96561,
     42.12222
    ]
   },
   "properties": {
    "id": "EST-CAMALLERA",
    "name": "Camallera",
    "province": "Girona",
    "marker-symbol": "rail",
    "marker-size": "small",
    "marker-color": "#666666"
   }
  },
  {
   "type": "Feature",
   "geometry": {
    "type": "Point",
    "coordinates": [
     -1.08621,
     41.46913
    ]
   },
   "properties": {
    "id": "EST-ARANALESMUEL",
    "name": "Arañales-Muel",
    "province": "Zaragoza",
    "marker-symbol": "rail",
    "marker-size": "small",
    "marker-color": "#666666"
   }
  },
  {
   "type": "Feature",
   "geometry": {
    "type": "Point",
    "coordinates": [
     -2.69367,
     43.39087
    ]
   },
   "properties": {
    "id": "EST-AXPEBUSTURIA",
    "name": "Axpe-Busturia",
    "province": "Bizkaia",
    "marker-symbol": "rail",
    "marker-size": "small",
    "marker-color": "#666666"
   }
  },
  {
   "type": "Feature",
   "geometry": {
    "type": "Point",
    "coordinates": [
     -3.67653,
     40.4618
    ]
   },
   "properties": {
    "id": "EST-PIOXII",
    "name": "Pío XII",
    "province": "Madrid",
    "marker-symbol": "rail",
    "marker-size": "small",
    "marker-color": "#666666"
   }
  },
  {
   "type": "Feature",
   "geometry": {
    "type": "Point",
    "coordinates": [
     -4.18952,
     40.74084
    ]
   },
   "properties": {
    "id": "EST-ELESPINAR",
    "name": "El Espinar",
    "province": "Segovia",
    "marker-symbol": "rail",
    "marker-size": "small",
    "marker-color": "#666666"
   }
  },
  {
   "type": "Feature",
   "geometry": {
    "type": "Point",
    "coordinates": [
     2.16644,
     41.44177
    ]
   },
   "properties": {
    "id": "EST-CANYELLES",
    "name": "Canyelles",
    "province": "Barcelona",
    "marker-symbol": "rail",
    "marker-size": "small",
    "marker-color": "#666666"
   }
  },
  {
   "type": "Feature",
   "geometry": {
    "type": "Point",
    "coordinates": [
     -5.38682,
     36.54024
    ]
   },
   "properties": {
    "id": "EST-GAUCIN",
    "name": "Gaucín",
    "province": "Málaga",
    "marker-symbol": "rail",
    "marker-size": "small",
    "marker-color": "#666666"
   }
  },
  {
   "type": "Feature",
   "geometry": {
    "type": "Point",
    "coordinates": [
     -0.15543,
     41.23144
    ]
   },
   "properties": {
    "id": "EST-CHIPRANA",
    "name": "Chiprana",
    "province": "Zaragoza",
    "marker-symbol": "rail",
    "marker-size": "small",
    "marker-color": "#666666"
   }
  },
  {
   "type": "Feature",
   "geometry": {
    "type": "Point",
    "coordinates": [
     1.9186,
     41.48403
    ]
   },
   "properties": {
    "id": "EST-MARTORELLENLLAC",
    "name": "Martorell Enllaç",
    "province": "Barcelona",
    "marker-symbol": "rail",
    "marker-size": "small",
    "marker-color": "#666666"
   }
  },
  {
   "type": "Feature",
   "geometry": {
    "type": "Point",
    "coordinates": [
     -1.97481,
     43.30226
    ]
   },
   "properties": {
    "id": "EST-ANOETADONOSTIA-Gipuzkoa-DonostiaSanSebastin",
    "name": "Anoeta-Donostia",
    "province": "Gipuzkoa",
    "marker-symbol": "rail",
    "marker-size": "small",
    "marker-color": "#666666"
   }
  },
  {
   "type": "Feature",
   "geometry": {
    "type": "Point",
    "coordinates": [
     -1.97481,
     43.30226
    ]
   },
   "properties": {
    "id": "EST-ANOETADONOSTIA-Gipuzkoa-Anoeta",
    "name": "Anoeta",
    "province": "Gipuzkoa",
    "marker-symbol": "rail",
    "marker-size": "small",
    "marker-color": "#666666"
   }
  },
  {
   "type": "Feature",
   "geometry": {
    "type": "Point",
    "coordinates": [
     2.04295,
     41.34849
    ]
   },
   "properties": {
    "id": "EST-SANTBOI",
    "name": "Sant Boi",
    "province": "Barcelona",
    "marker-symbol": "rail",
    "marker-size": "small",
    "marker-color": "#666666"
   }
  },
  {
   "type": "Feature",
   "geometry": {
    "type": "Point",
    "coordinates": [
     1.83336,
     41.58876
    ]
   },
   "properties": {
    "id": "EST-SANTJOAN",
    "name": "Sant Joan",
    "province": "Barcelona",
    "marker-symbol": "rail",
    "marker-size": "small",
    "marker-color": "#666666"
   }
  },
  {
   "type": "Feature",
   "geometry": {
    "type": "Point",
    "coordinates": [
     -0.8011,
     38.4849
    ]
   },
   "properties": {
    "id": "EST-ELDAPETRER",
    "name": "Elda-Petrer",
    "province": "Alicante",
    "marker-symbol": "rail",
    "marker-size": "small",
    "marker-color": "#666666"
   }
  },
  {
   "type": "Feature",
   "geometry": {
    "type": "Point",
    "coordinates": [
     2.07347,
     41.30427
    ]
   },
   "properties": {
    "id": "EST-AEROPORT",
    "name": "Aeroport",
    "province": "Barcelona",
    "marker-symbol": "rail",
    "marker-size": "small",
    "marker-color": "#666666"
   }
  },
  {
   "type": "Feature",
   "geometry": {
    "type": "Point",
    "coordinates": [
     2.44552,
     41.53305
    ]
   },
   "properties": {
    "id": "EST-MATARO",
    "name": "Mataró",
    "province": "Barcelona",
    "marker-symbol": "rail",
    "marker-size": "small",
    "marker-color": "#666666"
   }
  },
  {
   "type": "Feature",
   "geometry": {
    "type": "Point",
    "coordinates": [
     -5.99545,
     43.55114
    ]
   },
   "properties": {
    "id": "EST-VEGARROZADAS",
    "name": "Vegarrozadas",
    "province": "Asturias",
    "marker-symbol": "rail",
    "marker-size": "small",
    "marker-color": "#666666"
   }
  },
  {
   "type": "Feature",
   "geometry": {
    "type": "Point",
    "coordinates": [
     -3.87442,
     40.31631
    ]
   },
   "properties": {
    "id": "EST-HOSPITALDEMOSTOLES",
    "name": "Hospital de Móstoles",
    "province": "Madrid",
    "marker-symbol": "rail",
    "marker-size": "small",
    "marker-color": "#666666"
   }
  },
  {
   "type": "Feature",
   "geometry": {
    "type": "Point",
    "coordinates": [
     -2.14369,
     40.03396
    ]
   },
   "properties": {
    "id": "EST-CUENCA",
    "name": "Cuenca",
    "province": "Cuenca",
    "marker-symbol": "rail",
    "marker-size": "small",
    "marker-color": "#666666"
   }
  },
  {
   "type": "Feature",
   "geometry": {
    "type": "Point",
    "coordinates": [
     -3.26637,
     39.50422
    ]
   },
   "properties": {
    "id": "EST-QUERO",
    "name": "Quero",
    "province": "Toledo",
    "marker-symbol": "rail",
    "marker-size": "small",
    "marker-color": "#666666"
   }
  },
  {
   "type": "Feature",
   "geometry": {
    "type": "Point",
    "coordinates": [
     -0.82216,
     41.7654
    ]
   },
   "properties": {
    "id": "EST-VILLANUEVADEGALLEGO",
    "name": "Villanueva de Gállego",
    "province": "Zaragoza",
    "marker-symbol": "rail",
    "marker-size": "small",
    "marker-color": "#666666"
   }
  },
  {
   "type": "Feature",
   "geometry": {
    "type": "Point",
    "coordinates": [
     -1.32546,
     41.56835
    ]
   },
   "properties": {
    "id": "EST-SALILLASDEJALON",
    "name": "Salillas de Jalón",
    "province": "Zaragoza",
    "marker-symbol": "rail",
    "marker-size": "small",
    "marker-color": "#666666"
   }
  },
  {
   "type": "Feature",
   "geometry": {
    "type": "Point",
    "coordinates": [
     -0.37906,
     39.27928
    ]
   },
   "properties": {
    "id": "EST-SOLLANA",
    "name": "Sollana",
    "province": "Valencia",
    "marker-symbol": "rail",
    "marker-size": "small",
    "marker-color": "#666666"
   }
  },
  {
   "type": "Feature",
   "geometry": {
    "type": "Point",
    "coordinates": [
     2.16577,
     42.22165
    ]
   },
   "properties": {
    "id": "EST-CAMPDEVANOL",
    "name": "Campdevànol",
    "province": "Girona",
    "marker-symbol": "rail",
    "marker-size": "small",
    "marker-color": "#666666"
   }
  },
  {
   "type": "Feature",
   "geometry": {
    "type": "Point",
    "coordinates": [
     2.28866,
     41.68449
    ]
   },
   "properties": {
    "id": "EST-LAGARRIGA",
    "name": "La Garriga",
    "province": "Barcelona",
    "marker-symbol": "rail",
    "marker-size": "small",
    "marker-color": "#666666"
   }
  },
  {
   "type": "Feature",
   "geometry": {
    "type": "Point",
    "coordinates": [
     -6.10361,
     43.54889
    ]
   },
   "properties": {
    "id": "EST-MUROSDENALON",
    "name": "Muros de Nalón",
    "province": "Asturias",
    "marker-symbol": "rail",
    "marker-size": "small",
    "marker-color": "#666666"
   }
  },
  {
   "type": "Feature",
   "geometry": {
    "type": "Point",
    "coordinates": [
     2.24538,
     41.54972
    ]
   },
   "properties": {
    "id": "EST-MONTMELO",
    "name": "Montmeló",
    "province": "Barcelona",
    "marker-symbol": "rail",
    "marker-size": "small",
    "marker-color": "#666666"
   }
  },
  {
   "type": "Feature",
   "geometry": {
    "type": "Point",
    "coordinates": [
     2.15798,
     41.39287
    ]
   },
   "properties": {
    "id": "EST-PROVENCA",
    "name": "Provença",
    "province": "Barcelona",
    "marker-symbol": "rail",
    "marker-size": "small",
    "marker-color": "#666666"
   }
  },
  {
   "type": "Feature",
   "geometry": {
    "type": "Point",
    "coordinates": [
     2.18825,
     41.48405
    ]
   },
   "properties": {
    "id": "EST-MONTCADAIREIXAC",
    "name": "Montcada i Reixac",
    "province": "Barcelona",
    "marker-symbol": "rail",
    "marker-size": "small",
    "marker-color": "#666666"
   }
  },
  {
   "type": "Feature",
   "geometry": {
    "type": "Point",
    "coordinates": [
     -3.78402,
     40.38371
    ]
   },
   "properties": {
    "id": "EST-AVIACIONESPANOLA",
    "name": "Aviación Española",
    "province": "Madrid",
    "marker-symbol": "rail",
    "marker-size": "small",
    "marker-color": "#666666"
   }
  },
  {
   "type": "Feature",
   "geometry": {
    "type": "Point",
    "coordinates": [
     -3.72731,
     40.32296
    ]
   },
   "properties": {
    "id": "EST-LASMARGARITASUNIVERSIDAD",
    "name": "Las Margaritas Universidad",
    "province": "Madrid",
    "marker-symbol": "rail",
    "marker-size": "small",
    "marker-color": "#666666"
   }
  },
  {
   "type": "Feature",
   "geometry": {
    "type": "Point",
    "coordinates": [
     -0.36577,
     39.75296
    ]
   },
   "properties": {
    "id": "EST-ALGIMIA",
    "name": "Algímia",
    "province": "Valencia",
    "marker-symbol": "rail",
    "marker-size": "small",
    "marker-color": "#666666"
   }
  },
  {
   "type": "Feature",
   "geometry": {
    "type": "Point",
    "coordinates": [
     -0.72292,
     39.47105
    ]
   },
   "properties": {
    "id": "EST-CHIVA",
    "name": "Chiva",
    "province": "Valencia",
    "marker-symbol": "rail",
    "marker-size": "small",
    "marker-color": "#666666"
   }
  },
  {
   "type": "Feature",
   "geometry": {
    "type": "Point",
    "coordinates": [
     -2.77762,
     43.16402
    ]
   },
   "properties": {
    "id": "EST-SABINOARANA",
    "name": "Sabino Arana",
    "province": "Bizkaia",
    "marker-symbol": "rail",
    "marker-size": "small",
    "marker-color": "#666666"
   }
  },
  {
   "type": "Feature",
   "geometry": {
    "type": "Point",
    "coordinates": [
     -5.94367,
     37.354
    ]
   },
   "properties": {
    "id": "EST-PABLODEOLAVIDE",
    "name": "Pablo de Olavide",
    "province": "Sevilla",
    "marker-symbol": "rail",
    "marker-size": "small",
    "marker-color": "#666666"
   }
  },
  {
   "type": "Feature",
   "geometry": {
    "type": "Point",
    "coordinates": [
     -5.38416,
     43.35988
    ]
   },
   "properties": {
    "id": "EST-PINTUELES",
    "name": "Pintueles",
    "province": "Asturias",
    "marker-symbol": "rail",
    "marker-size": "small",
    "marker-color": "#666666"
   }
  },
  {
   "type": "Feature",
   "geometry": {
    "type": "Point",
    "coordinates": [
     -6.05688,
     37.42666
    ]
   },
   "properties": {
    "id": "EST-VALENCINASANTIPONCE",
    "name": "Valencina-Santiponce",
    "province": "Sevilla",
    "marker-symbol": "rail",
    "marker-size": "small",
    "marker-color": "#666666"
   }
  },
  {
   "type": "Feature",
   "geometry": {
    "type": "Point",
    "coordinates": [
     -0.3542,
     39.51222
    ]
   },
   "properties": {
    "id": "EST-ALMASSERA",
    "name": "Almàssera",
    "province": "Valencia",
    "marker-symbol": "rail",
    "marker-size": "small",
    "marker-color": "#666666"
   }
  },
  {
   "type": "Feature",
   "geometry": {
    "type": "Point",
    "coordinates": [
     -2.17796,
     41.26407
    ]
   },
   "properties": {
    "id": "EST-SANTAMARIADEHUERTA",
    "name": "Santa María de Huerta",
    "province": "Soria",
    "marker-symbol": "rail",
    "marker-size": "small",
    "marker-color": "#666666"
   }
  },
  {
   "type": "Feature",
   "geometry": {
    "type": "Point",
    "coordinates": [
     1.27472,
     41.6737
    ]
   },
   "properties": {
    "id": "EST-CERVERA",
    "name": "Cervera",
    "province": "Lleida",
    "marker-symbol": "rail",
    "marker-size": "small",
    "marker-color": "#666666"
   }
  },
  {
   "type": "Feature",
   "geometry": {
    "type": "Point",
    "coordinates": [
     -4.56708,
     36.5823
    ]
   },
   "properties": {
    "id": "EST-TORREMUELLE",
    "name": "Torremuelle",
    "province": "Málaga",
    "marker-symbol": "rail",
    "marker-size": "small",
    "marker-color": "#666666"
   }
  },
  {
   "type": "Feature",
   "geometry": {
    "type": "Point",
    "coordinates": [
     -2.67969,
     42.87621
    ]
   },
   "properties": {
    "id": "EST-ABETXUKO",
    "name": "Abetxuko",
    "province": "Álava",
    "marker-symbol": "rail",
    "marker-size": "small",
    "marker-color": "#666666"
   }
  },
  {
   "type": "Feature",
   "geometry": {
    "type": "Point",
    "coordinates": [
     -2.96961,
     43.13292
    ]
   },
   "properties": {
    "id": "EST-SANTACRUZDELLODIO",
    "name": "Santa Cruz de Llodio",
    "province": "Álava",
    "marker-symbol": "rail",
    "marker-size": "small",
    "marker-color": "#666666"
   }
  },
  {
   "type": "Feature",
   "geometry": {
    "type": "Point",
    "coordinates": [
     -5.42997,
     36.27665
    ]
   },
   "properties": {
    "id": "EST-ALMORAIMA",
    "name": "Almoraima",
    "province": "Cádiz",
    "marker-symbol": "rail",
    "marker-size": "small",
    "marker-color": "#666666"
   }
  },
  {
   "type": "Feature",
   "geometry": {
    "type": "Point",
    "coordinates": [
     -4.47858,
     36.71655
    ]
   },
   "properties": {
    "id": "EST-CLINICO",
    "name": "Clínico",
    "province": "Málaga",
    "marker-symbol": "rail",
    "marker-size": "small",
    "marker-color": "#666666"
   }
  },
  {
   "type": "Feature",
   "geometry": {
    "type": "Point",
    "coordinates": [
     -0.39777,
     39.45509
    ]
   },
   "properties": {
    "id": "EST-SAFRANAR",
    "name": "Safranar",
    "province": "Valencia",
    "marker-symbol": "rail",
    "marker-size": "small",
    "marker-color": "#666666"
   }
  },
  {
   "type": "Feature",
   "geometry": {
    "type": "Point",
    "coordinates": [
     -0.35871,
     39.49209
    ]
   },
   "properties": {
    "id": "EST-MACHADO",
    "name": "Machado",
    "province": "Valencia",
    "marker-symbol": "rail",
    "marker-size": "small",
    "marker-color": "#666666"
   }
  },
  {
   "type": "Feature",
   "geometry": {
    "type": "Point",
    "coordinates": [
     -5.86482,
     43.3652
    ]
   },
   "properties": {
    "id": "EST-ARGANOSA",
    "name": "Argañosa",
    "province": "Asturias",
    "marker-symbol": "rail",
    "marker-size": "small",
    "marker-color": "#666666"
   }
  },
  {
   "type": "Feature",
   "geometry": {
    "type": "Point",
    "coordinates": [
     -3.85841,
     42.99637
    ]
   },
   "properties": {
    "id": "EST-CABANASDEVIRTUS",
    "name": "Cabañas de Virtus",
    "province": "Burgos",
    "marker-symbol": "rail",
    "marker-size": "small",
    "marker-color": "#666666"
   }
  },
  {
   "type": "Feature",
   "geometry": {
    "type": "Point",
    "coordinates": [
     -3.7845,
     40.40722
    ]
   },
   "properties": {
    "id": "EST-COLONIADELOSANGELES",
    "name": "Colonia de los Ángeles",
    "province": "Madrid",
    "marker-symbol": "rail",
    "marker-size": "small",
    "marker-color": "#666666"
   }
  },
  {
   "type": "Feature",
   "geometry": {
    "type": "Point",
    "coordinates": [
     -2.68471,
     42.85819
    ]
   },
   "properties": {
    "id": "EST-EUSKALHERRIA",
    "name": "Euskal Herria",
    "province": "Álava",
    "marker-symbol": "rail",
    "marker-size": "small",
    "marker-color": "#666666"
   }
  },
  {
   "type": "Feature",
   "geometry": {
    "type": "Point",
    "coordinates": [
     2.20977,
     41.42989
    ]
   },
   "properties": {
    "id": "EST-VERNEDA",
    "name": "Verneda",
    "province": "Barcelona",
    "marker-symbol": "rail",
    "marker-size": "small",
    "marker-color": "#666666"
   }
  },
  {
   "type": "Feature",
   "geometry": {
    "type": "Point",
    "coordinates": [
     -5.86677,
     37.5461
    ]
   },
   "properties": {
    "id": "EST-BRENES",
    "name": "Brenes",
    "province": "Sevilla",
    "marker-symbol": "rail",
    "marker-size": "small",
    "marker-color": "#666666"
   }
  },
  {
   "type": "Feature",
   "geometry": {
    "type": "Point",
    "coordinates": [
     2.00494,
     41.39934
    ]
   },
   "properties": {
    "id": "EST-CANROS",
    "name": "Can Ros",
    "province": "Barcelona",
    "marker-symbol": "rail",
    "marker-size": "small",
    "marker-color": "#666666"
   }
  },
  {
   "type": "Feature",
   "geometry": {
    "type": "Point",
    "coordinates": [
     2.63167,
     41.7479
    ]
   },
   "properties": {
    "id": "EST-HOSTALRIC",
    "name": "Hostalric",
    "province": "Girona",
    "marker-symbol": "rail",
    "marker-size": "small",
    "marker-color": "#666666"
   }
  },
  {
   "type": "Feature",
   "geometry": {
    "type": "Point",
    "coordinates": [
     -0.94395,
     40.21239
    ]
   },
   "properties": {
    "id": "EST-PUEBLADEVALVERDE",
    "name": "Puebla de Valverde",
    "province": "Teruel",
    "marker-symbol": "rail",
    "marker-size": "small",
    "marker-color": "#666666"
   }
  },
  {
   "type": "Feature",
   "geometry": {
    "type": "Point",
    "coordinates": [
     -1.89869,
     43.31101
    ]
   },
   "properties": {
    "id": "EST-LEZOERRENTERIA",
    "name": "Lezo-Errenteria",
    "province": "Gipuzkoa",
    "marker-symbol": "rail",
    "marker-size": "small",
    "marker-color": "#666666"
   }
  },
  {
   "type": "Feature",
   "geometry": {
    "type": "Point",
    "coordinates": [
     -5.77268,
     43.58458
    ]
   },
   "properties": {
    "id": "EST-CANDAS",
    "name": "Candás",
    "province": "Asturias",
    "marker-symbol": "rail",
    "marker-size": "small",
    "marker-color": "#666666"
   }
  },
  {
   "type": "Feature",
   "geometry": {
    "type": "Point",
    "coordinates": [
     2.23369,
     41.44044
    ]
   },
   "properties": {
    "id": "EST-GORG",
    "name": "Gorg",
    "province": "Barcelona",
    "marker-symbol": "rail",
    "marker-size": "small",
    "marker-color": "#666666"
   }
  },
  {
   "type": "Feature",
   "geometry": {
    "type": "Point",
    "coordinates": [
     -3.68841,
     40.39323
    ]
   },
   "properties": {
    "id": "EST-ARGANZUELAPLANETARIO",
    "name": "Arganzuela-Planetario",
    "province": "Madrid",
    "marker-symbol": "rail",
    "marker-size": "small",
    "marker-color": "#666666"
   }
  },
  {
   "type": "Feature",
   "geometry": {
    "type": "Point",
    "coordinates": [
     -5.72059,
     43.53817
    ]
   },
   "properties": {
    "id": "EST-PUENTESECO",
    "name": "Puente Seco",
    "province": "Asturias",
    "marker-symbol": "rail",
    "marker-size": "small",
    "marker-color": "#666666"
   }
  },
  {
   "type": "Feature",
   "geometry": {
    "type": "Point",
    "coordinates": [
     -0.32371,
     39.52648
    ]
   },
   "properties": {
    "id": "EST-ROCACUPER",
    "name": "Roca-Cúper",
    "province": "Valencia",
    "marker-symbol": "rail",
    "marker-size": "small",
    "marker-color": "#666666"
   }
  },
  {
   "type": "Feature",
   "geometry": {
    "type": "Point",
    "coordinates": [
     -3.74472,
     40.39923
    ]
   },
   "properties": {
    "id": "EST-LAGUNA",
    "name": "Laguna",
    "province": "Madrid",
    "marker-symbol": "rail",
    "marker-size": "small",
    "marker-color": "#666666"
   }
  },
  {
   "type": "Feature",
   "geometry": {
    "type": "Point",
    "coordinates": [
     -0.47951,
     38.36322
    ]
   },
   "properties": {
    "id": "EST-GARBINET",
    "name": "Garbinet",
    "province": "Alicante",
    "marker-symbol": "rail",
    "marker-size": "small",
    "marker-color": "#666666"
   }
  },
  {
   "type": "Feature",
   "geometry": {
    "type": "Point",
    "coordinates": [
     1.70851,
     41.52034
    ]
   },
   "properties": {
    "id": "EST-VALLBONADANOIA",
    "name": "Vallbona d'Anoia",
    "province": "Barcelona",
    "marker-symbol": "rail",
    "marker-size": "small",
    "marker-color": "#666666"
   }
  },
  {
   "type": "Feature",
   "geometry": {
    "type": "Point",
    "coordinates": [
     -3.76655,
     43.40105
    ]
   },
   "properties": {
    "id": "EST-HERAS",
    "name": "Heras",
    "province": "Cantabria",
    "marker-symbol": "rail",
    "marker-size": "small",
    "marker-color": "#666666"
   }
  },
  {
   "type": "Feature",
   "geometry": {
    "type": "Point",
    "coordinates": [
     -3.69599,
     40.50534
    ]
   },
   "properties": {
    "id": "EST-MONTECARMELO",
    "name": "Montecarmelo",
    "province": "Madrid",
    "marker-symbol": "rail",
    "marker-size": "small",
    "marker-color": "#666666"
   }
  },
  {
   "type": "Feature",
   "geometry": {
    "type": "Point",
    "coordinates": [
     1.75441,
     41.52588
    ]
   },
   "properties": {
    "id": "EST-PIERA",
    "name": "Piera",
    "province": "Barcelona",
    "marker-symbol": "rail",
    "marker-size": "small",
    "marker-color": "#666666"
   }
  },
  {
   "type": "Feature",
   "geometry": {
    "type": "Point",
    "coordinates": [
     2.95126,
     39.69067
    ]
   },
   "properties": {
    "id": "EST-ENLLAC",
    "name": "Enllaç",
    "province": "Baleares",
    "marker-symbol": "rail",
    "marker-size": "small",
    "marker-color": "#666666"
   }
  },
  {
   "type": "Feature",
   "geometry": {
    "type": "Point",
    "coordinates": [
     2.15298,
     41.40206
    ]
   },
   "properties": {
    "id": "EST-FONTANA",
    "name": "Fontana",
    "province": "Barcelona",
    "marker-symbol": "rail",
    "marker-size": "small",
    "marker-color": "#666666"
   }
  },
  {
   "type": "Feature",
   "geometry": {
    "type": "Point",
    "coordinates": [
     -5.50822,
     42.80634
    ]
   },
   "properties": {
    "id": "EST-PARDAVE",
    "name": "Pardavé",
    "province": "León",
    "marker-symbol": "rail",
    "marker-size": "small",
    "marker-color": "#666666"
   }
  },
  {
   "type": "Feature",
   "geometry": {
    "type": "Point",
    "coordinates": [
     2.18364,
     41.42978
    ]
   },
   "properties": {
    "id": "EST-FABRAIPUIG",
    "name": "Fabra i Puig",
    "province": "Barcelona",
    "marker-symbol": "rail",
    "marker-size": "small",
    "marker-color": "#666666"
   }
  },
  {
   "type": "Feature",
   "geometry": {
    "type": "Point",
    "coordinates": [
     -4.90536,
     42.78668
    ]
   },
   "properties": {
    "id": "EST-LAESPINA",
    "name": "La Espina",
    "province": "León",
    "marker-symbol": "rail",
    "marker-size": "small",
    "marker-color": "#666666"
   }
  },
  {
   "type": "Feature",
   "geometry": {
    "type": "Point",
    "coordinates": [
     -0.49385,
     39.85453
    ]
   },
   "properties": {
    "id": "EST-SEGORBEARRABAL",
    "name": "Segorbe-Arrabal",
    "province": "Castellón",
    "marker-symbol": "rail",
    "marker-size": "small",
    "marker-color": "#666666"
   }
  },
  {
   "type": "Feature",
   "geometry": {
    "type": "Point",
    "coordinates": [
     -2.99945,
     43.0744
    ]
   },
   "properties": {
    "id": "EST-SALBIO",
    "name": "Salbio",
    "province": "Álava",
    "marker-symbol": "rail",
    "marker-size": "small",
    "marker-color": "#666666"
   }
  },
  {
   "type": "Feature",
   "geometry": {
    "type": "Point",
    "coordinates": [
     2.90584,
     39.7181
    ]
   },
   "properties": {
    "id": "EST-PONTDINCA",
    "name": "Pont d'Inca",
    "province": "Baleares",
    "marker-symbol": "rail",
    "marker-size": "small",
    "marker-color": "#666666"
   }
  },
  {
   "type": "Feature",
   "geometry": {
    "type": "Point",
    "coordinates": [
     -1.58607,
     37.41182
    ]
   },
   "properties": {
    "id": "EST-AGUILASELLABRADORCICO",
    "name": "Águilas-El Labradorcico",
    "province": "Murcia",
    "marker-symbol": "rail",
    "marker-size": "small",
    "marker-color": "#666666"
   }
  },
  {
   "type": "Feature",
   "geometry": {
    "type": "Point",
    "coordinates": [
     -4.4855,
     36.64475
    ]
   },
   "properties": {
    "id": "EST-LOSALAMOS",
    "name": "Los Álamos",
    "province": "Málaga",
    "marker-symbol": "rail",
    "marker-size": "small",
    "marker-color": "#666666"
   }
  },
  {
   "type": "Feature",
   "geometry": {
    "type": "Point",
    "coordinates": [
     -2.96982,
     43.29101
    ]
   },
   "properties": {
    "id": "EST-LUTXANA",
    "name": "Lutxana",
    "province": "Bizkaia",
    "marker-symbol": "rail",
    "marker-size": "small",
    "marker-color": "#666666"
   }
  },
  {
   "type": "Feature",
   "geometry": {
    "type": "Point",
    "coordinates": [
     -4.1494,
     43.36115
    ]
   },
   "properties": {
    "id": "EST-SANPEDRODERUDAGUERA",
    "name": "San Pedro de Rudagüera",
    "province": "Cantabria",
    "marker-symbol": "rail",
    "marker-size": "small",
    "marker-color": "#666666"
   }
  },
  {
   "type": "Feature",
   "geometry": {
    "type": "Point",
    "coordinates": [
     -5.4255,
     37.33434
    ]
   },
   "properties": {
    "id": "EST-MARCHENA",
    "name": "Marchena",
    "province": "Sevilla",
    "marker-symbol": "rail",
    "marker-size": "small",
    "marker-color": "#666666"
   }
  },
  {
   "type": "Feature",
   "geometry": {
    "type": "Point",
    "coordinates": [
     2.80855,
     39.67761
    ]
   },
   "properties": {
    "id": "EST-CONSELLALARO",
    "name": "Consell-Alaró",
    "province": "Baleares",
    "marker-symbol": "rail",
    "marker-size": "small",
    "marker-color": "#666666"
   }
  },
  {
   "type": "Feature",
   "geometry": {
    "type": "Point",
    "coordinates": [
     -3.73816,
     43.39942
    ]
   },
   "properties": {
    "id": "EST-OREJO",
    "name": "Orejo",
    "province": "Cantabria",
    "marker-symbol": "rail",
    "marker-size": "small",
    "marker-color": "#666666"
   }
  },
  {
   "type": "Feature",
   "geometry": {
    "type": "Point",
    "coordinates": [
     -3.69598,
     40.42741
    ]
   },
   "properties": {
    "id": "EST-ALONSOMARTINEZ",
    "name": "Alonso Martínez",
    "province": "Madrid",
    "marker-symbol": "rail",
    "marker-size": "small",
    "marker-color": "#666666"
   }
  },
  {
   "type": "Feature",
   "geometry": {
    "type": "Point",
    "coordinates": [
     -3.04174,
     43.30147
    ]
   },
   "properties": {
    "id": "EST-ESCONTRILLA",
    "name": "Escontrilla",
    "province": "Bizkaia",
    "marker-symbol": "rail",
    "marker-size": "small",
    "marker-color": "#666666"
   }
  },
  {
   "type": "Feature",
   "geometry": {
    "type": "Point",
    "coordinates": [
     -2.83948,
     37.18472
    ]
   },
   "properties": {
    "id": "EST-FINANA",
    "name": "Fiñana",
    "province": "Almería",
    "marker-symbol": "rail",
    "marker-size": "small",
    "marker-color": "#666666"
   }
  },
  {
   "type": "Feature",
   "geometry": {
    "type": "Point",
    "coordinates": [
     -3.75106,
     40.38442
    ]
   },
   "properties": {
    "id": "EST-EUGENIADEMONTIJO",
    "name": "Eugenia de Montijo",
    "province": "Madrid",
    "marker-symbol": "rail",
    "marker-size": "small",
    "marker-color": "#666666"
   }
  },
  {
   "type": "Feature",
   "geometry": {
    "type": "Point",
    "coordinates": [
     -5.42873,
     42.85591
    ]
   },
   "properties": {
    "id": "EST-CAMPOHERMOSO",
    "name": "Campohermoso",
    "province": "León",
    "marker-symbol": "rail",
    "marker-size": "small",
    "marker-color": "#666666"
   }
  },
  {
   "type": "Feature",
   "geometry": {
    "type": "Point",
    "coordinates": [
     -0.48235,
     39.84706
    ]
   },
   "properties": {
    "id": "EST-SEGORBECIUDAD",
    "name": "Segorbe-Ciudad",
    "province": "Castellón",
    "marker-symbol": "rail",
    "marker-size": "small",
    "marker-color": "#666666"
   }
  },
  {
   "type": "Feature",
   "geometry": {
    "type": "Point",
    "coordinates": [
     -1.84786,
     42.23005
    ]
   },
   "properties": {
    "id": "EST-RINCONDESOTO",
    "name": "Rincón de Soto",
    "province": "La Rioja",
    "marker-symbol": "rail",
    "marker-size": "small",
    "marker-color": "#666666"
   }
  },
  {
   "type": "Feature",
   "geometry": {
    "type": "Point",
    "coordinates": [
     2.27156,
     41.72089
    ]
   },
   "properties": {
    "id": "EST-FIGARO",
    "name": "Figaró",
    "province": "Barcelona",
    "marker-symbol": "rail",
    "marker-size": "small",
    "marker-color": "#666666"
   }
  },
  {
   "type": "Feature",
   "geometry": {
    "type": "Point",
    "coordinates": [
     -5.73101,
     37.63547
    ]
   },
   "properties": {
    "id": "EST-ALCOLEADELRIO",
    "name": "Alcolea del Río",
    "province": "Sevilla",
    "marker-symbol": "rail",
    "marker-size": "small",
    "marker-color": "#666666"
   }
  },
  {
   "type": "Feature",
   "geometry": {
    "type": "Point",
    "coordinates": [
     2.20481,
     41.43613
    ]
   },
   "properties": {
    "id": "EST-BONPASTOR",
    "name": "Bon Pastor",
    "province": "Barcelona",
    "marker-symbol": "rail",
    "marker-size": "small",
    "marker-color": "#666666"
   }
  },
  {
   "type": "Feature",
   "geometry": {
    "type": "Point",
    "coordinates": [
     -1.93671,
     43.31962
    ]
   },
   "properties": {
    "id": "EST-HERRERADONOSTIA",
    "name": "Herrera-Donostia",
    "province": "Gipuzkoa",
    "marker-symbol": "rail",
    "marker-size": "small",
    "marker-color": "#666666"
   }
  },
  {
   "type": "Feature",
   "geometry": {
    "type": "Point",
    "coordinates": [
     1.51519,
     41.73015
    ]
   },
   "properties": {
    "id": "EST-CALAF",
    "name": "Calaf",
    "province": "Barcelona",
    "marker-symbol": "rail",
    "marker-size": "small",
    "marker-color": "#666666"
   }
  },
  {
   "type": "Feature",
   "geometry": {
    "type": "Point",
    "coordinates": [
     1.1558,
     41.0851
    ]
   },
   "properties": {
    "id": "EST-SALOUPORTAVENTURA",
    "name": "Salou - Port Aventura",
    "province": "Tarragona",
    "marker-symbol": "rail",
    "marker-size": "small",
    "marker-color": "#666666"
   }
  },
  {
   "type": "Feature",
   "geometry": {
    "type": "Point",
    "coordinates": [
     1.64138,
     41.57369
    ]
   },
   "properties": {
    "id": "EST-VILANOVADELCAMI",
    "name": "Vilanova del Camí",
    "province": "Barcelona",
    "marker-symbol": "rail",
    "marker-size": "small",
    "marker-color": "#666666"
   }
  },
  {
   "type": "Feature",
   "geometry": {
    "type": "Point",
    "coordinates": [
     -5.43457,
     43.35537
    ]
   },
   "properties": {
    "id": "EST-CARANCOS",
    "name": "Carancos",
    "province": "Asturias",
    "marker-symbol": "rail",
    "marker-size": "small",
    "marker-color": "#666666"
   }
  },
  {
   "type": "Feature",
   "geometry": {
    "type": "Point",
    "coordinates": [
     2.07056,
     41.35752
    ]
   },
   "properties": {
    "id": "EST-CORNELLARIERA",
    "name": "Cornellà Riera",
    "province": "Barcelona",
    "marker-symbol": "rail",
    "marker-size": "small",
    "marker-color": "#666666"
   }
  },
  {
   "type": "Feature",
   "geometry": {
    "type": "Point",
    "coordinates": [
     -3.84283,
     40.34155
    ]
   },
   "properties": {
    "id": "EST-LASRETAMAS",
    "name": "Las Retamas",
    "province": "Madrid",
    "marker-symbol": "rail",
    "marker-size": "small",
    "marker-color": "#666666"
   }
  },
  {
   "type": "Feature",
   "geometry": {
    "type": "Point",
    "coordinates": [
     -5.86148,
     43.47606
    ]
   },
   "properties": {
    "id": "EST-FERRONES",
    "name": "Ferroñes",
    "province": "Asturias",
    "marker-symbol": "rail",
    "marker-size": "small",
    "marker-color": "#666666"
   }
  },
  {
   "type": "Feature",
   "geometry": {
    "type": "Point",
    "coordinates": [
     -3.03039,
     43.32851
    ]
   },
   "properties": {
    "id": "EST-SANTURTZI",
    "name": "Santurtzi",
    "province": "Bizkaia",
    "marker-symbol": "rail",
    "marker-size": "small",
    "marker-color": "#666666"
   }
  },
  {
   "type": "Feature",
   "geometry": {
    "type": "Point",
    "coordinates": [
     -3.83677,
     40.47388
    ]
   },
   "properties": {
    "id": "EST-MONCLOA",
    "name": "Moncloa",
    "province": "Madrid",
    "marker-symbol": "rail",
    "marker-size": "small",
    "marker-color": "#666666"
   }
  },
  {
   "type": "Feature",
   "geometry": {
    "type": "Point",
    "coordinates": [
     -6.52214,
     42.4055
    ]
   },
   "properties": {
    "id": "EST-LEON",
    "name": "León",
    "province": "León",
    "marker-symbol": "rail",
    "marker-size": "small",
    "marker-color": "#666666"
   }
  },
  {
   "type": "Feature",
   "geometry": {
    "type": "Point",
    "coordinates": [
     -3.70591,
     40.42029
    ]
   },
   "properties": {
    "id": "EST-CALLAO",
    "name": "Callao",
    "province": "Madrid",
    "marker-symbol": "rail",
    "marker-size": "small",
    "marker-color": "#666666"
   }
  },
  {
   "type": "Feature",
   "geometry": {
    "type": "Point",
    "coordinates": [
     -3.61642,
     40.48181
    ]
   },
   "properties": {
    "id": "EST-VALDEBEBAS",
    "name": "Valdebebas",
    "province": "Madrid",
    "marker-symbol": "rail",
    "marker-size": "small",
    "marker-color": "#666666"
   }
  },
  {
   "type": "Feature",
   "geometry": {
    "type": "Point",
    "coordinates": [
     2.13405,
     41.41501
    ]
   },
   "properties": {
    "id": "EST-JOPEPGARI",
    "name": "Josep Garí",
    "province": "Barcelona",
    "marker-symbol": "rail",
    "marker-size": "small",
    "marker-color": "#666666"
   }
  },
  {
   "type": "Feature",
   "geometry": {
    "type": "Point",
    "coordinates": [
     -1.97412,
     43.22169
    ]
   },
   "properties": {
    "id": "EST-URNIETA",
    "name": "Urnieta",
    "province": "Gipuzkoa",
    "marker-symbol": "rail",
    "marker-size": "small",
    "marker-color": "#666666"
   }
  },
  {
   "type": "Feature",
   "geometry": {
    "type": "Point",
    "coordinates": [
     -2.68942,
     43.28679
    ]
   },
   "properties": {
    "id": "EST-MUXIKA",
    "name": "Muxika",
    "province": "Bizkaia",
    "marker-symbol": "rail",
    "marker-size": "small",
    "marker-color": "#666666"
   }
  },
  {
   "type": "Feature",
   "geometry": {
    "type": "Point",
    "coordinates": [
     -2.92252,
     43.25672
    ]
   },
   "properties": {
    "id": "EST-ZAZPIKALEAKBILBAO",
    "name": "Zazpikaleak-Bilbao",
    "province": "Bizkaia",
    "marker-symbol": "rail",
    "marker-size": "small",
    "marker-color": "#666666"
   }
  },
  {
   "type": "Feature",
   "geometry": {
    "type": "Point",
    "coordinates": [
     -6.1343,
     36.4087
    ]
   },
   "properties": {
    "id": "EST-PELAGATOS",
    "name": "Pelagatos",
    "province": "Cádiz",
    "marker-symbol": "rail",
    "marker-size": "small",
    "marker-color": "#666666"
   }
  },
  {
   "type": "Feature",
   "geometry": {
    "type": "Point",
    "coordinates": [
     -2.0354,
     43.2774
    ]
   },
   "properties": {
    "id": "EST-USURBIL",
    "name": "Usurbil",
    "province": "Gipuzkoa",
    "marker-symbol": "rail",
    "marker-size": "small",
    "marker-color": "#666666"
   }
  },
  {
   "type": "Feature",
   "geometry": {
    "type": "Point",
    "coordinates": [
     -3.66122,
     40.48724
    ]
   },
   "properties": {
    "id": "EST-VIRGENDELCORTIJO",
    "name": "Virgen del Cortijo",
    "province": "Madrid",
    "marker-symbol": "rail",
    "marker-size": "small",
    "marker-color": "#666666"
   }
  },
  {
   "type": "Feature",
   "geometry": {
    "type": "Point",
    "coordinates": [
     -6.37731,
     38.44717
    ]
   },
   "properties": {
    "id": "EST-LOSSANTOSDEMAIMONA",
    "name": "Los Santos de Maimona",
    "province": "Badajoz",
    "marker-symbol": "rail",
    "marker-size": "small",
    "marker-color": "#666666"
   }
  },
  {
   "type": "Feature",
   "geometry": {
    "type": "Point",
    "coordinates": [
     -2.33447,
     43.0188
    ]
   },
   "properties": {
    "id": "EST-BRINKOLA",
    "name": "Brinkola",
    "province": "Gipuzkoa",
    "marker-symbol": "rail",
    "marker-size": "small",
    "marker-color": "#666666"
   }
  },
  {
   "type": "Feature",
   "geometry": {
    "type": "Point",
    "coordinates": [
     2.17168,
     42.30862
    ]
   },
   "properties": {
    "id": "EST-RIBESVILA",
    "name": "Ribes-Vila",
    "province": "Girona",
    "marker-symbol": "rail",
    "marker-size": "small",
    "marker-color": "#666666"
   }
  },
  {
   "type": "Feature",
   "geometry": {
    "type": "Point",
    "coordinates": [
     -3.70159,
     40.44159
    ]
   },
   "properties": {
    "id": "EST-RIOSROSAS",
    "name": "Ríos Rosas",
    "province": "Madrid",
    "marker-symbol": "rail",
    "marker-size": "small",
    "marker-color": "#666666"
   }
  },
  {
   "type": "Feature",
   "geometry": {
    "type": "Point",
    "coordinates": [
     -1.1585,
     41.40616
    ]
   },
   "properties": {
    "id": "EST-LONGARES",
    "name": "Longares",
    "province": "Zaragoza",
    "marker-symbol": "rail",
    "marker-size": "small",
    "marker-color": "#666666"
   }
  },
  {
   "type": "Feature",
   "geometry": {
    "type": "Point",
    "coordinates": [
     -5.85487,
     43.36636
    ]
   },
   "properties": {
    "id": "EST-OVIEDO",
    "name": "Oviedo",
    "province": "Asturias",
    "marker-symbol": "rail",
    "marker-size": "small",
    "marker-color": "#666666"
   }
  },
  {
   "type": "Feature",
   "geometry": {
    "type": "Point",
    "coordinates": [
     -5.95041,
     37.36777
    ]
   },
   "properties": {
    "id": "EST-COCHERAS-Sevilla-Sevilla",
    "name": "Cocheras",
    "province": "Sevilla",
    "marker-symbol": "rail",
    "marker-size": "small",
    "marker-color": "#666666"
   }
  },
  {
   "type": "Feature",
   "geometry": {
    "type": "Point",
    "coordinates": [
     -4.44031,
     36.70407
    ]
   },
   "properties": {
    "id": "EST-PRINCESAHUELIN",
    "name": "Princesa-Huelin",
    "province": "Málaga",
    "marker-symbol": "rail",
    "marker-size": "small",
    "marker-color": "#666666"
   }
  },
  {
   "type": "Feature",
   "geometry": {
    "type": "Point",
    "coordinates": [
     -5.44283,
     42.85473
    ]
   },
   "properties": {
    "id": "EST-AVIADOS",
    "name": "Aviados",
    "province": "León",
    "marker-symbol": "rail",
    "marker-size": "small",
    "marker-color": "#666666"
   }
  },
  {
   "type": "Feature",
   "geometry": {
    "type": "Point",
    "coordinates": [
     2.21581,
     41.44684
    ]
   },
   "properties": {
    "id": "EST-SANTAROSA",
    "name": "Santa Rosa",
    "province": "Barcelona",
    "marker-symbol": "rail",
    "marker-size": "small",
    "marker-color": "#666666"
   }
  },
  {
   "type": "Feature",
   "geometry": {
    "type": "Point",
    "coordinates": [
     2.08991,
     41.57123
    ]
   },
   "properties": {
    "id": "EST-SABADELLPARCDELNORD",
    "name": "Sabadell Parc del Nord",
    "province": "Barcelona",
    "marker-symbol": "rail",
    "marker-size": "small",
    "marker-color": "#666666"
   }
  },
  {
   "type": "Feature",
   "geometry": {
    "type": "Point",
    "coordinates": [
     -2.93456,
     43.26866
    ]
   },
   "properties": {
    "id": "EST-GUGGENHEIM",
    "name": "Guggenheim",
    "province": "Bizkaia",
    "marker-symbol": "rail",
    "marker-size": "small",
    "marker-color": "#666666"
   }
  },
  {
   "type": "Feature",
   "geometry": {
    "type": "Point",
    "coordinates": [
     -4.17491,
     43.33881
    ]
   },
   "properties": {
    "id": "EST-CASARDEPERIEDO",
    "name": "Casar de Periedo",
    "province": "Cantabria",
    "marker-symbol": "rail",
    "marker-size": "small",
    "marker-color": "#666666"
   }
  },
  {
   "type": "Feature",
   "geometry": {
    "type": "Point",
    "coordinates": [
     -1.6944,
     37.39464
    ]
   },
   "properties": {
    "id": "EST-JARAVIA",
    "name": "Jaravía",
    "province": "Almería",
    "marker-symbol": "rail",
    "marker-size": "small",
    "marker-color": "#666666"
   }
  },
  {
   "type": "Feature",
   "geometry": {
    "type": "Point",
    "coordinates": [
     -3.735,
     40.392
    ]
   },
   "properties": {
    "id": "EST-UGENA",
    "name": "Ugena",
    "province": "Madrid",
    "marker-symbol": "rail",
    "marker-size": "small",
    "marker-color": "#666666"
   }
  },
  {
   "type": "Feature",
   "geometry": {
    "type": "Point",
    "coordinates": [
     -3.775,
     37.785
    ]
   },
   "properties": {
    "id": "EST-CAMPUSLAGUNILLAS",
    "name": "Campus Lagunillas",
    "province": "Jaén",
    "marker-symbol": "rail",
    "marker-size": "small",
    "marker-color": "#666666"
   }
  },
  {
   "type": "Feature",
   "geometry": {
    "type": "Point",
    "coordinates": [
     -4.92299,
     41.29133
    ]
   },
   "properties": {
    "id": "EST-MEDINADELCAMPOAV",
    "name": "Medina del Campo AV",
    "province": "Valladolid",
    "marker-symbol": "rail",
    "marker-size": "small",
    "marker-color": "#666666"
   }
  },
  {
   "type": "Feature",
   "geometry": {
    "type": "Point",
    "coordinates": [
     -1.18407,
     37.99741
    ]
   },
   "properties": {
    "id": "EST-ELPORTON",
    "name": "El Portón",
    "province": "Murcia",
    "marker-symbol": "rail",
    "marker-size": "small",
    "marker-color": "#666666"
   }
  },
  {
   "type": "Feature",
   "geometry": {
    "type": "Point",
    "coordinates": [
     2.67149,
     39.59547
    ]
   },
   "properties": {
    "id": "EST-SONFUSTERVELL",
    "name": "Son Fuster Vell",
    "province": "Baleares",
    "marker-symbol": "rail",
    "marker-size": "small",
    "marker-color": "#666666"
   }
  },
  {
   "type": "Feature",
   "geometry": {
    "type": "Point",
    "coordinates": [
     -2.87587,
     43.22762
    ]
   },
   "properties": {
    "id": "EST-ARIZBASAURI",
    "name": "Ariz-Basauri",
    "province": "Bizkaia",
    "marker-symbol": "rail",
    "marker-size": "small",
    "marker-color": "#666666"
   }
  },
  {
   "type": "Feature",
   "geometry": {
    "type": "Point",
    "coordinates": [
     2.31007,
     41.98456
    ]
   },
   "properties": {
    "id": "EST-BACDERODA",
    "name": "Bac de Roda",
    "province": "Barcelona",
    "marker-symbol": "rail",
    "marker-size": "small",
    "marker-color": "#666666"
   }
  },
  {
   "type": "Feature",
   "geometry": {
    "type": "Point",
    "coordinates": [
     -4.85027,
     37.86746
    ]
   },
   "properties": {
    "id": "EST-ELHIGUERON",
    "name": "El Higuerón",
    "province": "Córdoba",
    "marker-symbol": "rail",
    "marker-size": "small",
    "marker-color": "#666666"
   }
  },
  {
   "type": "Feature",
   "geometry": {
    "type": "Point",
    "coordinates": [
     -0.10405,
     39.8965
    ]
   },
   "properties": {
    "id": "EST-BORRIANAALQUERIAS",
    "name": "Borriana-Alquerías",
    "province": "Castellón",
    "marker-symbol": "rail",
    "marker-size": "small",
    "marker-color": "#666666"
   }
  },
  {
   "type": "Feature",
   "geometry": {
    "type": "Point",
    "coordinates": [
     -0.00226,
     39.97506
    ]
   },
   "properties": {
    "id": "EST-CASTELLODELAPLANA",
    "name": "Castelló de la Plana",
    "province": "Castellón",
    "marker-symbol": "rail",
    "marker-size": "small",
    "marker-color": "#666666"
   }
  },
  {
   "type": "Feature",
   "geometry": {
    "type": "Point",
    "coordinates": [
     0.88808,
     42.10138
    ]
   },
   "properties": {
    "id": "EST-GUARDIADETREMP",
    "name": "Guàrdia de Tremp",
    "province": "Lleida",
    "marker-symbol": "rail",
    "marker-size": "small",
    "marker-color": "#666666"
   }
  },
  {
   "type": "Feature",
   "geometry": {
    "type": "Point",
    "coordinates": [
     2.59404,
     41.59227
    ]
   },
   "properties": {
    "id": "EST-SANTPOLDEMAR",
    "name": "Sant Pol de Mar",
    "province": "Barcelona",
    "marker-symbol": "rail",
    "marker-size": "small",
    "marker-color": "#666666"
   }
  },
  {
   "type": "Feature",
   "geometry": {
    "type": "Point",
    "coordinates": [
     -5.7317,
     37.60929
    ]
   },
   "properties": {
    "id": "EST-TOCINA",
    "name": "Tocina",
    "province": "Sevilla",
    "marker-symbol": "rail",
    "marker-size": "small",
    "marker-color": "#666666"
   }
  },
  {
   "type": "Feature",
   "geometry": {
    "type": "Point",
    "coordinates": [
     -0.35255,
     39.45576
    ]
   },
   "properties": {
    "id": "EST-CIUTATARTISICIENCIES",
    "name": "Ciutat Arts i Ciències",
    "province": "Valencia",
    "marker-symbol": "rail",
    "marker-size": "small",
    "marker-color": "#666666"
   }
  },
  {
   "type": "Feature",
   "geometry": {
    "type": "Point",
    "coordinates": [
     -4.73031,
     38.74053
    ]
   },
   "properties": {
    "id": "EST-ALMADENALMADENEJOS",
    "name": "Almadén-Almadenejos",
    "province": "Ciudad Real",
    "marker-symbol": "rail",
    "marker-size": "small",
    "marker-color": "#666666"
   }
  },
  {
   "type": "Feature",
   "geometry": {
    "type": "Point",
    "coordinates": [
     -0.38621,
     39.47015
    ]
   },
   "properties": {
    "id": "EST-ANGELGUIMERA",
    "name": "Àngel Guimerà",
    "province": "Valencia",
    "marker-symbol": "rail",
    "marker-size": "small",
    "marker-color": "#666666"
   }
  },
  {
   "type": "Feature",
   "geometry": {
    "type": "Point",
    "coordinates": [
     -3.60587,
     37.17015
    ]
   },
   "properties": {
    "id": "EST-RECOGIDAS",
    "name": "Recogidas",
    "province": "Granada",
    "marker-symbol": "rail",
    "marker-size": "small",
    "marker-color": "#666666"
   }
  },
  {
   "type": "Feature",
   "geometry": {
    "type": "Point",
    "coordinates": [
     -1.47818,
     41.47552
    ]
   },
   "properties": {
    "id": "EST-MORATADEJALON",
    "name": "Morata de Jalón",
    "province": "Zaragoza",
    "marker-symbol": "rail",
    "marker-size": "small",
    "marker-color": "#666666"
   }
  },
  {
   "type": "Feature",
   "geometry": {
    "type": "Point",
    "coordinates": [
     -4.75079,
     40.73921
    ]
   },
   "properties": {
    "id": "EST-CARDENOSADEAVILA",
    "name": "Cardeñosa de Ávila",
    "province": "Ávila",
    "marker-symbol": "rail",
    "marker-size": "small",
    "marker-color": "#666666"
   }
  },
  {
   "type": "Feature",
   "geometry": {
    "type": "Point",
    "coordinates": [
     -1.90644,
     43.31239
    ]
   },
   "properties": {
    "id": "EST-GALTZARABORDAERRENTERIA",
    "name": "Galtzaraborda-Errenteria",
    "province": "Gipuzkoa",
    "marker-symbol": "rail",
    "marker-size": "small",
    "marker-color": "#666666"
   }
  },
  {
   "type": "Feature",
   "geometry": {
    "type": "Point",
    "coordinates": [
     -5.89129,
     39.08594
    ]
   },
   "properties": {
    "id": "EST-DONBENITO",
    "name": "Don Benito",
    "province": "Badajoz",
    "marker-symbol": "rail",
    "marker-size": "small",
    "marker-color": "#666666"
   }
  },
  {
   "type": "Feature",
   "geometry": {
    "type": "Point",
    "coordinates": [
     -3.05048,
     43.20205
    ]
   },
   "properties": {
    "id": "EST-SODUPE",
    "name": "Sodupe",
    "province": "Bizkaia",
    "marker-symbol": "rail",
    "marker-size": "small",
    "marker-color": "#666666"
   }
  },
  {
   "type": "Feature",
   "geometry": {
    "type": "Point",
    "coordinates": [
     -5.45111,
     43.35617
    ]
   },
   "properties": {
    "id": "EST-CECEDA",
    "name": "Ceceda",
    "province": "Asturias",
    "marker-symbol": "rail",
    "marker-size": "small",
    "marker-color": "#666666"
   }
  },
  {
   "type": "Feature",
   "geometry": {
    "type": "Point",
    "coordinates": [
     -5.419,
     36.4679
    ]
   },
   "properties": {
    "id": "EST-SANPABLO",
    "name": "San Pablo",
    "province": "Cádiz",
    "marker-symbol": "rail",
    "marker-size": "small",
    "marker-color": "#666666"
   }
  },
  {
   "type": "Feature",
   "geometry": {
    "type": "Point",
    "coordinates": [
     -2.35555,
     43.29364
    ]
   },
   "properties": {
    "id": "EST-DEBA",
    "name": "Deba",
    "province": "Gipuzkoa",
    "marker-symbol": "rail",
    "marker-size": "small",
    "marker-color": "#666666"
   }
  },
  {
   "type": "Feature",
   "geometry": {
    "type": "Point",
    "coordinates": [
     -3.72642,
     40.4438
    ]
   },
   "properties": {
    "id": "EST-CIUDADUNIVERSITARIA",
    "name": "Ciudad Universitaria",
    "province": "Madrid",
    "marker-symbol": "rail",
    "marker-size": "small",
    "marker-color": "#666666"
   }
  },
  {
   "type": "Feature",
   "geometry": {
    "type": "Point",
    "coordinates": [
     2.08926,
     41.33089
    ]
   },
   "properties": {
    "id": "EST-ELPRATDELLOBREGAT",
    "name": "El Prat de Llobregat",
    "province": "Barcelona",
    "marker-symbol": "rail",
    "marker-size": "small",
    "marker-color": "#666666"
   }
  },
  {
   "type": "Feature",
   "geometry": {
    "type": "Point",
    "coordinates": [
     2.13333,
     41.37279
    ]
   },
   "properties": {
    "id": "EST-MERCATNOU",
    "name": "Mercat Nou",
    "province": "Barcelona",
    "marker-symbol": "rail",
    "marker-size": "small",
    "marker-color": "#666666"
   }
  },
  {
   "type": "Feature",
   "geometry": {
    "type": "Point",
    "coordinates": [
     -6.62699,
     42.04552
    ]
   },
   "properties": {
    "id": "EST-PUEBLADESANABRIA",
    "name": "Puebla de Sanabria",
    "province": "Zamora",
    "marker-symbol": "rail",
    "marker-size": "small",
    "marker-color": "#666666"
   }
  },
  {
   "type": "Feature",
   "geometry": {
    "type": "Point",
    "coordinates": [
     -5.50703,
     42.79091
    ]
   },
   "properties": {
    "id": "EST-PEDRUN",
    "name": "Pedrún",
    "province": "León",
    "marker-symbol": "rail",
    "marker-size": "small",
    "marker-color": "#666666"
   }
  },
  {
   "type": "Feature",
   "geometry": {
    "type": "Point",
    "coordinates": [
     2.98933,
     42.17229
    ]
   },
   "properties": {
    "id": "EST-FLUVIA",
    "name": "Fluvià",
    "province": "Girona",
    "marker-symbol": "rail",
    "marker-size": "small",
    "marker-color": "#666666"
   }
  },
  {
   "type": "Feature",
   "geometry": {
    "type": "Point",
    "coordinates": [
     -2.99263,
     43.29881
    ]
   },
   "properties": {
    "id": "EST-BAGATZA",
    "name": "Bagatza",
    "province": "Bizkaia",
    "marker-symbol": "rail",
    "marker-size": "small",
    "marker-color": "#666666"
   }
  },
  {
   "type": "Feature",
   "geometry": {
    "type": "Point",
    "coordinates": [
     -5.71772,
     43.55524
    ]
   },
   "properties": {
    "id": "EST-ABONO",
    "name": "Aboño",
    "province": "Asturias",
    "marker-symbol": "rail",
    "marker-size": "small",
    "marker-color": "#666666"
   }
  },
  {
   "type": "Feature",
   "geometry": {
    "type": "Point",
    "coordinates": [
     -3.6886,
     40.40697
    ]
   },
   "properties": {
    "id": "EST-MADRIDPUERTADEATOCHA",
    "name": "Madrid-Puerta de Atocha",
    "province": "Madrid",
    "marker-symbol": "rail",
    "marker-size": "small",
    "marker-color": "#666666"
   }
  },
  {
   "type": "Feature",
   "geometry": {
    "type": "Point",
    "coordinates": [
     -3.75312,
     40.40784
    ]
   },
   "properties": {
    "id": "EST-BATAN",
    "name": "Batán",
    "province": "Madrid",
    "marker-symbol": "rail",
    "marker-size": "small",
    "marker-color": "#666666"
   }
  },
  {
   "type": "Feature",
   "geometry": {
    "type": "Point",
    "coordinates": [
     -4.45505,
     36.7009
    ]
   },
   "properties": {
    "id": "EST-VICTORIAKENT",
    "name": "Victoria Kent",
    "province": "Málaga",
    "marker-symbol": "rail",
    "marker-size": "small",
    "marker-color": "#666666"
   }
  },
  {
   "type": "Feature",
   "geometry": {
    "type": "Point",
    "coordinates": [
     1.6298,
     41.57807
    ]
   },
   "properties": {
    "id": "EST-IGUALADA",
    "name": "Igualada",
    "province": "Barcelona",
    "marker-symbol": "rail",
    "marker-size": "small",
    "marker-color": "#666666"
   }
  },
  {
   "type": "Feature",
   "geometry": {
    "type": "Point",
    "coordinates": [
     2.19374,
     41.44877
    ]
   },
   "properties": {
    "id": "EST-TRINITATVELLA",
    "name": "Trinitat Vella",
    "province": "Barcelona",
    "marker-symbol": "rail",
    "marker-size": "small",
    "marker-color": "#666666"
   }
  },
  {
   "type": "Feature",
   "geometry": {
    "type": "Point",
    "coordinates": [
     -3.61873,
     40.3722
    ]
   },
   "properties": {
    "id": "EST-CONGOSTO",
    "name": "Congosto",
    "province": "Madrid",
    "marker-symbol": "rail",
    "marker-size": "small",
    "marker-color": "#666666"
   }
  },
  {
   "type": "Feature",
   "geometry": {
    "type": "Point",
    "coordinates": [
     -3.87442,
     40.31631
    ]
   },
   "properties": {
    "id": "EST-MOSTOLES",
    "name": "Móstoles",
    "province": "Madrid",
    "marker-symbol": "rail",
    "marker-size": "small",
    "marker-color": "#666666"
   }
  },
  {
   "type": "Feature",
   "geometry": {
    "type": "Point",
    "coordinates": [
     2.06625,
     41.35634
    ]
   },
   "properties": {
    "id": "EST-FONTSANTAFATJO",
    "name": "Fontsanta | Fatjó",
    "province": "Barcelona",
    "marker-symbol": "rail",
    "marker-size": "small",
    "marker-color": "#666666"
   }
  },
  {
   "type": "Feature",
   "geometry": {
    "type": "Point",
    "coordinates": [
     2.27658,
     41.61124
    ]
   },
   "properties": {
    "id": "EST-GRANOLLERSCANOVELLES",
    "name": "Granollers-Canovelles",
    "province": "Barcelona",
    "marker-symbol": "rail",
    "marker-size": "small",
    "marker-color": "#666666"
   }
  },
  {
   "type": "Feature",
   "geometry": {
    "type": "Point",
    "coordinates": [
     -2.94635,
     43.40122
    ]
   },
   "properties": {
    "id": "EST-PLENTZIA",
    "name": "Plentzia",
    "province": "Bizkaia",
    "marker-symbol": "rail",
    "marker-size": "small",
    "marker-color": "#666666"
   }
  },
  {
   "type": "Feature",
   "geometry": {
    "type": "Point",
    "coordinates": [
     -3.00978,
     40.0065
    ]
   },
   "properties": {
    "id": "EST-TARANCON",
    "name": "Tarancón",
    "province": "Cuenca",
    "marker-symbol": "rail",
    "marker-size": "small",
    "marker-color": "#666666"
   }
  },
  {
   "type": "Feature",
   "geometry": {
    "type": "Point",
    "coordinates": [
     -4.44611,
     36.71169
    ]
   },
   "properties": {
    "id": "EST-BARBARELA",
    "name": "Barbarela",
    "province": "Málaga",
    "marker-symbol": "rail",
    "marker-size": "small",
    "marker-color": "#666666"
   }
  },
  {
   "type": "Feature",
   "geometry": {
    "type": "Point",
    "coordinates": [
     -1.54028,
     41.47718
    ]
   },
   "properties": {
    "id": "EST-PURROY",
    "name": "Purroy",
    "province": "Zaragoza",
    "marker-symbol": "rail",
    "marker-size": "small",
    "marker-color": "#666666"
   }
  },
  {
   "type": "Feature",
   "geometry": {
    "type": "Point",
    "coordinates": [
     2.04644,
     41.47625
    ]
   },
   "properties": {
    "id": "EST-HOSPITALGENERAL",
    "name": "Hospital General",
    "province": "Barcelona",
    "marker-symbol": "rail",
    "marker-size": "small",
    "marker-color": "#666666"
   }
  },
  {
   "type": "Feature",
   "geometry": {
    "type": "Point",
    "coordinates": [
     -2.68942,
     43.28679
    ]
   },
   "properties": {
    "id": "EST-ZUGAZTIETAMUXIKA",
    "name": "Zugaztieta-Muxika",
    "province": "Bizkaia",
    "marker-symbol": "rail",
    "marker-size": "small",
    "marker-color": "#666666"
   }
  },
  {
   "type": "Feature",
   "geometry": {
    "type": "Point",
    "coordinates": [
     -4.0825,
     43.12277
    ]
   },
   "properties": {
    "id": "EST-PUJAYO",
    "name": "Pujayo",
    "province": "Cantabria",
    "marker-symbol": "rail",
    "marker-size": "small",
    "marker-color": "#666666"
   }
  },
  {
   "type": "Feature",
   "geometry": {
    "type": "Point",
    "coordinates": [
     -0.47312,
     38.36023
    ]
   },
   "properties": {
    "id": "EST-BULEVARDELPLA",
    "name": "Bulevar del Plà",
    "province": "Alicante",
    "marker-symbol": "rail",
    "marker-size": "small",
    "marker-color": "#666666"
   }
  },
  {
   "type": "Feature",
   "geometry": {
    "type": "Point",
    "coordinates": [
     2.14952,
     41.37557
    ]
   },
   "properties": {
    "id": "EST-ESPANYA",
    "name": "Espanya",
    "province": "Barcelona",
    "marker-symbol": "rail",
    "marker-size": "small",
    "marker-color": "#666666"
   }
  },
  {
   "type": "Feature",
   "geometry": {
    "type": "Point",
    "coordinates": [
     -2.92823,
     43.29831
    ]
   },
   "properties": {
    "id": "EST-OLASONDIKA",
    "name": "Ola-Sondika",
    "province": "Bizkaia",
    "marker-symbol": "rail",
    "marker-size": "small",
    "marker-color": "#666666"
   }
  },
  {
   "type": "Feature",
   "geometry": {
    "type": "Point",
    "coordinates": [
     2.1765,
     41.42503
    ]
   },
   "properties": {
    "id": "EST-MARAGALL",
    "name": "Maragall",
    "province": "Barcelona",
    "marker-symbol": "rail",
    "marker-size": "small",
    "marker-color": "#666666"
   }
  },
  {
   "type": "Feature",
   "geometry": {
    "type": "Point",
    "coordinates": [
     -4.05127,
     43.35104
    ]
   },
   "properties": {
    "id": "EST-TORRELAVEGACENTRO",
    "name": "Torrelavega-Centro",
    "province": "Cantabria",
    "marker-symbol": "rail",
    "marker-size": "small",
    "marker-color": "#666666"
   }
  },
  {
   "type": "Feature",
   "geometry": {
    "type": "Point",
    "coordinates": [
     -4.07311,
     43.29859
    ]
   },
   "properties": {
    "id": "EST-LASCALDASDEBESAYA",
    "name": "Las Caldas de Besaya",
    "province": "Cantabria",
    "marker-symbol": "rail",
    "marker-size": "small",
    "marker-color": "#666666"
   }
  },
  {
   "type": "Feature",
   "geometry": {
    "type": "Point",
    "coordinates": [
     3.01437,
     39.6437
    ]
   },
   "properties": {
    "id": "EST-SINEU",
    "name": "Sineu",
    "province": "Baleares",
    "marker-symbol": "rail",
    "marker-size": "small",
    "marker-color": "#666666"
   }
  },
  {
   "type": "Feature",
   "geometry": {
    "type": "Point",
    "coordinates": [
     -3.74004,
     40.38879
    ]
   },
   "properties": {
    "id": "EST-VISTAALEGRE",
    "name": "Vista Alegre",
    "province": "Madrid",
    "marker-symbol": "rail",
    "marker-size": "small",
    "marker-color": "#666666"
   }
  },
  {
   "type": "Feature",
   "geometry": {
    "type": "Point",
    "coordinates": [
     -3.6886,
     40.40697
    ]
   },
   "properties": {
    "id": "EST-ATOCHARENFE",
    "name": "Atocha Renfe",
    "province": "Madrid",
    "marker-symbol": "rail",
    "marker-size": "small",
    "marker-color": "#666666"
   }
  },
  {
   "type": "Feature",
   "geometry": {
    "type": "Point",
    "coordinates": [
     2.38983,
     41.50049
    ]
   },
   "properties": {
    "id": "EST-VILASSARDEMAR",
    "name": "Vilassar de Mar",
    "province": "Barcelona",
    "marker-symbol": "rail",
    "marker-size": "small",
    "marker-color": "#666666"
   }
  },
  {
   "type": "Feature",
   "geometry": {
    "type": "Point",
    "coordinates": [
     2.09357,
     41.32184
    ]
   },
   "properties": {
    "id": "EST-CENTRIC",
    "name": "Cèntric",
    "province": "Barcelona",
    "marker-symbol": "rail",
    "marker-size": "small",
    "marker-color": "#666666"
   }
  },
  {
   "type": "Feature",
   "geometry": {
    "type": "Point",
    "coordinates": [
     -2.42117,
     41.16522
    ]
   },
   "properties": {
    "id": "EST-MEDINACELI",
    "name": "Medinaceli",
    "province": "Soria",
    "marker-symbol": "rail",
    "marker-size": "small",
    "marker-color": "#666666"
   }
  },
  {
   "type": "Feature",
   "geometry": {
    "type": "Point",
    "coordinates": [
     -0.87556,
     38.13675
    ]
   },
   "properties": {
    "id": "EST-CALLOSADESEGURACOX",
    "name": "Callosa de Segura-Cox",
    "province": "Alicante",
    "marker-symbol": "rail",
    "marker-size": "small",
    "marker-color": "#666666"
   }
  },
  {
   "type": "Feature",
   "geometry": {
    "type": "Point",
    "coordinates": [
     -2.69854,
     42.86621
    ]
   },
   "properties": {
    "id": "EST-LANDABERDE",
    "name": "Landaberde",
    "province": "Álava",
    "marker-symbol": "rail",
    "marker-size": "small",
    "marker-color": "#666666"
   }
  },
  {
   "type": "Feature",
   "geometry": {
    "type": "Point",
    "coordinates": [
     -3.7164,
     40.39745
    ]
   },
   "properties": {
    "id": "EST-MARQUESDEVADILLO",
    "name": "Marqués de Vadillo",
    "province": "Madrid",
    "marker-symbol": "rail",
    "marker-size": "small",
    "marker-color": "#666666"
   }
  },
  {
   "type": "Feature",
   "geometry": {
    "type": "Point",
    "coordinates": [
     2.13914,
     41.40581
    ]
   },
   "properties": {
    "id": "EST-ELPUTXET",
    "name": "El Putxet",
    "province": "Barcelona",
    "marker-symbol": "rail",
    "marker-size": "small",
    "marker-color": "#666666"
   }
  },
  {
   "type": "Feature",
   "geometry": {
    "type": "Point",
    "coordinates": [
     -5.93933,
     37.37082
    ]
   },
   "properties": {
    "id": "EST-PADREPIOPALMETE",
    "name": "Padre Pío-Palmete",
    "province": "Sevilla",
    "marker-symbol": "rail",
    "marker-size": "small",
    "marker-color": "#666666"
   }
  },
  {
   "type": "Feature",
   "geometry": {
    "type": "Point",
    "coordinates": [
     -5.92,
     43.56
    ]
   },
   "properties": {
    "id": "EST-CRISTALERA",
    "name": "Cristalera",
    "province": "Asturias",
    "marker-symbol": "rail",
    "marker-size": "small",
    "marker-color": "#666666"
   }
  },
  {
   "type": "Feature",
   "geometry": {
    "type": "Point",
    "coordinates": [
     -3.86433,
     40.39529
    ]
   },
   "properties": {
    "id": "EST-CANTABRIA",
    "name": "Cantabria",
    "province": "Madrid",
    "marker-symbol": "rail",
    "marker-size": "small",
    "marker-color": "#666666"
   }
  },
  {
   "type": "Feature",
   "geometry": {
    "type": "Point",
    "coordinates": [
     -0.10405,
     39.8965
    ]
   },
   "properties": {
    "id": "EST-ALQUERIES",
    "name": "Alqueries",
    "province": "Castellon",
    "marker-symbol": "rail",
    "marker-size": "small",
    "marker-color": "#666666"
   }
  },
  {
   "type": "Feature",
   "geometry": {
    "type": "Point",
    "coordinates": [
     2.66657,
     41.61471
    ]
   },
   "properties": {
    "id": "EST-CALELLA",
    "name": "Calella",
    "province": "Barcelona",
    "marker-symbol": "rail",
    "marker-size": "small",
    "marker-color": "#666666"
   }
  },
  {
   "type": "Feature",
   "geometry": {
    "type": "Point",
    "coordinates": [
     2.19348,
     41.38785
    ]
   },
   "properties": {
    "id": "EST-CIUTADELLAVILAOLIMPICA",
    "name": "Ciutadella | Vila Olímpica",
    "province": "Barcelona",
    "marker-symbol": "rail",
    "marker-size": "small",
    "marker-color": "#666666"
   }
  },
  {
   "type": "Feature",
   "geometry": {
    "type": "Point",
    "coordinates": [
     -3.10896,
     43.2105
    ]
   },
   "properties": {
    "id": "EST-ARANGURENAPEADERO",
    "name": "Aranguren-Apeadero",
    "province": "Bizkaia",
    "marker-symbol": "rail",
    "marker-size": "small",
    "marker-color": "#666666"
   }
  },
  {
   "type": "Feature",
   "geometry": {
    "type": "Point",
    "coordinates": [
     -5.81581,
     43.44238
    ]
   },
   "properties": {
    "id": "EST-LUGODELLANERA",
    "name": "Lugo de Llanera",
    "province": "Asturias",
    "marker-symbol": "rail",
    "marker-size": "small",
    "marker-color": "#666666"
   }
  },
  {
   "type": "Feature",
   "geometry": {
    "type": "Point",
    "coordinates": [
     -3.84486,
     43.00579
    ]
   },
   "properties": {
    "id": "EST-SONCILLO",
    "name": "Soncillo",
    "province": "Burgos",
    "marker-symbol": "rail",
    "marker-size": "small",
    "marker-color": "#666666"
   }
  },
  {
   "type": "Feature",
   "geometry": {
    "type": "Point",
    "coordinates": [
     -4.45592,
     36.6918
    ]
   },
   "properties": {
    "id": "EST-PUERTABLANCA",
    "name": "Puerta Blanca",
    "province": "Málaga",
    "marker-symbol": "rail",
    "marker-size": "small",
    "marker-color": "#666666"
   }
  },
  {
   "type": "Feature",
   "geometry": {
    "type": "Point",
    "coordinates": [
     -1.8576,
     43.32676
    ]
   },
   "properties": {
    "id": "EST-GAINTXURIZKETALEZO",
    "name": "Gaintxurizketa-Lezo",
    "province": "Gipuzkoa",
    "marker-symbol": "rail",
    "marker-size": "small",
    "marker-color": "#666666"
   }
  },
  {
   "type": "Feature",
   "geometry": {
    "type": "Point",
    "coordinates": [
     -0.46467,
     39.36306
    ]
   },
   "properties": {
    "id": "EST-PICASSENT",
    "name": "Picassent",
    "province": "Valencia",
    "marker-symbol": "rail",
    "marker-size": "small",
    "marker-color": "#666666"
   }
  },
  {
   "type": "Feature",
   "geometry": {
    "type": "Point",
    "coordinates": [
     -6.79735,
     37.90102
    ]
   },
   "properties": {
    "id": "EST-ALMONASTERCORTEGANA",
    "name": "Almonaster-Cortegana",
    "province": "Huelva",
    "marker-symbol": "rail",
    "marker-size": "small",
    "marker-color": "#666666"
   }
  },
  {
   "type": "Feature",
   "geometry": {
    "type": "Point",
    "coordinates": [
     -6.45336,
     41.73022
    ]
   },
   "properties": {
    "id": "EST-SEJASDEALISTE",
    "name": "Sejas de Aliste",
    "province": "Zamora",
    "marker-symbol": "rail",
    "marker-size": "small",
    "marker-color": "#666666"
   }
  },
  {
   "type": "Feature",
   "geometry": {
    "type": "Point",
    "coordinates": [
     -0.61838,
     41.51524
    ]
   },
   "properties": {
    "id": "EST-FUENTESDEEBRO",
    "name": "Fuentes de Ebro",
    "province": "Zaragoza",
    "marker-symbol": "rail",
    "marker-size": "small",
    "marker-color": "#666666"
   }
  },
  {
   "type": "Feature",
   "geometry": {
    "type": "Point",
    "coordinates": [
     2.2853,
     41.8687
    ]
   },
   "properties": {
    "id": "EST-TARADELLMONTRODON",
    "name": "Taradell-Montrodon",
    "province": "Barcelona",
    "marker-symbol": "rail",
    "marker-size": "small",
    "marker-color": "#666666"
   }
  },
  {
   "type": "Feature",
   "geometry": {
    "type": "Point",
    "coordinates": [
     -5.78702,
     42.78412
    ]
   },
   "properties": {
    "id": "EST-CARROCERA",
    "name": "Carrocera",
    "province": "Leon",
    "marker-symbol": "rail",
    "marker-size": "small",
    "marker-color": "#666666"
   }
  },
  {
   "type": "Feature",
   "geometry": {
    "type": "Point",
    "coordinates": [
     2.17577,
     41.37667
    ]
   },
   "properties": {
    "id": "EST-DRASSANES",
    "name": "Drassanes",
    "province": "Barcelona",
    "marker-symbol": "rail",
    "marker-size": "small",
    "marker-color": "#666666"
   }
  },
  {
   "type": "Feature",
   "geometry": {
    "type": "Point",
    "coordinates": [
     -0.59072,
     39.62259
    ]
   },
   "properties": {
    "id": "EST-LLIRIA",
    "name": "Llíria",
    "province": "Valencia",
    "marker-symbol": "rail",
    "marker-size": "small",
    "marker-color": "#666666"
   }
  },
  {
   "type": "Feature",
   "geometry": {
    "type": "Point",
    "coordinates": [
     2.14111,
     41.38147
    ]
   },
   "properties": {
    "id": "EST-SANTSESTACIO",
    "name": "Sants Estació",
    "province": "Barcelona",
    "marker-symbol": "rail",
    "marker-size": "small",
    "marker-color": "#666666"
   }
  },
  {
   "type": "Feature",
   "geometry": {
    "type": "Point",
    "coordinates": [
     2.10712,
     41.37381
    ]
   },
   "properties": {
    "id": "EST-PUBILLACASES",
    "name": "Pubilla Cases",
    "province": "Barcelona",
    "marker-symbol": "rail",
    "marker-size": "small",
    "marker-color": "#666666"
   }
  },
  {
   "type": "Feature",
   "geometry": {
    "type": "Point",
    "coordinates": [
     -4.28369,
     37.98129
    ]
   },
   "properties": {
    "id": "EST-VILLADELRIO",
    "name": "Villa del Río",
    "province": "Córdoba",
    "marker-symbol": "rail",
    "marker-size": "small",
    "marker-color": "#666666"
   }
  },
  {
   "type": "Feature",
   "geometry": {
    "type": "Point",
    "coordinates": [
     -3.76936,
     40.24105
    ]
   },
   "properties": {
    "id": "EST-PARLACENTROBULEVARNORTE",
    "name": "Parla Centro-Bulevar Norte",
    "province": "Madrid",
    "marker-symbol": "rail",
    "marker-size": "small",
    "marker-color": "#666666"
   }
  },
  {
   "type": "Feature",
   "geometry": {
    "type": "Point",
    "coordinates": [
     -2.45502,
     43.19039
    ]
   },
   "properties": {
    "id": "EST-AZITAINEIBAR",
    "name": "Azitain-Eibar",
    "province": "Gipuzkoa",
    "marker-symbol": "rail",
    "marker-size": "small",
    "marker-color": "#666666"
   }
  },
  {
   "type": "Feature",
   "geometry": {
    "type": "Point",
    "coordinates": [
     2.19114,
     41.43663
    ]
   },
   "properties": {
    "id": "EST-SANTANDREUARENAL",
    "name": "Sant Andreu Arenal",
    "province": "Barcelona",
    "marker-symbol": "rail",
    "marker-size": "small",
    "marker-color": "#666666"
   }
  },
  {
   "type": "Feature",
   "geometry": {
    "type": "Point",
    "coordinates": [
     -2.91581,
     43.29434
    ]
   },
   "properties": {
    "id": "EST-LARRONDOLOIU",
    "name": "Larrondo-Loiu",
    "province": "Bizkaia",
    "marker-symbol": "rail",
    "marker-size": "small",
    "marker-color": "#666666"
   }
  },
  {
   "type": "Feature",
   "geometry": {
    "type": "Point",
    "coordinates": [
     -3.65388,
     40.39162
    ]
   },
   "properties": {
    "id": "EST-BUENOSAIRES",
    "name": "Buenos Aires",
    "province": "Madrid",
    "marker-symbol": "rail",
    "marker-size": "small",
    "marker-color": "#666666"
   }
  },
  {
   "type": "Feature",
   "geometry": {
    "type": "Point",
    "coordinates": [
     2.20971,
     41.42037
    ]
   },
   "properties": {
    "id": "EST-BESOS",
    "name": "Besòs",
    "province": "Barcelona",
    "marker-symbol": "rail",
    "marker-size": "small",
    "marker-color": "#666666"
   }
  },
  {
   "type": "Feature",
   "geometry": {
    "type": "Point",
    "coordinates": [
     -3.64573,
     37.2224
    ]
   },
   "properties": {
    "id": "EST-JUNCARIL",
    "name": "Juncaril",
    "province": "Granada",
    "marker-symbol": "rail",
    "marker-size": "small",
    "marker-color": "#666666"
   }
  },
  {
   "type": "Feature",
   "geometry": {
    "type": "Point",
    "coordinates": [
     -3.80006,
     40.44741
    ]
   },
   "properties": {
    "id": "EST-POZUELO",
    "name": "Pozuelo",
    "province": "Madrid",
    "marker-symbol": "rail",
    "marker-size": "small",
    "marker-color": "#666666"
   }
  },
  {
   "type": "Feature",
   "geometry": {
    "type": "Point",
    "coordinates": [
     -0.17504,
     38.54066
    ]
   },
   "properties": {
    "id": "EST-FINESTRAT",
    "name": "Finestrat",
    "province": "Alicante",
    "marker-symbol": "rail",
    "marker-size": "small",
    "marker-color": "#666666"
   }
  },
  {
   "type": "Feature",
   "geometry": {
    "type": "Point",
    "coordinates": [
     0.93086,
     41.63592
    ]
   },
   "properties": {
    "id": "EST-GOLMES",
    "name": "Golmés",
    "province": "Lleida",
    "marker-symbol": "rail",
    "marker-size": "small",
    "marker-color": "#666666"
   }
  },
  {
   "type": "Feature",
   "geometry": {
    "type": "Point",
    "coordinates": [
     0.03291,
     38.64993
    ]
   },
   "properties": {
    "id": "EST-CALP",
    "name": "Calp",
    "province": "Alicante",
    "marker-symbol": "rail",
    "marker-size": "small",
    "marker-color": "#666666"
   }
  },
  {
   "type": "Feature",
   "geometry": {
    "type": "Point",
    "coordinates": [
     -3.17052,
     43.20317
    ]
   },
   "properties": {
    "id": "EST-LAHERRERA",
    "name": "La Herrera",
    "province": "Bizkaia",
    "marker-symbol": "rail",
    "marker-size": "small",
    "marker-color": "#666666"
   }
  },
  {
   "type": "Feature",
   "geometry": {
    "type": "Point",
    "coordinates": [
     -3.68216,
     40.50154
    ]
   },
   "properties": {
    "id": "EST-FUENCARRAL",
    "name": "Fuencarral",
    "province": "Madrid",
    "marker-symbol": "rail",
    "marker-size": "small",
    "marker-color": "#666666"
   }
  },
  {
   "type": "Feature",
   "geometry": {
    "type": "Point",
    "coordinates": [
     -3.8209,
     43.40396
    ]
   },
   "properties": {
    "id": "EST-ASTILLERO",
    "name": "Astillero",
    "province": "Cantabria",
    "marker-symbol": "rail",
    "marker-size": "small",
    "marker-color": "#666666"
   }
  },
  {
   "type": "Feature",
   "geometry": {
    "type": "Point",
    "coordinates": [
     2.14452,
     41.41191
    ]
   },
   "properties": {
    "id": "EST-VALLCARCA",
    "name": "Vallcarca",
    "province": "Barcelona",
    "marker-symbol": "rail",
    "marker-size": "small",
    "marker-color": "#666666"
   }
  },
  {
   "type": "Feature",
   "geometry": {
    "type": "Point",
    "coordinates": [
     -1.90429,
     41.29451
    ]
   },
   "properties": {
    "id": "EST-ALHAMADEARAGON",
    "name": "Alhama de Aragón",
    "province": "Zaragoza",
    "marker-symbol": "rail",
    "marker-size": "small",
    "marker-color": "#666666"
   }
  },
  {
   "type": "Feature",
   "geometry": {
    "type": "Point",
    "coordinates": [
     2.65387,
     39.5768
    ]
   },
   "properties": {
    "id": "EST-PALMA",
    "name": "Palma",
    "province": "Baleares",
    "marker-symbol": "rail",
    "marker-size": "small",
    "marker-color": "#666666"
   }
  },
  {
   "type": "Feature",
   "geometry": {
    "type": "Point",
    "coordinates": [
     1.9026,
     41.2543
    ]
   },
   "properties": {
    "id": "EST-GARRAF",
    "name": "Garraf",
    "province": "Barcelona",
    "marker-symbol": "rail",
    "marker-size": "small",
    "marker-color": "#666666"
   }
  },
  {
   "type": "Feature",
   "geometry": {
    "type": "Point",
    "coordinates": [
     -0.53846,
     42.57773
    ]
   },
   "properties": {
    "id": "EST-JACA",
    "name": "Jaca",
    "province": "Huesca",
    "marker-symbol": "rail",
    "marker-size": "small",
    "marker-color": "#666666"
   }
  },
  {
   "type": "Feature",
   "geometry": {
    "type": "Point",
    "coordinates": [
     -4.04268,
     42.9321
    ]
   },
   "properties": {
    "id": "EST-MONTESCLAROS",
    "name": "Montes Claros",
    "province": "Cantabria",
    "marker-symbol": "rail",
    "marker-size": "small",
    "marker-color": "#666666"
   }
  },
  {
   "type": "Feature",
   "geometry": {
    "type": "Point",
    "coordinates": [
     1.69535,
     41.52156
    ]
   },
   "properties": {
    "id": "EST-CAPELLADES",
    "name": "Capellades",
    "province": "Barcelona",
    "marker-symbol": "rail",
    "marker-size": "small",
    "marker-color": "#666666"
   }
  },
  {
   "type": "Feature",
   "geometry": {
    "type": "Point",
    "coordinates": [
     -5.86482,
     43.3652
    ]
   },
   "properties": {
    "id": "EST-VALLOBIN",
    "name": "Vallobín",
    "province": "Asturias",
    "marker-symbol": "rail",
    "marker-size": "small",
    "marker-color": "#666666"
   }
  },
  {
   "type": "Feature",
   "geometry": {
    "type": "Point",
    "coordinates": [
     -3.65373,
     40.48536
    ]
   },
   "properties": {
    "id": "EST-ANTONIOSAURA",
    "name": "Antonio Saura",
    "province": "Madrid",
    "marker-symbol": "rail",
    "marker-size": "small",
    "marker-color": "#666666"
   }
  },
  {
   "type": "Feature",
   "geometry": {
    "type": "Point",
    "coordinates": [
     2.08858,
     41.37686
    ]
   },
   "properties": {
    "id": "EST-PONTDESPLUGUES",
    "name": "Pont d'Esplugues",
    "province": "Barcelona",
    "marker-symbol": "rail",
    "marker-size": "small",
    "marker-color": "#666666"
   }
  },
  {
   "type": "Feature",
   "geometry": {
    "type": "Point",
    "coordinates": [
     -16.28698,
     28.44914
    ]
   },
   "properties": {
    "id": "EST-HOSPITALLACANDELARIA",
    "name": "Hospital La Candelaria",
    "province": "Santa Cruz de Tenerife",
    "marker-symbol": "rail",
    "marker-size": "small",
    "marker-color": "#666666"
   }
  },
  {
   "type": "Feature",
   "geometry": {
    "type": "Point",
    "coordinates": [
     -3.74498,
     40.38782
    ]
   },
   "properties": {
    "id": "EST-CARABANCHEL",
    "name": "Carabanchel",
    "province": "Madrid",
    "marker-symbol": "rail",
    "marker-size": "small",
    "marker-color": "#666666"
   }
  },
  {
   "type": "Feature",
   "geometry": {
    "type": "Point",
    "coordinates": [
     -5.96758,
     43.34856
    ]
   },
   "properties": {
    "id": "EST-TRUBIA",
    "name": "Trubia",
    "province": "Asturias",
    "marker-symbol": "rail",
    "marker-size": "small",
    "marker-color": "#666666"
   }
  },
  {
   "type": "Feature",
   "geometry": {
    "type": "Point",
    "coordinates": [
     -3.65609,
     40.37617
    ]
   },
   "properties": {
    "id": "EST-ELPOZO",
    "name": "El Pozo",
    "province": "Madrid",
    "marker-symbol": "rail",
    "marker-size": "small",
    "marker-color": "#666666"
   }
  },
  {
   "type": "Feature",
   "geometry": {
    "type": "Point",
    "coordinates": [
     -2.50117,
     43.18483
    ]
   },
   "properties": {
    "id": "EST-ERMUA",
    "name": "Ermua",
    "province": "Bizkaia",
    "marker-symbol": "rail",
    "marker-size": "small",
    "marker-color": "#666666"
   }
  },
  {
   "type": "Feature",
   "geometry": {
    "type": "Point",
    "coordinates": [
     -1.48587,
     41.15645
    ]
   },
   "properties": {
    "id": "EST-DAROCA",
    "name": "Daroca",
    "province": "Zaragoza",
    "marker-symbol": "rail",
    "marker-size": "small",
    "marker-color": "#666666"
   }
  },
  {
   "type": "Feature",
   "geometry": {
    "type": "Point",
    "coordinates": [
     2.81174,
     41.89616
    ]
   },
   "properties": {
    "id": "EST-RIUDELLOTS",
    "name": "Riudellots",
    "province": "Girona",
    "marker-symbol": "rail",
    "marker-size": "small",
    "marker-color": "#666666"
   }
  },
  {
   "type": "Feature",
   "geometry": {
    "type": "Point",
    "coordinates": [
     2.19826,
     41.40621
    ]
   },
   "properties": {
    "id": "EST-PEREIV",
    "name": "Pere IV",
    "province": "Barcelona",
    "marker-symbol": "rail",
    "marker-size": "small",
    "marker-color": "#666666"
   }
  },
  {
   "type": "Feature",
   "geometry": {
    "type": "Point",
    "coordinates": [
     -0.55943,
     39.54331
    ]
   },
   "properties": {
    "id": "EST-RIBAROJADETURIA",
    "name": "Riba-roja de Túria",
    "province": "Valencia",
    "marker-symbol": "rail",
    "marker-size": "small",
    "marker-color": "#666666"
   }
  },
  {
   "type": "Feature",
   "geometry": {
    "type": "Point",
    "coordinates": [
     -0.32053,
     39.5431
    ]
   },
   "properties": {
    "id": "EST-ALBUIXECH",
    "name": "Albuixech",
    "province": "Valencia",
    "marker-symbol": "rail",
    "marker-size": "small",
    "marker-color": "#666666"
   }
  },
  {
   "type": "Feature",
   "geometry": {
    "type": "Point",
    "coordinates": [
     1.15044,
     41.11288
    ]
   },
   "properties": {
    "id": "EST-VILASECA",
    "name": "Vila-seca",
    "province": "Tarragona",
    "marker-symbol": "rail",
    "marker-size": "small",
    "marker-color": "#666666"
   }
  },
  {
   "type": "Feature",
   "geometry": {
    "type": "Point",
    "coordinates": [
     2.71646,
     41.63015
    ]
   },
   "properties": {
    "id": "EST-SANTASUSANNA",
    "name": "Santa Susanna",
    "province": "Barcelona",
    "marker-symbol": "rail",
    "marker-size": "small",
    "marker-color": "#666666"
   }
  },
  {
   "type": "Feature",
   "geometry": {
    "type": "Point",
    "coordinates": [
     -3.95702,
     40.57459
    ]
   },
   "properties": {
    "id": "EST-TORRELODONES",
    "name": "Torrelodones",
    "province": "Madrid",
    "marker-symbol": "rail",
    "marker-size": "small",
    "marker-color": "#666666"
   }
  },
  {
   "type": "Feature",
   "geometry": {
    "type": "Point",
    "coordinates": [
     -6.06645,
     36.75123
    ]
   },
   "properties": {
    "id": "EST-AEROPUERTODEJEREZ",
    "name": "Aeropuerto de Jerez",
    "province": "Cádiz",
    "marker-symbol": "rail",
    "marker-size": "small",
    "marker-color": "#666666"
   }
  },
  {
   "type": "Feature",
   "geometry": {
    "type": "Point",
    "coordinates": [
     -3.69496,
     40.48815
    ]
   },
   "properties": {
    "id": "EST-RAMONYCAJAL",
    "name": "Ramón y Cajal",
    "province": "Madrid",
    "marker-symbol": "rail",
    "marker-size": "small",
    "marker-color": "#666666"
   }
  },
  {
   "type": "Feature",
   "geometry": {
    "type": "Point",
    "coordinates": [
     -8.63929,
     42.0247
    ]
   },
   "properties": {
    "id": "EST-VALENCADOMINHO",
    "name": "Valença do Minho",
    "province": "Portugal",
    "marker-symbol": "rail",
    "marker-size": "small",
    "marker-color": "#666666"
   }
  },
  {
   "type": "Feature",
   "geometry": {
    "type": "Point",
    "coordinates": [
     -2.91372,
     43.26373
    ]
   },
   "properties": {
    "id": "EST-ZURBARANBARRIBILBAO",
    "name": "Zurbaranbarri-Bilbao",
    "province": "Bizkaia",
    "marker-symbol": "rail",
    "marker-size": "small",
    "marker-color": "#666666"
   }
  },
  {
   "type": "Feature",
   "geometry": {
    "type": "Point",
    "coordinates": [
     -3.11219,
     43.32121
    ]
   },
   "properties": {
    "id": "EST-MUSKIZ",
    "name": "Muskiz",
    "province": "Bizkaia",
    "marker-symbol": "rail",
    "marker-size": "small",
    "marker-color": "#666666"
   }
  },
  {
   "type": "Feature",
   "geometry": {
    "type": "Point",
    "coordinates": [
     -1.95487,
     43.31423
    ]
   },
   "properties": {
    "id": "EST-INTXAURRONDO",
    "name": "Intxaurrondo",
    "province": "Gipuzkoa",
    "marker-symbol": "rail",
    "marker-size": "small",
    "marker-color": "#666666"
   }
  },
  {
   "type": "Feature",
   "geometry": {
    "type": "Point",
    "coordinates": [
     2.73649,
     39.63204
    ]
   },
   "properties": {
    "id": "EST-ESCAULLSFESTIVALPARK",
    "name": "Es Caülls-Festival Park",
    "province": "Baleares",
    "marker-symbol": "rail",
    "marker-size": "small",
    "marker-color": "#666666"
   }
  },
  {
   "type": "Feature",
   "geometry": {
    "type": "Point",
    "coordinates": [
     -3.00479,
     43.31281
    ]
   },
   "properties": {
    "id": "EST-LAIBERIA",
    "name": "La Iberia",
    "province": "Bizkaia",
    "marker-symbol": "rail",
    "marker-size": "small",
    "marker-color": "#666666"
   }
  },
  {
   "type": "Feature",
   "geometry": {
    "type": "Point",
    "coordinates": [
     -2.92873,
     43.26631
    ]
   },
   "properties": {
    "id": "EST-URIBITARTE",
    "name": "Uribitarte",
    "province": "Bizkaia",
    "marker-symbol": "rail",
    "marker-size": "small",
    "marker-color": "#666666"
   }
  },
  {
   "type": "Feature",
   "geometry": {
    "type": "Point",
    "coordinates": [
     1.69858,
     41.73236
    ]
   },
   "properties": {
    "id": "EST-RAJADELL",
    "name": "Rajadell",
    "province": "Barcelona",
    "marker-symbol": "rail",
    "marker-size": "small",
    "marker-color": "#666666"
   }
  },
  {
   "type": "Feature",
   "geometry": {
    "type": "Point",
    "coordinates": [
     -3.78755,
     40.41043
    ]
   },
   "properties": {
    "id": "EST-PRADODELREY",
    "name": "Prado del Rey",
    "province": "Madrid",
    "marker-symbol": "rail",
    "marker-size": "small",
    "marker-color": "#666666"
   }
  },
  {
   "type": "Feature",
   "geometry": {
    "type": "Point",
    "coordinates": [
     2.99403,
     39.71138
    ]
   },
   "properties": {
    "id": "EST-LLUBI",
    "name": "Llubí",
    "province": "Baleares",
    "marker-symbol": "rail",
    "marker-size": "small",
    "marker-color": "#666666"
   }
  },
  {
   "type": "Feature",
   "geometry": {
    "type": "Point",
    "coordinates": [
     -3.01018,
     43.3041
    ]
   },
   "properties": {
    "id": "EST-GALINDO",
    "name": "Galindo",
    "province": "Bizkaia",
    "marker-symbol": "rail",
    "marker-size": "small",
    "marker-color": "#666666"
   }
  },
  {
   "type": "Feature",
   "geometry": {
    "type": "Point",
    "coordinates": [
     -4.66477,
     36.7329
    ]
   },
   "properties": {
    "id": "EST-ALJAIMA",
    "name": "Aljaima",
    "province": "Málaga",
    "marker-symbol": "rail",
    "marker-size": "small",
    "marker-color": "#666666"
   }
  },
  {
   "type": "Feature",
   "geometry": {
    "type": "Point",
    "coordinates": [
     -0.46093,
     39.4361
    ]
   },
   "properties": {
    "id": "EST-TORRENT",
    "name": "Torrent",
    "province": "Valencia",
    "marker-symbol": "rail",
    "marker-size": "small",
    "marker-color": "#666666"
   }
  },
  {
   "type": "Feature",
   "geometry": {
    "type": "Point",
    "coordinates": [
     -1.96796,
     43.31049
    ]
   },
   "properties": {
    "id": "EST-LOIOLA",
    "name": "Loiola",
    "province": "Gipuzkoa",
    "marker-symbol": "rail",
    "marker-size": "small",
    "marker-color": "#666666"
   }
  },
  {
   "type": "Feature",
   "geometry": {
    "type": "Point",
    "coordinates": [
     -2.91815,
     43.16992
    ]
   },
   "properties": {
    "id": "EST-ARRANKUDIAGA",
    "name": "Arrankudiaga",
    "province": "Bizkaia",
    "marker-symbol": "rail",
    "marker-size": "small",
    "marker-color": "#666666"
   }
  },
  {
   "type": "Feature",
   "geometry": {
    "type": "Point",
    "coordinates": [
     -3.00964,
     43.326
    ]
   },
   "properties": {
    "id": "EST-AREETA",
    "name": "Areeta",
    "province": "Bizkaia",
    "marker-symbol": "rail",
    "marker-size": "small",
    "marker-color": "#666666"
   }
  },
  {
   "type": "Feature",
   "geometry": {
    "type": "Point",
    "coordinates": [
     2.15487,
     42.39727
    ]
   },
   "properties": {
    "id": "EST-NURIA",
    "name": "Núria",
    "province": "Girona",
    "marker-symbol": "rail",
    "marker-size": "small",
    "marker-color": "#666666"
   }
  },
  {
   "type": "Feature",
   "geometry": {
    "type": "Point",
    "coordinates": [
     -2.67993,
     42.84803
    ]
   },
   "properties": {
    "id": "EST-ANTSOJAKITUNASANCHOELSABIO",
    "name": "Antso Jakituna-Sancho El Sabio",
    "province": "Álava",
    "marker-symbol": "rail",
    "marker-size": "small",
    "marker-color": "#666666"
   }
  },
  {
   "type": "Feature",
   "geometry": {
    "type": "Point",
    "coordinates": [
     1.90683,
     41.52259
    ]
   },
   "properties": {
    "id": "EST-ABRERA",
    "name": "Abrera",
    "province": "Barcelona",
    "marker-symbol": "rail",
    "marker-size": "small",
    "marker-color": "#666666"
   }
  },
  {
   "type": "Feature",
   "geometry": {
    "type": "Point",
    "coordinates": [
     2.10307,
     41.32898
    ]
   },
   "properties": {
    "id": "EST-LESMORERES",
    "name": "Les Moreres",
    "province": "Barcelona",
    "marker-symbol": "rail",
    "marker-size": "small",
    "marker-color": "#666666"
   }
  },
  {
   "type": "Feature",
   "geometry": {
    "type": "Point",
    "coordinates": [
     -6.59867,
     38.91358
    ]
   },
   "properties": {
    "id": "EST-MONTIJOELMOLINO",
    "name": "Montijo-El Molino",
    "province": "Badajoz",
    "marker-symbol": "rail",
    "marker-size": "small",
    "marker-color": "#666666"
   }
  },
  {
   "type": "Feature",
   "geometry": {
    "type": "Point",
    "coordinates": [
     -3.61968,
     43.06058
    ]
   },
   "properties": {
    "id": "EST-REDONDO",
    "name": "Redondo",
    "province": "Burgos",
    "marker-symbol": "rail",
    "marker-size": "small",
    "marker-color": "#666666"
   }
  },
  {
   "type": "Feature",
   "geometry": {
    "type": "Point",
    "coordinates": [
     2.14323,
     41.39222
    ]
   },
   "properties": {
    "id": "EST-FRANCESCMACIA",
    "name": "Francesc Macià",
    "province": "Barcelona",
    "marker-symbol": "rail",
    "marker-size": "small",
    "marker-color": "#666666"
   }
  },
  {
   "type": "Feature",
   "geometry": {
    "type": "Point",
    "coordinates": [
     -1.35823,
     40.68377
    ]
   },
   "properties": {
    "id": "EST-VILLAFRANCADELCAMPO",
    "name": "Villafranca del Campo",
    "province": "Teruel",
    "marker-symbol": "rail",
    "marker-size": "small",
    "marker-color": "#666666"
   }
  },
  {
   "type": "Feature",
   "geometry": {
    "type": "Point",
    "coordinates": [
     -2.2518,
     43.29154
    ]
   },
   "properties": {
    "id": "EST-ZUMAIA",
    "name": "Zumaia",
    "province": "Gipuzkoa",
    "marker-symbol": "rail",
    "marker-size": "small",
    "marker-color": "#666666"
   }
  },
  {
   "type": "Feature",
   "geometry": {
    "type": "Point",
    "coordinates": [
     -3.60244,
     37.16449
    ]
   },
   "properties": {
    "id": "EST-ALCAZARGENIL",
    "name": "Alcázar Genil",
    "province": "Granada",
    "marker-symbol": "rail",
    "marker-size": "small",
    "marker-color": "#666666"
   }
  },
  {
   "type": "Feature",
   "geometry": {
    "type": "Point",
    "coordinates": [
     -5.9734,
     37.38224
    ]
   },
   "properties": {
    "id": "EST-EDUARDODATO",
    "name": "Eduardo Dato",
    "province": "Sevilla",
    "marker-symbol": "rail",
    "marker-size": "small",
    "marker-color": "#666666"
   }
  },
  {
   "type": "Feature",
   "geometry": {
    "type": "Point",
    "coordinates": [
     -0.86832,
     41.63319
    ]
   },
   "properties": {
    "id": "EST-ZARAGOZAMIRAFLORES",
    "name": "Zaragoza-Miraflores",
    "province": "Zaragoza",
    "marker-symbol": "rail",
    "marker-size": "small",
    "marker-color": "#666666"
   }
  },
  {
   "type": "Feature",
   "geometry": {
    "type": "Point",
    "coordinates": [
     3.15418,
     42.407
    ]
   },
   "properties": {
    "id": "EST-COLERA",
    "name": "Colera",
    "province": "Girona",
    "marker-symbol": "rail",
    "marker-size": "small",
    "marker-color": "#666666"
   }
  },
  {
   "type": "Feature",
   "geometry": {
    "type": "Point",
    "coordinates": [
     -3.69002,
     40.40568
    ]
   },
   "properties": {
    "id": "EST-MADRIDPUERTADEATOCHAALMUDENAGRANDES",
    "name": "Madrid-Puerta de Atocha-Almudena Grandes",
    "province": "Madrid",
    "marker-symbol": "rail",
    "marker-size": "small",
    "marker-color": "#666666"
   }
  },
  {
   "type": "Feature",
   "geometry": {
    "type": "Point",
    "coordinates": [
     -0.415,
     39.512
    ]
   },
   "properties": {
    "id": "EST-TVV",
    "name": "TVV",
    "province": "Valencia",
    "marker-symbol": "rail",
    "marker-size": "small",
    "marker-color": "#666666"
   }
  },
  {
   "type": "Feature",
   "geometry": {
    "type": "Point",
    "coordinates": [
     -0.97497,
     37.60503
    ]
   },
   "properties": {
    "id": "EST-CARTAGENA",
    "name": "Cartagena",
    "province": "Murcia",
    "marker-symbol": "rail",
    "marker-size": "small",
    "marker-color": "#666666"
   }
  },
  {
   "type": "Feature",
   "geometry": {
    "type": "Point",
    "coordinates": [
     -0.23965,
     39.71926
    ]
   },
   "properties": {
    "id": "EST-LESVALLS",
    "name": "Les Valls",
    "province": "Valencia",
    "marker-symbol": "rail",
    "marker-size": "small",
    "marker-color": "#666666"
   }
  },
  {
   "type": "Feature",
   "geometry": {
    "type": "Point",
    "coordinates": [
     -3.04927,
     43.29111
    ]
   },
   "properties": {
    "id": "EST-LARREINETA",
    "name": "Larreineta",
    "province": "Bizkaia",
    "marker-symbol": "rail",
    "marker-size": "small",
    "marker-color": "#666666"
   }
  },
  {
   "type": "Feature",
   "geometry": {
    "type": "Point",
    "coordinates": [
     -2.67933,
     42.84645
    ]
   },
   "properties": {
    "id": "EST-LOVAINA",
    "name": "Lovaina",
    "province": "Álava",
    "marker-symbol": "rail",
    "marker-size": "small",
    "marker-color": "#666666"
   }
  },
  {
   "type": "Feature",
   "geometry": {
    "type": "Point",
    "coordinates": [
     2.09987,
     41.36397
    ]
   },
   "properties": {
    "id": "EST-RAMBLAJUSTOLIVERAS",
    "name": "Rambla Just Oliveras",
    "province": "Barcelona",
    "marker-symbol": "rail",
    "marker-size": "small",
    "marker-color": "#666666"
   }
  },
  {
   "type": "Feature",
   "geometry": {
    "type": "Point",
    "coordinates": [
     -0.487,
     38.321
    ]
   },
   "properties": {
    "id": "EST-CALAMERCED",
    "name": "Cala Merced",
    "province": "Alicante",
    "marker-symbol": "rail",
    "marker-size": "small",
    "marker-color": "#666666"
   }
  },
  {
   "type": "Feature",
   "geometry": {
    "type": "Point",
    "coordinates": [
     -2.47561,
     41.75535
    ]
   },
   "properties": {
    "id": "EST-SORIA",
    "name": "Soria",
    "province": "Soria",
    "marker-symbol": "rail",
    "marker-size": "small",
    "marker-color": "#666666"
   }
  },
  {
   "type": "Feature",
   "geometry": {
    "type": "Point",
    "coordinates": [
     2.52602,
     41.56844
    ]
   },
   "properties": {
    "id": "EST-CALDESDESTRAC",
    "name": "Caldes d'Estrac",
    "province": "Barcelona",
    "marker-symbol": "rail",
    "marker-size": "small",
    "marker-color": "#666666"
   }
  },
  {
   "type": "Feature",
   "geometry": {
    "type": "Point",
    "coordinates": [
     -0.92264,
     41.61907
    ]
   },
   "properties": {
    "id": "EST-PASEODELOSOLVIDADOS",
    "name": "Paseo de los Olvidados",
    "province": "Zaragoza",
    "marker-symbol": "rail",
    "marker-size": "small",
    "marker-color": "#666666"
   }
  },
  {
   "type": "Feature",
   "geometry": {
    "type": "Point",
    "coordinates": [
     -16.31665,
     28.42547
    ]
   },
   "properties": {
    "id": "EST-LAGALLEGA",
    "name": "La Gallega",
    "province": "Santa Cruz de Tenerife",
    "marker-symbol": "rail",
    "marker-size": "small",
    "marker-color": "#666666"
   }
  },
  {
   "type": "Feature",
   "geometry": {
    "type": "Point",
    "coordinates": [
     2.11036,
     41.36095
    ]
   },
   "properties": {
    "id": "EST-SANTJOSEP",
    "name": "Sant Josep",
    "province": "Barcelona",
    "marker-symbol": "rail",
    "marker-size": "small",
    "marker-color": "#666666"
   }
  },
  {
   "type": "Feature",
   "geometry": {
    "type": "Point",
    "coordinates": [
     1.01297,
     41.6326
    ]
   },
   "properties": {
    "id": "EST-BELLPUIG",
    "name": "Bellpuig",
    "province": "Lleida",
    "marker-symbol": "rail",
    "marker-size": "small",
    "marker-color": "#666666"
   }
  },
  {
   "type": "Feature",
   "geometry": {
    "type": "Point",
    "coordinates": [
     -0.49606,
     38.34498
    ]
   },
   "properties": {
    "id": "EST-ALACANT",
    "name": "Alacant",
    "province": "Alicante",
    "marker-symbol": "rail",
    "marker-size": "small",
    "marker-color": "#666666"
   }
  },
  {
   "type": "Feature",
   "geometry": {
    "type": "Point",
    "coordinates": [
     -3.75238,
     40.33462
    ]
   },
   "properties": {
    "id": "EST-JULIANBESTEIRO",
    "name": "Julián Besteiro",
    "province": "Madrid",
    "marker-symbol": "rail",
    "marker-size": "small",
    "marker-color": "#666666"
   }
  },
  {
   "type": "Feature",
   "geometry": {
    "type": "Point",
    "coordinates": [
     -5.65858,
     43.35845
    ]
   },
   "properties": {
    "id": "EST-VALDESOTO",
    "name": "Valdesoto",
    "province": "Asturias",
    "marker-symbol": "rail",
    "marker-size": "small",
    "marker-color": "#666666"
   }
  },
  {
   "type": "Feature",
   "geometry": {
    "type": "Point",
    "coordinates": [
     -2.07914,
     43.13564
    ]
   },
   "properties": {
    "id": "EST-TOLOSA",
    "name": "Tolosa",
    "province": "Gipuzkoa",
    "marker-symbol": "rail",
    "marker-size": "small",
    "marker-color": "#666666"
   }
  },
  {
   "type": "Feature",
   "geometry": {
    "type": "Point",
    "coordinates": [
     -3.71903,
     40.4216
    ]
   },
   "properties": {
    "id": "EST-MADRIDPRINCIPEPIO",
    "name": "Madrid-Príncipe Pío",
    "province": "Madrid",
    "marker-symbol": "rail",
    "marker-size": "small",
    "marker-color": "#666666"
   }
  },
  {
   "type": "Feature",
   "geometry": {
    "type": "Point",
    "coordinates": [
     -3.66354,
     40.43106
    ]
   },
   "properties": {
    "id": "EST-VENTAS",
    "name": "Ventas",
    "province": "Madrid",
    "marker-symbol": "rail",
    "marker-size": "small",
    "marker-color": "#666666"
   }
  },
  {
   "type": "Feature",
   "geometry": {
    "type": "Point",
    "coordinates": [
     -5.76197,
     37.84038
    ]
   },
   "properties": {
    "id": "EST-ELPEDROSO",
    "name": "El Pedroso",
    "province": "Sevilla",
    "marker-symbol": "rail",
    "marker-size": "small",
    "marker-color": "#666666"
   }
  },
  {
   "type": "Feature",
   "geometry": {
    "type": "Point",
    "coordinates": [
     -1.70847,
     41.32219
    ]
   },
   "properties": {
    "id": "EST-TERRER",
    "name": "Terrer",
    "province": "Zaragoza",
    "marker-symbol": "rail",
    "marker-size": "small",
    "marker-color": "#666666"
   }
  },
  {
   "type": "Feature",
   "geometry": {
    "type": "Point",
    "coordinates": [
     2.49097,
     41.68565
    ]
   },
   "properties": {
    "id": "EST-SANTCELONI",
    "name": "Sant Celoni",
    "province": "Barcelona",
    "marker-symbol": "rail",
    "marker-size": "small",
    "marker-color": "#666666"
   }
  },
  {
   "type": "Feature",
   "geometry": {
    "type": "Point",
    "coordinates": [
     -0.47567,
     38.35209
    ]
   },
   "properties": {
    "id": "EST-MARQCASTILLO",
    "name": "Marq-Castillo",
    "province": "Alicante",
    "marker-symbol": "rail",
    "marker-size": "small",
    "marker-color": "#666666"
   }
  },
  {
   "type": "Feature",
   "geometry": {
    "type": "Point",
    "coordinates": [
     -4.53386,
     42.01573
    ]
   },
   "properties": {
    "id": "EST-PALENCIA",
    "name": "Palencia",
    "province": "Palencia",
    "marker-symbol": "rail",
    "marker-size": "small",
    "marker-color": "#666666"
   }
  },
  {
   "type": "Feature",
   "geometry": {
    "type": "Point",
    "coordinates": [
     2.12798,
     41.34181
    ]
   },
   "properties": {
    "id": "EST-PARCLOGISTIC",
    "name": "Parc Logístic",
    "province": "Barcelona",
    "marker-symbol": "rail",
    "marker-size": "small",
    "marker-color": "#666666"
   }
  },
  {
   "type": "Feature",
   "geometry": {
    "type": "Point",
    "coordinates": [
     -5.9352,
     37.33758
    ]
   },
   "properties": {
    "id": "EST-EUROPASEVILLA",
    "name": "Europa",
    "province": "Sevilla",
    "marker-symbol": "rail",
    "marker-size": "small",
    "marker-color": "#666666"
   }
  },
  {
   "type": "Feature",
   "geometry": {
    "type": "Point",
    "coordinates": [
     -2.93052,
     43.25009
    ]
   },
   "properties": {
    "id": "EST-MIRIBILLA",
    "name": "Miribilla",
    "province": "Bizkaia",
    "marker-symbol": "rail",
    "marker-size": "small",
    "marker-color": "#666666"
   }
  },
  {
   "type": "Feature",
   "geometry": {
    "type": "Point",
    "coordinates": [
     1.88791,
     41.54147
    ]
   },
   "properties": {
    "id": "EST-OLESADEMONTSERRAT",
    "name": "Olesa de Montserrat",
    "province": "Barcelona",
    "marker-symbol": "rail",
    "marker-size": "small",
    "marker-color": "#666666"
   }
  },
  {
   "type": "Feature",
   "geometry": {
    "type": "Point",
    "coordinates": [
     -3.85953,
     43.39154
    ]
   },
   "properties": {
    "id": "EST-GUARNIZO",
    "name": "Guarnizo",
    "province": "Cantabria",
    "marker-symbol": "rail",
    "marker-size": "small",
    "marker-color": "#666666"
   }
  },
  {
   "type": "Feature",
   "geometry": {
    "type": "Point",
    "coordinates": [
     2.18702,
     41.42262
    ]
   },
   "properties": {
    "id": "EST-LASAGRERAMERIDIANA",
    "name": "La Sagrera-Meridiana",
    "province": "Barcelona",
    "marker-symbol": "rail",
    "marker-size": "small",
    "marker-color": "#666666"
   }
  },
  {
   "type": "Feature",
   "geometry": {
    "type": "Point",
    "coordinates": [
     -3.71654,
     40.49104
    ]
   },
   "properties": {
    "id": "EST-MIRASIERRAPACODELUCIA",
    "name": "Mirasierra-Paco de Lucía",
    "province": "Madrid",
    "marker-symbol": "rail",
    "marker-size": "small",
    "marker-color": "#666666"
   }
  },
  {
   "type": "Feature",
   "geometry": {
    "type": "Point",
    "coordinates": [
     -0.76676,
     38.24539
    ]
   },
   "properties": {
    "id": "EST-ELCHEAV",
    "name": "Elche AV",
    "province": "Alicante",
    "marker-symbol": "rail",
    "marker-size": "small",
    "marker-color": "#666666"
   }
  },
  {
   "type": "Feature",
   "geometry": {
    "type": "Point",
    "coordinates": [
     1.85339,
     41.59121
    ]
   },
   "properties": {
    "id": "EST-AERIDEMONTSERRAT",
    "name": "Aeri de Montserrat",
    "province": "Barcelona",
    "marker-symbol": "rail",
    "marker-size": "small",
    "marker-color": "#666666"
   }
  },
  {
   "type": "Feature",
   "geometry": {
    "type": "Point",
    "coordinates": [
     -2.98991,
     43.24843
    ]
   },
   "properties": {
    "id": "EST-IRAUREGIALONSOTEGI",
    "name": "Irauregi Alonsotegi",
    "province": "Bizkaia",
    "marker-symbol": "rail",
    "marker-size": "small",
    "marker-color": "#666666"
   }
  },
  {
   "type": "Feature",
   "geometry": {
    "type": "Point",
    "coordinates": [
     2.23805,
     41.44394
    ]
   },
   "properties": {
    "id": "EST-PEPVENTURA",
    "name": "Pep Ventura",
    "province": "Barcelona",
    "marker-symbol": "rail",
    "marker-size": "small",
    "marker-color": "#666666"
   }
  },
  {
   "type": "Feature",
   "geometry": {
    "type": "Point",
    "coordinates": [
     2.09166,
     41.42751
    ]
   },
   "properties": {
    "id": "EST-LLEVANTLESPLANES",
    "name": "Llevant-Les Planes",
    "province": "Barcelona",
    "marker-symbol": "rail",
    "marker-size": "small",
    "marker-color": "#666666"
   }
  },
  {
   "type": "Feature",
   "geometry": {
    "type": "Point",
    "coordinates": [
     -2.1255,
     43.09396
    ]
   },
   "properties": {
    "id": "EST-IKAZTEGIETA",
    "name": "Ikaztegieta",
    "province": "Gipuzkoa",
    "marker-symbol": "rail",
    "marker-size": "small",
    "marker-color": "#666666"
   }
  },
  {
   "type": "Feature",
   "geometry": {
    "type": "Point",
    "coordinates": [
     -0.40836,
     38.38859
    ]
   },
   "properties": {
    "id": "EST-CARRABINERS",
    "name": "Carrabiners",
    "province": "Alicante",
    "marker-symbol": "rail",
    "marker-size": "small",
    "marker-color": "#666666"
   }
  },
  {
   "type": "Feature",
   "geometry": {
    "type": "Point",
    "coordinates": [
     -4.05682,
     36.7467
    ]
   },
   "properties": {
    "id": "EST-LAISLA",
    "name": "La Isla",
    "province": "Málaga",
    "marker-symbol": "rail",
    "marker-size": "small",
    "marker-color": "#666666"
   }
  },
  {
   "type": "Feature",
   "geometry": {
    "type": "Point",
    "coordinates": [
     0.48079,
     41.24851
    ]
   },
   "properties": {
    "id": "EST-RIBAROJADEBRE",
    "name": "Riba-roja d'Ebre",
    "province": "Tarragona",
    "marker-symbol": "rail",
    "marker-size": "small",
    "marker-color": "#666666"
   }
  },
  {
   "type": "Feature",
   "geometry": {
    "type": "Point",
    "coordinates": [
     2.21029,
     41.44447
    ]
   },
   "properties": {
    "id": "EST-CANPEIXAUET",
    "name": "Can Peixauet",
    "province": "Barcelona",
    "marker-symbol": "rail",
    "marker-size": "small",
    "marker-color": "#666666"
   }
  },
  {
   "type": "Feature",
   "geometry": {
    "type": "Point",
    "coordinates": [
     -7.41365,
     42.78262
    ]
   },
   "properties": {
    "id": "EST-SARRIA-Lugo-Sarria",
    "name": "Sarria",
    "province": "Lugo",
    "marker-symbol": "rail",
    "marker-size": "small",
    "marker-color": "#666666"
   }
  },
  {
   "type": "Feature",
   "geometry": {
    "type": "Point",
    "coordinates": [
     -0.02647,
     38.86905
    ]
   },
   "properties": {
    "id": "EST-DENIA",
    "name": "Dénia",
    "province": "Alicante",
    "marker-symbol": "rail",
    "marker-size": "small",
    "marker-color": "#666666"
   }
  },
  {
   "type": "Feature",
   "geometry": {
    "type": "Point",
    "coordinates": [
     1.63154,
     41.19476
    ]
   },
   "properties": {
    "id": "EST-CUNIT",
    "name": "Cunit",
    "province": "Tarragona",
    "marker-symbol": "rail",
    "marker-size": "small",
    "marker-color": "#666666"
   }
  },
  {
   "type": "Feature",
   "geometry": {
    "type": "Point",
    "coordinates": [
     -4.14103,
     42.99434
    ]
   },
   "properties": {
    "id": "EST-REINOSA",
    "name": "Reinosa",
    "province": "Cantabria",
    "marker-symbol": "rail",
    "marker-size": "small",
    "marker-color": "#666666"
   }
  },
  {
   "type": "Feature",
   "geometry": {
    "type": "Point",
    "coordinates": [
     -3.75683,
     43.01241
    ]
   },
   "properties": {
    "id": "EST-PEDROSA",
    "name": "Pedrosa",
    "province": "Burgos",
    "marker-symbol": "rail",
    "marker-size": "small",
    "marker-color": "#666666"
   }
  },
  {
   "type": "Feature",
   "geometry": {
    "type": "Point",
    "coordinates": [
     -0.49073,
     41.41944
    ]
   },
   "properties": {
    "id": "EST-QUINTO",
    "name": "Quinto",
    "province": "Zaragoza",
    "marker-symbol": "rail",
    "marker-size": "small",
    "marker-color": "#666666"
   }
  },
  {
   "type": "Feature",
   "geometry": {
    "type": "Point",
    "coordinates": [
     2.31981,
     41.47902
    ]
   },
   "properties": {
    "id": "EST-OCATA",
    "name": "Ocata",
    "province": "Barcelona",
    "marker-symbol": "rail",
    "marker-size": "small",
    "marker-color": "#666666"
   }
  },
  {
   "type": "Feature",
   "geometry": {
    "type": "Point",
    "coordinates": [
     -3.66666,
     43.40502
    ]
   },
   "properties": {
    "id": "EST-HOZDEANERO",
    "name": "Hoz de Anero",
    "province": "Cantabria",
    "marker-symbol": "rail",
    "marker-size": "small",
    "marker-color": "#666666"
   }
  },
  {
   "type": "Feature",
   "geometry": {
    "type": "Point",
    "coordinates": [
     2.27221,
     41.46291
    ]
   },
   "properties": {
    "id": "EST-MONTGAT",
    "name": "Montgat",
    "province": "Barcelona",
    "marker-symbol": "rail",
    "marker-size": "small",
    "marker-color": "#666666"
   }
  },
  {
   "type": "Feature",
   "geometry": {
    "type": "Point",
    "coordinates": [
     -0.05218,
     38.5959
    ]
   },
   "properties": {
    "id": "EST-OLLADEALTEA",
    "name": "Olla de Altea",
    "province": "Alicante",
    "marker-symbol": "rail",
    "marker-size": "small",
    "marker-color": "#666666"
   }
  },
  {
   "type": "Feature",
   "geometry": {
    "type": "Point",
    "coordinates": [
     -0.19031,
     39.78278
    ]
   },
   "properties": {
    "id": "EST-XILXES",
    "name": "Xilxes",
    "province": "Castellón",
    "marker-symbol": "rail",
    "marker-size": "small",
    "marker-color": "#666666"
   }
  },
  {
   "type": "Feature",
   "geometry": {
    "type": "Point",
    "coordinates": [
     -3.0011,
     43.32136
    ]
   },
   "properties": {
    "id": "EST-LAMIAKO",
    "name": "Lamiako",
    "province": "Bizkaia",
    "marker-symbol": "rail",
    "marker-size": "small",
    "marker-color": "#666666"
   }
  },
  {
   "type": "Feature",
   "geometry": {
    "type": "Point",
    "coordinates": [
     2.29444,
     41.61723
    ]
   },
   "properties": {
    "id": "EST-LESFRANQUESESGRANOLLERSNORD",
    "name": "Les Franqueses-Granollers Nord",
    "province": "Barcelona",
    "marker-symbol": "rail",
    "marker-size": "small",
    "marker-color": "#666666"
   }
  },
  {
   "type": "Feature",
   "geometry": {
    "type": "Point",
    "coordinates": [
     -5.54846,
     37.26822
    ]
   },
   "properties": {
    "id": "EST-ARAHAL",
    "name": "Arahal",
    "province": "Sevilla",
    "marker-symbol": "rail",
    "marker-size": "small",
    "marker-color": "#666666"
   }
  },
  {
   "type": "Feature",
   "geometry": {
    "type": "Point",
    "coordinates": [
     2.10574,
     41.41417
    ]
   },
   "properties": {
    "id": "EST-VALLVIDRERASUPERIOR",
    "name": "Vallvidrera Superior",
    "province": "Barcelona",
    "marker-symbol": "rail",
    "marker-size": "small",
    "marker-color": "#666666"
   }
  },
  {
   "type": "Feature",
   "geometry": {
    "type": "Point",
    "coordinates": [
     -4.82333,
     43.23822
    ]
   },
   "properties": {
    "id": "EST-BULNES",
    "name": "Bulnes",
    "province": "Asturias",
    "marker-symbol": "rail",
    "marker-size": "small",
    "marker-color": "#666666"
   }
  },
  {
   "type": "Feature",
   "geometry": {
    "type": "Point",
    "coordinates": [
     -0.13558,
     38.54828
    ]
   },
   "properties": {
    "id": "EST-BENIDORM",
    "name": "Benidorm",
    "province": "Alicante",
    "marker-symbol": "rail",
    "marker-size": "small",
    "marker-color": "#666666"
   }
  },
  {
   "type": "Feature",
   "geometry": {
    "type": "Point",
    "coordinates": [
     -2.95849,
     43.27478
    ]
   },
   "properties": {
    "id": "EST-SARRIKO",
    "name": "Sarriko",
    "province": "Bizkaia",
    "marker-symbol": "rail",
    "marker-size": "small",
    "marker-color": "#666666"
   }
  },
  {
   "type": "Feature",
   "geometry": {
    "type": "Point",
    "coordinates": [
     2.71512,
     39.76468
    ]
   },
   "properties": {
    "id": "EST-SOLLER",
    "name": "Sóller",
    "province": "Baleares",
    "marker-symbol": "rail",
    "marker-size": "small",
    "marker-color": "#666666"
   }
  },
  {
   "type": "Feature",
   "geometry": {
    "type": "Point",
    "coordinates": [
     0.81051,
     41.13093
    ]
   },
   "properties": {
    "id": "EST-MARCAFALSET",
    "name": "Marçà-Falset",
    "province": "Tarragona",
    "marker-symbol": "rail",
    "marker-size": "small",
    "marker-color": "#666666"
   }
  },
  {
   "type": "Feature",
   "geometry": {
    "type": "Point",
    "coordinates": [
     -0.42702,
     41.32049
    ]
   },
   "properties": {
    "id": "EST-LAZAIDASASTAGO",
    "name": "La Zaida-Sástago",
    "province": "Zaragoza",
    "marker-symbol": "rail",
    "marker-size": "small",
    "marker-color": "#666666"
   }
  },
  {
   "type": "Feature",
   "geometry": {
    "type": "Point",
    "coordinates": [
     2.19071,
     41.44313
    ]
   },
   "properties": {
    "id": "EST-TORRASIBAGES",
    "name": "Torras i Bages",
    "province": "Barcelona",
    "marker-symbol": "rail",
    "marker-size": "small",
    "marker-color": "#666666"
   }
  },
  {
   "type": "Feature",
   "geometry": {
    "type": "Point",
    "coordinates": [
     2.13087,
     41.39778
    ]
   },
   "properties": {
    "id": "EST-LESTRESTORRES",
    "name": "Les Tres Torres",
    "province": "Barcelona",
    "marker-symbol": "rail",
    "marker-size": "small",
    "marker-color": "#666666"
   }
  },
  {
   "type": "Feature",
   "geometry": {
    "type": "Point",
    "coordinates": [
     -6.06579,
     43.43991
    ]
   },
   "properties": {
    "id": "EST-ACES",
    "name": "Aces",
    "province": "Asturias",
    "marker-symbol": "rail",
    "marker-size": "small",
    "marker-color": "#666666"
   }
  },
  {
   "type": "Feature",
   "geometry": {
    "type": "Point",
    "coordinates": [
     -5.80325,
     37.57474
    ]
   },
   "properties": {
    "id": "EST-CANTILLANA",
    "name": "Cantillana",
    "province": "Sevilla",
    "marker-symbol": "rail",
    "marker-size": "small",
    "marker-color": "#666666"
   }
  },
  {
   "type": "Feature",
   "geometry": {
    "type": "Point",
    "coordinates": [
     0.81205,
     41.82329
    ]
   },
   "properties": {
    "id": "EST-GERB",
    "name": "Gerb",
    "province": "Lleida",
    "marker-symbol": "rail",
    "marker-size": "small",
    "marker-color": "#666666"
   }
  },
  {
   "type": "Feature",
   "geometry": {
    "type": "Point",
    "coordinates": [
     -3.66802,
     40.38163
    ]
   },
   "properties": {
    "id": "EST-ASAMBLEADEMADRIDENTREVIAS",
    "name": "Asamblea de Madrid-Entrevías",
    "province": "Madrid",
    "marker-symbol": "rail",
    "marker-size": "small",
    "marker-color": "#666666"
   }
  },
  {
   "type": "Feature",
   "geometry": {
    "type": "Point",
    "coordinates": [
     -3.77237,
     40.23471
    ]
   },
   "properties": {
    "id": "EST-BULEVARSURMIGUELANGELBLANCO",
    "name": "Bulevar Sur - Miguel Ángel Blanco",
    "province": "Madrid",
    "marker-symbol": "rail",
    "marker-size": "small",
    "marker-color": "#666666"
   }
  },
  {
   "type": "Feature",
   "geometry": {
    "type": "Point",
    "coordinates": [
     -5.89657,
     43.5543
    ]
   },
   "properties": {
    "id": "EST-LLARANES",
    "name": "Llaranes",
    "province": "Asturias",
    "marker-symbol": "rail",
    "marker-size": "small",
    "marker-color": "#666666"
   }
  },
  {
   "type": "Feature",
   "geometry": {
    "type": "Point",
    "coordinates": [
     -2.0007,
     43.30243
    ]
   },
   "properties": {
    "id": "EST-LUGARITZDONOSTIA",
    "name": "Lugaritz-Donostia",
    "province": "Gipuzkoa",
    "marker-symbol": "rail",
    "marker-size": "small",
    "marker-color": "#666666"
   }
  },
  {
   "type": "Feature",
   "geometry": {
    "type": "Point",
    "coordinates": [
     -6.20962,
     36.45594
    ]
   },
   "properties": {
    "id": "EST-SANTOENTIERRO",
    "name": "Santo Entierro",
    "province": "Cádiz",
    "marker-symbol": "rail",
    "marker-size": "small",
    "marker-color": "#666666"
   }
  },
  {
   "type": "Feature",
   "geometry": {
    "type": "Point",
    "coordinates": [
     2.11825,
     41.51357
    ]
   },
   "properties": {
    "id": "EST-BARBERADELVALLES",
    "name": "Barberà del Vallès",
    "province": "Barcelona",
    "marker-symbol": "rail",
    "marker-size": "small",
    "marker-color": "#666666"
   }
  },
  {
   "type": "Feature",
   "geometry": {
    "type": "Point",
    "coordinates": [
     -2.91641,
     43.24237
    ]
   },
   "properties": {
    "id": "EST-OLLARGAN",
    "name": "Ollargan",
    "province": "Bizkaia",
    "marker-symbol": "rail",
    "marker-size": "small",
    "marker-color": "#666666"
   }
  },
  {
   "type": "Feature",
   "geometry": {
    "type": "Point",
    "coordinates": [
     -4.24807,
     40.52125
    ]
   },
   "properties": {
    "id": "EST-ORTEGAYGASSET",
    "name": "Ortega y Gasset",
    "province": "Madrid",
    "marker-symbol": "rail",
    "marker-size": "small",
    "marker-color": "#666666"
   }
  },
  {
   "type": "Feature",
   "geometry": {
    "type": "Point",
    "coordinates": [
     -3.65852,
     40.52743
    ]
   },
   "properties": {
    "id": "EST-LAGRANJA",
    "name": "La Granja",
    "province": "Madrid",
    "marker-symbol": "rail",
    "marker-size": "small",
    "marker-color": "#666666"
   }
  },
  {
   "type": "Feature",
   "geometry": {
    "type": "Point",
    "coordinates": [
     -3.03782,
     43.32236
    ]
   },
   "properties": {
    "id": "EST-KABIEZES",
    "name": "Kabiezes",
    "province": "Bizkaia",
    "marker-symbol": "rail",
    "marker-size": "small",
    "marker-color": "#666666"
   }
  },
  {
   "type": "Feature",
   "geometry": {
    "type": "Point",
    "coordinates": [
     2.09166,
     41.42751
    ]
   },
   "properties": {
    "id": "EST-LESPLANES",
    "name": "Les Planes",
    "province": "Barcelona",
    "marker-symbol": "rail",
    "marker-size": "small",
    "marker-color": "#666666"
   }
  },
  {
   "type": "Feature",
   "geometry": {
    "type": "Point",
    "coordinates": [
     -3.70449,
     40.43318
    ]
   },
   "properties": {
    "id": "EST-QUEVEDO",
    "name": "Quevedo",
    "province": "Madrid",
    "marker-symbol": "rail",
    "marker-size": "small",
    "marker-color": "#666666"
   }
  },
  {
   "type": "Feature",
   "geometry": {
    "type": "Point",
    "coordinates": [
     2.14,
     41.37901
    ]
   },
   "properties": {
    "id": "EST-SANTS",
    "name": "Sants",
    "province": "Barcelona",
    "marker-symbol": "rail",
    "marker-size": "small",
    "marker-color": "#666666"
   }
  },
  {
   "type": "Feature",
   "geometry": {
    "type": "Point",
    "coordinates": [
     -0.37335,
     42.52022
    ]
   },
   "properties": {
    "id": "EST-SABINANIGO",
    "name": "Sabiñánigo",
    "province": "Huesca",
    "marker-symbol": "rail",
    "marker-size": "small",
    "marker-color": "#666666"
   }
  },
  {
   "type": "Feature",
   "geometry": {
    "type": "Point",
    "coordinates": [
     -3.44752,
     40.30368
    ]
   },
   "properties": {
    "id": "EST-ARGANDADELREY",
    "name": "Arganda del Rey",
    "province": "Madrid",
    "marker-symbol": "rail",
    "marker-size": "small",
    "marker-color": "#666666"
   }
  },
  {
   "type": "Feature",
   "geometry": {
    "type": "Point",
    "coordinates": [
     -4.07531,
     42.91032
    ]
   },
   "properties": {
    "id": "EST-LOSCARABEOS",
    "name": "Los Carabeos",
    "province": "Cantabria",
    "marker-symbol": "rail",
    "marker-size": "small",
    "marker-color": "#666666"
   }
  },
  {
   "type": "Feature",
   "geometry": {
    "type": "Point",
    "coordinates": [
     -6.17568,
     36.46653
    ]
   },
   "properties": {
    "id": "EST-TRESCAMINOS",
    "name": "Tres Caminos",
    "province": "Cádiz",
    "marker-symbol": "rail",
    "marker-size": "small",
    "marker-color": "#666666"
   }
  },
  {
   "type": "Feature",
   "geometry": {
    "type": "Point",
    "coordinates": [
     -6.04078,
     37.41795
    ]
   },
   "properties": {
    "id": "EST-CAMAS",
    "name": "Camas",
    "province": "Sevilla",
    "marker-symbol": "rail",
    "marker-size": "small",
    "marker-color": "#666666"
   }
  },
  {
   "type": "Feature",
   "geometry": {
    "type": "Point",
    "coordinates": [
     -3.78038,
     40.38146
    ]
   },
   "properties": {
    "id": "EST-LASAGUILAS",
    "name": "Las Águilas",
    "province": "Madrid",
    "marker-symbol": "rail",
    "marker-size": "small",
    "marker-color": "#666666"
   }
  },
  {
   "type": "Feature",
   "geometry": {
    "type": "Point",
    "coordinates": [
     2.0239,
     41.3702
    ]
   },
   "properties": {
    "id": "EST-SANTACOLOMADECERVELLO",
    "name": "Santa Coloma de Cervelló",
    "province": "Barcelona",
    "marker-symbol": "rail",
    "marker-size": "small",
    "marker-color": "#666666"
   }
  },
  {
   "type": "Feature",
   "geometry": {
    "type": "Point",
    "coordinates": [
     -2.94114,
     42.6908
    ]
   },
   "properties": {
    "id": "EST-MIRANDADEEBRO",
    "name": "Miranda de Ebro",
    "province": "Burgos",
    "marker-symbol": "rail",
    "marker-size": "small",
    "marker-color": "#666666"
   }
  },
  {
   "type": "Feature",
   "geometry": {
    "type": "Point",
    "coordinates": [
     -5.77534,
     43.33169
    ]
   },
   "properties": {
    "id": "EST-TUDELAVEGUIN",
    "name": "Tudela Veguín",
    "province": "Asturias",
    "marker-symbol": "rail",
    "marker-size": "small",
    "marker-color": "#666666"
   }
  },
  {
   "type": "Feature",
   "geometry": {
    "type": "Point",
    "coordinates": [
     -4.49016,
     36.67775
    ]
   },
   "properties": {
    "id": "EST-AEROPUERTOMALAGA",
    "name": "Aeropuerto",
    "province": "Málaga",
    "marker-symbol": "rail",
    "marker-size": "small",
    "marker-color": "#666666"
   }
  },
  {
   "type": "Feature",
   "geometry": {
    "type": "Point",
    "coordinates": [
     -2.94313,
     43.25454
    ]
   },
   "properties": {
    "id": "EST-AMETZOLA",
    "name": "Ametzola",
    "province": "Bizkaia",
    "marker-symbol": "rail",
    "marker-size": "small",
    "marker-color": "#666666"
   }
  },
  {
   "type": "Feature",
   "geometry": {
    "type": "Point",
    "coordinates": [
     -3.06744,
     43.31937
    ]
   },
   "properties": {
    "id": "EST-GALLARTA",
    "name": "Gallarta",
    "province": "Bizkaia",
    "marker-symbol": "rail",
    "marker-size": "small",
    "marker-color": "#666666"
   }
  },
  {
   "type": "Feature",
   "geometry": {
    "type": "Point",
    "coordinates": [
     -5.63438,
     43.35077
    ]
   },
   "properties": {
    "id": "EST-CARBAYIN",
    "name": "Carbayín",
    "province": "Asturias",
    "marker-symbol": "rail",
    "marker-size": "small",
    "marker-color": "#666666"
   }
  },
  {
   "type": "Feature",
   "geometry": {
    "type": "Point",
    "coordinates": [
     2.1786,
     41.44385
    ]
   },
   "properties": {
    "id": "EST-VIAJULIA",
    "name": "Via Júlia",
    "province": "Barcelona",
    "marker-symbol": "rail",
    "marker-size": "small",
    "marker-color": "#666666"
   }
  },
  {
   "type": "Feature",
   "geometry": {
    "type": "Point",
    "coordinates": [
     2.90584,
     39.7181
    ]
   },
   "properties": {
    "id": "EST-PONTDINCANOU",
    "name": "Pont d'Inca Nou",
    "province": "Baleares",
    "marker-symbol": "rail",
    "marker-size": "small",
    "marker-color": "#666666"
   }
  },
  {
   "type": "Feature",
   "geometry": {
    "type": "Point",
    "coordinates": [
     -5.72261,
     43.54176
    ]
   },
   "properties": {
    "id": "EST-VERINA",
    "name": "Veriña",
    "province": "Asturias",
    "marker-symbol": "rail",
    "marker-size": "small",
    "marker-color": "#666666"
   }
  },
  {
   "type": "Feature",
   "geometry": {
    "type": "Point",
    "coordinates": [
     -4.70193,
     41.04707
    ]
   },
   "properties": {
    "id": "EST-AREVALO",
    "name": "Arévalo",
    "province": "Ávila",
    "marker-symbol": "rail",
    "marker-size": "small",
    "marker-color": "#666666"
   }
  },
  {
   "type": "Feature",
   "geometry": {
    "type": "Point",
    "coordinates": [
     -1.13473,
     39.52175
    ]
   },
   "properties": {
    "id": "EST-REQUENAUTIEL",
    "name": "Requena-Utiel",
    "province": "Valencia",
    "marker-symbol": "rail",
    "marker-size": "small",
    "marker-color": "#666666"
   }
  },
  {
   "type": "Feature",
   "geometry": {
    "type": "Point",
    "coordinates": [
     -5.727,
     37.59012
    ]
   },
   "properties": {
    "id": "EST-LOSROSALES",
    "name": "Los Rosales",
    "province": "Sevilla",
    "marker-symbol": "rail",
    "marker-size": "small",
    "marker-color": "#666666"
   }
  },
  {
   "type": "Feature",
   "geometry": {
    "type": "Point",
    "coordinates": [
     -3.79568,
     40.39454
    ]
   },
   "properties": {
    "id": "EST-CIUDADDELCINE",
    "name": "Ciudad del Cine",
    "province": "Madrid",
    "marker-symbol": "rail",
    "marker-size": "small",
    "marker-color": "#666666"
   }
  },
  {
   "type": "Feature",
   "geometry": {
    "type": "Point",
    "coordinates": [
     1.84922,
     41.61036
    ]
   },
   "properties": {
    "id": "EST-MONISTROL",
    "name": "Monistrol",
    "province": "Barcelona",
    "marker-symbol": "rail",
    "marker-size": "small",
    "marker-color": "#666666"
   }
  },
  {
   "type": "Feature",
   "geometry": {
    "type": "Point",
    "coordinates": [
     2.11204,
     41.3759
    ]
   },
   "properties": {
    "id": "EST-ERNESTLLUCH",
    "name": "Ernest Lluch",
    "province": "Barcelona",
    "marker-symbol": "rail",
    "marker-size": "small",
    "marker-color": "#666666"
   }
  },
  {
   "type": "Feature",
   "geometry": {
    "type": "Point",
    "coordinates": [
     -0.88205,
     41.65725
    ]
   },
   "properties": {
    "id": "EST-PLAZADELPILARMURALLAS",
    "name": "Plaza del Pilar-Murallas",
    "province": "Zaragoza",
    "marker-symbol": "rail",
    "marker-size": "small",
    "marker-color": "#666666"
   }
  },
  {
   "type": "Feature",
   "geometry": {
    "type": "Point",
    "coordinates": [
     1.82663,
     41.72026
    ]
   },
   "properties": {
    "id": "EST-MANRESAVILADORDIS",
    "name": "Manresa Viladordis",
    "province": "Barcelona",
    "marker-symbol": "rail",
    "marker-size": "small",
    "marker-color": "#666666"
   }
  },
  {
   "type": "Feature",
   "geometry": {
    "type": "Point",
    "coordinates": [
     -3.16307,
     40.74699
    ]
   },
   "properties": {
    "id": "EST-YUNQUERADEHENARES",
    "name": "Yunquera de Henares",
    "province": "Guadalajara",
    "marker-symbol": "rail",
    "marker-size": "small",
    "marker-color": "#666666"
   }
  },
  {
   "type": "Feature",
   "geometry": {
    "type": "Point",
    "coordinates": [
     -3.66705,
     40.48005
    ]
   },
   "properties": {
    "id": "EST-PINARDECHAMARTIN",
    "name": "Pinar de Chamartín",
    "province": "Madrid",
    "marker-symbol": "rail",
    "marker-size": "small",
    "marker-color": "#666666"
   }
  },
  {
   "type": "Feature",
   "geometry": {
    "type": "Point",
    "coordinates": [
     -2.82176,
     43.21774
    ]
   },
   "properties": {
    "id": "EST-USANSOLO",
    "name": "Usansolo",
    "province": "Bizkaia",
    "marker-symbol": "rail",
    "marker-size": "small",
    "marker-color": "#666666"
   }
  },
  {
   "type": "Feature",
   "geometry": {
    "type": "Point",
    "coordinates": [
     -5.78943,
     43.22067
    ]
   },
   "properties": {
    "id": "EST-SANTULLANO",
    "name": "Santullano",
    "province": "Asturias",
    "marker-symbol": "rail",
    "marker-size": "small",
    "marker-color": "#666666"
   }
  },
  {
   "type": "Feature",
   "geometry": {
    "type": "Point",
    "coordinates": [
     2.18702,
     41.42262
    ]
   },
   "properties": {
    "id": "EST-SAGRERA",
    "name": "Sagrera",
    "province": "Barcelona",
    "marker-symbol": "rail",
    "marker-size": "small",
    "marker-color": "#666666"
   }
  },
  {
   "type": "Feature",
   "geometry": {
    "type": "Point",
    "coordinates": [
     -3.84724,
     43.4444
    ]
   },
   "properties": {
    "id": "EST-NUEVAMONTANA",
    "name": "Nueva Montaña",
    "province": "Cantabria",
    "marker-symbol": "rail",
    "marker-size": "small",
    "marker-color": "#666666"
   }
  },
  {
   "type": "Feature",
   "geometry": {
    "type": "Point",
    "coordinates": [
     -3.6754,
     40.4294
    ]
   },
   "properties": {
    "id": "EST-LISTA",
    "name": "Lista",
    "province": "Madrid",
    "marker-symbol": "rail",
    "marker-size": "small",
    "marker-color": "#666666"
   }
  },
  {
   "type": "Feature",
   "geometry": {
    "type": "Point",
    "coordinates": [
     -3.98261,
     42.98795
    ]
   },
   "properties": {
    "id": "EST-LLANO",
    "name": "Llano",
    "province": "Cantabria",
    "marker-symbol": "rail",
    "marker-size": "small",
    "marker-color": "#666666"
   }
  },
  {
   "type": "Feature",
   "geometry": {
    "type": "Point",
    "coordinates": [
     -0.4042,
     38.40513
    ]
   },
   "properties": {
    "id": "EST-LESLLANCES",
    "name": "Les Llances",
    "province": "Alicante",
    "marker-symbol": "rail",
    "marker-size": "small",
    "marker-color": "#666666"
   }
  },
  {
   "type": "Feature",
   "geometry": {
    "type": "Point",
    "coordinates": [
     -3.02074,
     43.31767
    ]
   },
   "properties": {
    "id": "EST-PORTUGALETE",
    "name": "Portugalete",
    "province": "Bizkaia",
    "marker-symbol": "rail",
    "marker-size": "small",
    "marker-color": "#666666"
   }
  },
  {
   "type": "Feature",
   "geometry": {
    "type": "Point",
    "coordinates": [
     -3.44564,
     43.31366
    ]
   },
   "properties": {
    "id": "EST-UDALLA",
    "name": "Udalla",
    "province": "Cantabria",
    "marker-symbol": "rail",
    "marker-size": "small",
    "marker-color": "#666666"
   }
  },
  {
   "type": "Feature",
   "geometry": {
    "type": "Point",
    "coordinates": [
     -5.02714,
     42.78328
    ]
   },
   "properties": {
    "id": "EST-PRADODELAGUZPENA",
    "name": "Prado de la Guzpeña",
    "province": "León",
    "marker-symbol": "rail",
    "marker-size": "small",
    "marker-color": "#666666"
   }
  },
  {
   "type": "Feature",
   "geometry": {
    "type": "Point",
    "coordinates": [
     -5.43229,
     36.21377
    ]
   },
   "properties": {
    "id": "EST-SANROQUELALINEA",
    "name": "San Roque-La Línea",
    "province": "Cádiz",
    "marker-symbol": "rail",
    "marker-size": "small",
    "marker-color": "#666666"
   }
  },
  {
   "type": "Feature",
   "geometry": {
    "type": "Point",
    "coordinates": [
     -3.72318,
     40.38693
    ]
   },
   "properties": {
    "id": "EST-OPANEL",
    "name": "Opañel",
    "province": "Madrid",
    "marker-symbol": "rail",
    "marker-size": "small",
    "marker-color": "#666666"
   }
  },
  {
   "type": "Feature",
   "geometry": {
    "type": "Point",
    "coordinates": [
     -1.57006,
     41.43914
    ]
   },
   "properties": {
    "id": "EST-PARACUELLOSSAVINAN",
    "name": "Paracuellos-Saviñán",
    "province": "Zaragoza",
    "marker-symbol": "rail",
    "marker-size": "small",
    "marker-color": "#666666"
   }
  },
  {
   "type": "Feature",
   "geometry": {
    "type": "Point",
    "coordinates": [
     -5.62491,
     43.16078
    ]
   },
   "properties": {
    "id": "EST-CABANAQUINTA",
    "name": "Cabañaquinta",
    "province": "Asturias",
    "marker-symbol": "rail",
    "marker-size": "small",
    "marker-color": "#666666"
   }
  },
  {
   "type": "Feature",
   "geometry": {
    "type": "Point",
    "coordinates": [
     -5.29607,
     40.95194
    ]
   },
   "properties": {
    "id": "EST-VILLARDEGALLIMAZO",
    "name": "Villar de Gallimazo",
    "province": "Salamanca",
    "marker-symbol": "rail",
    "marker-size": "small",
    "marker-color": "#666666"
   }
  },
  {
   "type": "Feature",
   "geometry": {
    "type": "Point",
    "coordinates": [
     -7.13437,
     42.06376
    ]
   },
   "properties": {
    "id": "EST-AGUDINAPORTADEGALICIA",
    "name": "A Gudiña-Porta de Galicia",
    "province": "Ourense",
    "marker-symbol": "rail",
    "marker-size": "small",
    "marker-color": "#666666"
   }
  },
  {
   "type": "Feature",
   "geometry": {
    "type": "Point",
    "coordinates": [
     -3.77656,
     40.6452
    ]
   },
   "properties": {
    "id": "EST-COLMENARVIEJO",
    "name": "Colmenar Viejo",
    "province": "Madrid",
    "marker-symbol": "rail",
    "marker-size": "small",
    "marker-color": "#666666"
   }
  },
  {
   "type": "Feature",
   "geometry": {
    "type": "Point",
    "coordinates": [
     2.12429,
     41.36139
    ]
   },
   "properties": {
    "id": "EST-PROVENCANA",
    "name": "Provençana",
    "province": "Barcelona",
    "marker-symbol": "rail",
    "marker-size": "small",
    "marker-color": "#666666"
   }
  },
  {
   "type": "Feature",
   "geometry": {
    "type": "Point",
    "coordinates": [
     -5.71499,
     37.65825
    ]
   },
   "properties": {
    "id": "EST-VILLANUEVADELRIOMINAS",
    "name": "Villanueva del Río Minas",
    "province": "Sevilla",
    "marker-symbol": "rail",
    "marker-size": "small",
    "marker-color": "#666666"
   }
  },
  {
   "type": "Feature",
   "geometry": {
    "type": "Point",
    "coordinates": [
     -2.05996,
     41.30943
    ]
   },
   "properties": {
    "id": "EST-ARIZA",
    "name": "Ariza",
    "province": "Zaragoza",
    "marker-symbol": "rail",
    "marker-size": "small",
    "marker-color": "#666666"
   }
  },
  {
   "type": "Feature",
   "geometry": {
    "type": "Point",
    "coordinates": [
     -2.91329,
     43.2543
    ]
   },
   "properties": {
    "id": "EST-SANTUTXU",
    "name": "Santutxu",
    "province": "Bizkaia",
    "marker-symbol": "rail",
    "marker-size": "small",
    "marker-color": "#666666"
   }
  },
  {
   "type": "Feature",
   "geometry": {
    "type": "Point",
    "coordinates": [
     -3.71317,
     40.44627
    ]
   },
   "properties": {
    "id": "EST-GUZMANELBUENO",
    "name": "Guzmán el Bueno",
    "province": "Madrid",
    "marker-symbol": "rail",
    "marker-size": "small",
    "marker-color": "#666666"
   }
  },
  {
   "type": "Feature",
   "geometry": {
    "type": "Point",
    "coordinates": [
     -4.72063,
     37.9126
    ]
   },
   "properties": {
    "id": "EST-CAMPUSUNIVERSITARIODERABANALES",
    "name": "Campus Universitario de Rabanales",
    "province": "Córdoba",
    "marker-symbol": "rail",
    "marker-size": "small",
    "marker-color": "#666666"
   }
  },
  {
   "type": "Feature",
   "geometry": {
    "type": "Point",
    "coordinates": [
     -6.56291,
     42.04477
    ]
   },
   "properties": {
    "id": "EST-SANABRIAAV",
    "name": "Sanabria AV",
    "province": "Zamora",
    "marker-symbol": "rail",
    "marker-size": "small",
    "marker-color": "#666666"
   }
  },
  {
   "type": "Feature",
   "geometry": {
    "type": "Point",
    "coordinates": [
     -1.63842,
     41.34636
    ]
   },
   "properties": {
    "id": "EST-CALATAYUD",
    "name": "Calatayud",
    "province": "Zaragoza",
    "marker-symbol": "rail",
    "marker-size": "small",
    "marker-color": "#666666"
   }
  },
  {
   "type": "Feature",
   "geometry": {
    "type": "Point",
    "coordinates": [
     2.7414,
     41.64153
    ]
   },
   "properties": {
    "id": "EST-MALGRATDEMAR",
    "name": "Malgrat de Mar",
    "province": "Barcelona",
    "marker-symbol": "rail",
    "marker-size": "small",
    "marker-color": "#666666"
   }
  },
  {
   "type": "Feature",
   "geometry": {
    "type": "Point",
    "coordinates": [
     -4.54554,
     36.70509
    ]
   },
   "properties": {
    "id": "EST-CAMPANILLAS",
    "name": "Campanillas",
    "province": "Málaga",
    "marker-symbol": "rail",
    "marker-size": "small",
    "marker-color": "#666666"
   }
  },
  {
   "type": "Feature",
   "geometry": {
    "type": "Point",
    "coordinates": [
     -3.01598,
     42.99466
    ]
   },
   "properties": {
    "id": "EST-ORDUNA",
    "name": "Orduña",
    "province": "Bizkaia",
    "marker-symbol": "rail",
    "marker-size": "small",
    "marker-color": "#666666"
   }
  },
  {
   "type": "Feature",
   "geometry": {
    "type": "Point",
    "coordinates": [
     2.1216,
     41.38673
    ]
   },
   "properties": {
    "id": "EST-PIUSXII",
    "name": "Pius XII",
    "province": "Barcelona",
    "marker-symbol": "rail",
    "marker-size": "small",
    "marker-color": "#666666"
   }
  },
  {
   "type": "Feature",
   "geometry": {
    "type": "Point",
    "coordinates": [
     2.17097,
     42.33449
    ]
   },
   "properties": {
    "id": "EST-RIALB",
    "name": "Rialb",
    "province": "Girona",
    "marker-symbol": "rail",
    "marker-size": "small",
    "marker-color": "#666666"
   }
  },
  {
   "type": "Feature",
   "geometry": {
    "type": "Point",
    "coordinates": [
     -3.89741,
     40.40594
    ]
   },
   "properties": {
    "id": "EST-INFANTEDONLUIS",
    "name": "Infante Don Luis",
    "province": "Madrid",
    "marker-symbol": "rail",
    "marker-size": "small",
    "marker-color": "#666666"
   }
  },
  {
   "type": "Feature",
   "geometry": {
    "type": "Point",
    "coordinates": [
     -3.59654,
     37.16073
    ]
   },
   "properties": {
    "id": "EST-HIPICA",
    "name": "Hípica",
    "province": "Granada",
    "marker-symbol": "rail",
    "marker-size": "small",
    "marker-color": "#666666"
   }
  },
  {
   "type": "Feature",
   "geometry": {
    "type": "Point",
    "coordinates": [
     -3.88226,
     40.33095
    ]
   },
   "properties": {
    "id": "EST-MOSTOLESELSOTO",
    "name": "Móstoles-El Soto",
    "province": "Madrid",
    "marker-symbol": "rail",
    "marker-size": "small",
    "marker-color": "#666666"
   }
  },
  {
   "type": "Feature",
   "geometry": {
    "type": "Point",
    "coordinates": [
     -0.04274,
     41.23991
    ]
   },
   "properties": {
    "id": "EST-CASPE",
    "name": "Caspe",
    "province": "Zaragoza",
    "marker-symbol": "rail",
    "marker-size": "small",
    "marker-color": "#666666"
   }
  },
  {
   "type": "Feature",
   "geometry": {
    "type": "Point",
    "coordinates": [
     -3.96456,
     40.82232
    ]
   },
   "properties": {
    "id": "EST-COTOS",
    "name": "Cotos",
    "province": "Segovia",
    "marker-symbol": "rail",
    "marker-size": "small",
    "marker-color": "#666666"
   }
  },
  {
   "type": "Feature",
   "geometry": {
    "type": "Point",
    "coordinates": [
     -4.43198,
     41.9765
    ]
   },
   "properties": {
    "id": "EST-MAGAZ",
    "name": "Magaz",
    "province": "Palencia",
    "marker-symbol": "rail",
    "marker-size": "small",
    "marker-color": "#666666"
   }
  },
  {
   "type": "Feature",
   "geometry": {
    "type": "Point",
    "coordinates": [
     -8.7119,
     42.23496
    ]
   },
   "properties": {
    "id": "EST-VIGOURZAIZ",
    "name": "Vigo-Urzaiz",
    "province": "Pontevedra",
    "marker-symbol": "rail",
    "marker-size": "small",
    "marker-color": "#666666"
   }
  },
  {
   "type": "Feature",
   "geometry": {
    "type": "Point",
    "coordinates": [
     2.15457,
     41.37924
    ]
   },
   "properties": {
    "id": "EST-ROCAFORT",
    "name": "Rocafort",
    "province": "Barcelona",
    "marker-symbol": "rail",
    "marker-size": "small",
    "marker-color": "#666666"
   }
  },
  {
   "type": "Feature",
   "geometry": {
    "type": "Point",
    "coordinates": [
     2.14216,
     41.35585
    ]
   },
   "properties": {
    "id": "EST-FOC",
    "name": "Foc",
    "province": "Barcelona",
    "marker-symbol": "rail",
    "marker-size": "small",
    "marker-color": "#666666"
   }
  },
  {
   "type": "Feature",
   "geometry": {
    "type": "Point",
    "coordinates": [
     -4.11194,
     38.69129
    ]
   },
   "properties": {
    "id": "EST-PUERTOLLANO",
    "name": "Puertollano",
    "province": "Ciudad Real",
    "marker-symbol": "rail",
    "marker-size": "small",
    "marker-color": "#666666"
   }
  },
  {
   "type": "Feature",
   "geometry": {
    "type": "Point",
    "coordinates": [
     2.15798,
     41.39287
    ]
   },
   "properties": {
    "id": "EST-SANTMARTIDEPROVENCALS",
    "name": "Sant Martí de Provençals",
    "province": "Barcelona",
    "marker-symbol": "rail",
    "marker-size": "small",
    "marker-color": "#666666"
   }
  },
  {
   "type": "Feature",
   "geometry": {
    "type": "Point",
    "coordinates": [
     -1.51548,
     41.99707
    ]
   },
   "properties": {
    "id": "EST-RIBAFORADA",
    "name": "Ribaforada",
    "province": "Navarra",
    "marker-symbol": "rail",
    "marker-size": "small",
    "marker-color": "#666666"
   }
  },
  {
   "type": "Feature",
   "geometry": {
    "type": "Point",
    "coordinates": [
     -3.62133,
     40.37943
    ]
   },
   "properties": {
    "id": "EST-VILLADEVALLECAS",
    "name": "Villa de Vallecas",
    "province": "Madrid",
    "marker-symbol": "rail",
    "marker-size": "small",
    "marker-color": "#666666"
   }
  },
  {
   "type": "Feature",
   "geometry": {
    "type": "Point",
    "coordinates": [
     -4.60857,
     36.73386
    ]
   },
   "properties": {
    "id": "EST-CARTAMA",
    "name": "Cártama",
    "province": "Málaga",
    "marker-symbol": "rail",
    "marker-size": "small",
    "marker-color": "#666666"
   }
  },
  {
   "type": "Feature",
   "geometry": {
    "type": "Point",
    "coordinates": [
     -6.03995,
     36.85471
    ]
   },
   "properties": {
    "id": "EST-ELCUERVO",
    "name": "El Cuervo",
    "province": "Sevilla",
    "marker-symbol": "rail",
    "marker-size": "small",
    "marker-color": "#666666"
   }
  },
  {
   "type": "Feature",
   "geometry": {
    "type": "Point",
    "coordinates": [
     2.18101,
     41.41469
    ]
   },
   "properties": {
    "id": "EST-CAMPDELARPA",
    "name": "Camp de l'Arpa",
    "province": "Barcelona",
    "marker-symbol": "rail",
    "marker-size": "small",
    "marker-color": "#666666"
   }
  },
  {
   "type": "Feature",
   "geometry": {
    "type": "Point",
    "coordinates": [
     -4.75456,
     41.52407
    ]
   },
   "properties": {
    "id": "EST-VIANADECEGA",
    "name": "Viana de Cega",
    "province": "Valladolid",
    "marker-symbol": "rail",
    "marker-size": "small",
    "marker-color": "#666666"
   }
  },
  {
   "type": "Feature",
   "geometry": {
    "type": "Point",
    "coordinates": [
     -0.35163,
     39.52802
    ]
   },
   "properties": {
    "id": "EST-MELIANA",
    "name": "Meliana",
    "province": "Valencia",
    "marker-symbol": "rail",
    "marker-size": "small",
    "marker-color": "#666666"
   }
  },
  {
   "type": "Feature",
   "geometry": {
    "type": "Point",
    "coordinates": [
     0.72791,
     41.68736
    ]
   },
   "properties": {
    "id": "EST-VILANOVADELASAL",
    "name": "Vilanova de la Sal",
    "province": "Lleida",
    "marker-symbol": "rail",
    "marker-size": "small",
    "marker-color": "#666666"
   }
  },
  {
   "type": "Feature",
   "geometry": {
    "type": "Point",
    "coordinates": [
     -6.40788,
     38.93625
    ]
   },
   "properties": {
    "id": "EST-ALJUCEN",
    "name": "Aljucén",
    "province": "Badajoz",
    "marker-symbol": "rail",
    "marker-size": "small",
    "marker-color": "#666666"
   }
  },
  {
   "type": "Feature",
   "geometry": {
    "type": "Point",
    "coordinates": [
     -8.41298,
     43.33528
    ]
   },
   "properties": {
    "id": "EST-ELVINAUNIVERSIDADE",
    "name": "Elviña-Universidade",
    "province": "A Coruña",
    "marker-symbol": "rail",
    "marker-size": "small",
    "marker-color": "#666666"
   }
  },
  {
   "type": "Feature",
   "geometry": {
    "type": "Point",
    "coordinates": [
     2.20805,
     41.45108
    ]
   },
   "properties": {
    "id": "EST-SANTACOLOMA",
    "name": "Santa Coloma",
    "province": "Barcelona",
    "marker-symbol": "rail",
    "marker-size": "small",
    "marker-color": "#666666"
   }
  },
  {
   "type": "Feature",
   "geometry": {
    "type": "Point",
    "coordinates": [
     -4.4722,
     36.71704
    ]
   },
   "properties": {
    "id": "EST-UNIVERSIDADMALAGA",
    "name": "Universidad",
    "province": "Málaga",
    "marker-symbol": "rail",
    "marker-size": "small",
    "marker-color": "#666666"
   }
  },
  {
   "type": "Feature",
   "geometry": {
    "type": "Point",
    "coordinates": [
     -3.64815,
     40.43311
    ]
   },
   "properties": {
    "id": "EST-QUINTANA-Madrid-Madrid",
    "name": "Quintana",
    "province": "Madrid",
    "marker-symbol": "rail",
    "marker-size": "small",
    "marker-color": "#666666"
   }
  },
  {
   "type": "Feature",
   "geometry": {
    "type": "Point",
    "coordinates": [
     2.16319,
     41.40627
    ]
   },
   "properties": {
    "id": "EST-JOANIC",
    "name": "Joanic",
    "province": "Barcelona",
    "marker-symbol": "rail",
    "marker-size": "small",
    "marker-color": "#666666"
   }
  },
  {
   "type": "Feature",
   "geometry": {
    "type": "Point",
    "coordinates": [
     -1.59314,
     41.42132
    ]
   },
   "properties": {
    "id": "EST-EMBIDDEJALON",
    "name": "Embid de Jalón",
    "province": "Zaragoza",
    "marker-symbol": "rail",
    "marker-size": "small",
    "marker-color": "#666666"
   }
  },
  {
   "type": "Feature",
   "geometry": {
    "type": "Point",
    "coordinates": [
     2.08451,
     41.35304
    ]
   },
   "properties": {
    "id": "EST-ALMEDA",
    "name": "Almeda",
    "province": "Barcelona",
    "marker-symbol": "rail",
    "marker-size": "small",
    "marker-color": "#666666"
   }
  },
  {
   "type": "Feature",
   "geometry": {
    "type": "Point",
    "coordinates": [
     -4.31647,
     42.59868
    ]
   },
   "properties": {
    "id": "EST-HERRERADEPISUERGA",
    "name": "Herrera de Pisuerga",
    "province": "Palencia",
    "marker-symbol": "rail",
    "marker-size": "small",
    "marker-color": "#666666"
   }
  },
  {
   "type": "Feature",
   "geometry": {
    "type": "Point",
    "coordinates": [
     -5.49276,
     40.98411
    ]
   },
   "properties": {
    "id": "EST-SANMORALES",
    "name": "San Morales",
    "province": "Salamanca",
    "marker-symbol": "rail",
    "marker-size": "small",
    "marker-color": "#666666"
   }
  },
  {
   "type": "Feature",
   "geometry": {
    "type": "Point",
    "coordinates": [
     -3.62479,
     40.38206
    ]
   },
   "properties": {
    "id": "EST-VALLECAS",
    "name": "Vallecas",
    "province": "Madrid",
    "marker-symbol": "rail",
    "marker-size": "small",
    "marker-color": "#666666"
   }
  },
  {
   "type": "Feature",
   "geometry": {
    "type": "Point",
    "coordinates": [
     1.07898,
     41.6464
    ]
   },
   "properties": {
    "id": "EST-ANGLESOLA",
    "name": "Anglesola",
    "province": "Lleida",
    "marker-symbol": "rail",
    "marker-size": "small",
    "marker-color": "#666666"
   }
  },
  {
   "type": "Feature",
   "geometry": {
    "type": "Point",
    "coordinates": [
     -2.97414,
     43.27399
    ]
   },
   "properties": {
    "id": "EST-ZORROTZAZORROTZGOITI",
    "name": "Zorrotza Zorrotzgoiti",
    "province": "Bizkaia",
    "marker-symbol": "rail",
    "marker-size": "small",
    "marker-color": "#666666"
   }
  },
  {
   "type": "Feature",
   "geometry": {
    "type": "Point",
    "coordinates": [
     1.40571,
     41.14279
    ]
   },
   "properties": {
    "id": "EST-TORREDEMBARRA",
    "name": "Torredembarra",
    "province": "Tarragona",
    "marker-symbol": "rail",
    "marker-size": "small",
    "marker-color": "#666666"
   }
  },
  {
   "type": "Feature",
   "geometry": {
    "type": "Point",
    "coordinates": [
     -4.00815,
     40.62638
    ]
   },
   "properties": {
    "id": "EST-VILLALBA",
    "name": "Villalba",
    "province": "Madrid",
    "marker-symbol": "rail",
    "marker-size": "small",
    "marker-color": "#666666"
   }
  },
  {
   "type": "Feature",
   "geometry": {
    "type": "Point",
    "coordinates": [
     -3.7056,
     40.38803
    ]
   },
   "properties": {
    "id": "EST-USERA",
    "name": "Usera",
    "province": "Madrid",
    "marker-symbol": "rail",
    "marker-size": "small",
    "marker-color": "#666666"
   }
  },
  {
   "type": "Feature",
   "geometry": {
    "type": "Point",
    "coordinates": [
     2.15889,
     41.38249
    ]
   },
   "properties": {
    "id": "EST-URGELL",
    "name": "Urgell",
    "province": "Barcelona",
    "marker-symbol": "rail",
    "marker-size": "small",
    "marker-color": "#666666"
   }
  },
  {
   "type": "Feature",
   "geometry": {
    "type": "Point",
    "coordinates": [
     -0.55516,
     42.64995
    ]
   },
   "properties": {
    "id": "EST-CASTIELLO",
    "name": "Castiello",
    "province": "Huesca",
    "marker-symbol": "rail",
    "marker-size": "small",
    "marker-color": "#666666"
   }
  },
  {
   "type": "Feature",
   "geometry": {
    "type": "Point",
    "coordinates": [
     -3.94951,
     43.35305
    ]
   },
   "properties": {
    "id": "EST-RENEDO",
    "name": "Renedo",
    "province": "Cantabria",
    "marker-symbol": "rail",
    "marker-size": "small",
    "marker-color": "#666666"
   }
  },
  {
   "type": "Feature",
   "geometry": {
    "type": "Point",
    "coordinates": [
     -3.6886,
     40.40697
    ]
   },
   "properties": {
    "id": "EST-MADRIDATOCHACERCANIAS",
    "name": "Madrid-Atocha Cercanías",
    "province": "Madrid",
    "marker-symbol": "rail",
    "marker-size": "small",
    "marker-color": "#666666"
   }
  },
  {
   "type": "Feature",
   "geometry": {
    "type": "Point",
    "coordinates": [
     2.69361,
     41.62236
    ]
   },
   "properties": {
    "id": "EST-PINEDADEMAR",
    "name": "Pineda de Mar",
    "province": "Barcelona",
    "marker-symbol": "rail",
    "marker-size": "small",
    "marker-color": "#666666"
   }
  },
  {
   "type": "Feature",
   "geometry": {
    "type": "Point",
    "coordinates": [
     -3.719,
     40.386
    ]
   },
   "properties": {
    "id": "EST-VALDERIBAS",
    "name": "Valderibas",
    "province": "Madrid",
    "marker-symbol": "rail",
    "marker-size": "small",
    "marker-color": "#666666"
   }
  },
  {
   "type": "Feature",
   "geometry": {
    "type": "Point",
    "coordinates": [
     -5.92332,
     37.28722
    ]
   },
   "properties": {
    "id": "EST-DOSHERMANAS",
    "name": "Dos Hermanas",
    "province": "Sevilla",
    "marker-symbol": "rail",
    "marker-size": "small",
    "marker-color": "#666666"
   }
  },
  {
   "type": "Feature",
   "geometry": {
    "type": "Point",
    "coordinates": [
     -2.90914,
     43.17691
    ]
   },
   "properties": {
    "id": "EST-BAKIOLA",
    "name": "Bakiola",
    "province": "Bizkaia",
    "marker-symbol": "rail",
    "marker-size": "small",
    "marker-color": "#666666"
   }
  },
  {
   "type": "Feature",
   "geometry": {
    "type": "Point",
    "coordinates": [
     -3.64556,
     40.45924
    ]
   },
   "properties": {
    "id": "EST-ESPERANZA",
    "name": "Esperanza",
    "province": "Madrid",
    "marker-symbol": "rail",
    "marker-size": "small",
    "marker-color": "#666666"
   }
  },
  {
   "type": "Feature",
   "geometry": {
    "type": "Point",
    "coordinates": [
     -2.93304,
     43.26258
    ]
   },
   "properties": {
    "id": "EST-MOYUA",
    "name": "Moyua",
    "province": "Bizkaia",
    "marker-symbol": "rail",
    "marker-size": "small",
    "marker-color": "#666666"
   }
  },
  {
   "type": "Feature",
   "geometry": {
    "type": "Point",
    "coordinates": [
     -3.63858,
     40.46982
    ]
   },
   "properties": {
    "id": "EST-MARDECRISTAL",
    "name": "Mar de Cristal",
    "province": "Madrid",
    "marker-symbol": "rail",
    "marker-size": "small",
    "marker-color": "#666666"
   }
  },
  {
   "type": "Feature",
   "geometry": {
    "type": "Point",
    "coordinates": [
     -6.55436,
     37.39079
    ]
   },
   "properties": {
    "id": "EST-LAPALMADELCONDADO",
    "name": "La Palma del Condado",
    "province": "Huelva",
    "marker-symbol": "rail",
    "marker-size": "small",
    "marker-color": "#666666"
   }
  },
  {
   "type": "Feature",
   "geometry": {
    "type": "Point",
    "coordinates": [
     -3.63549,
     40.53203
    ]
   },
   "properties": {
    "id": "EST-LAMORALEJA",
    "name": "La Moraleja",
    "province": "Madrid",
    "marker-symbol": "rail",
    "marker-size": "small",
    "marker-color": "#666666"
   }
  },
  {
   "type": "Feature",
   "geometry": {
    "type": "Point",
    "coordinates": [
     0.14847,
     41.90596
    ]
   },
   "properties": {
    "id": "EST-SELGUA",
    "name": "Selgua",
    "province": "Huesca",
    "marker-symbol": "rail",
    "marker-size": "small",
    "marker-color": "#666666"
   }
  },
  {
   "type": "Feature",
   "geometry": {
    "type": "Point",
    "coordinates": [
     -7.87255,
     42.35069
    ]
   },
   "properties": {
    "id": "EST-OURENSE",
    "name": "Ourense",
    "province": "Ourense",
    "marker-symbol": "rail",
    "marker-size": "small",
    "marker-color": "#666666"
   }
  },
  {
   "type": "Feature",
   "geometry": {
    "type": "Point",
    "coordinates": [
     -6.04678,
     37.35303
    ]
   },
   "properties": {
    "id": "EST-CAVALERI",
    "name": "Cavaleri",
    "province": "Sevilla",
    "marker-symbol": "rail",
    "marker-size": "small",
    "marker-color": "#666666"
   }
  },
  {
   "type": "Feature",
   "geometry": {
    "type": "Point",
    "coordinates": [
     2.76901,
     41.67334
    ]
   },
   "properties": {
    "id": "EST-BLANES",
    "name": "Blanes",
    "province": "Girona",
    "marker-symbol": "rail",
    "marker-size": "small",
    "marker-color": "#666666"
   }
  },
  {
   "type": "Feature",
   "geometry": {
    "type": "Point",
    "coordinates": [
     -2.92823,
     43.29831
    ]
   },
   "properties": {
    "id": "EST-SONDIKA",
    "name": "Sondika",
    "province": "Bizkaia",
    "marker-symbol": "rail",
    "marker-size": "small",
    "marker-color": "#666666"
   }
  },
  {
   "type": "Feature",
   "geometry": {
    "type": "Point",
    "coordinates": [
     -3.31075,
     37.43113
    ]
   },
   "properties": {
    "id": "EST-MOREDA",
    "name": "Moreda",
    "province": "Granada",
    "marker-symbol": "rail",
    "marker-size": "small",
    "marker-color": "#666666"
   }
  },
  {
   "type": "Feature",
   "geometry": {
    "type": "Point",
    "coordinates": [
     -6.20799,
     37.35711
    ]
   },
   "properties": {
    "id": "EST-BENACAZON",
    "name": "Benacazón",
    "province": "Sevilla",
    "marker-symbol": "rail",
    "marker-size": "small",
    "marker-color": "#666666"
   }
  },
  {
   "type": "Feature",
   "geometry": {
    "type": "Point",
    "coordinates": [
     1.60645,
     41.19246
    ]
   },
   "properties": {
    "id": "EST-SEGURDECALAFELL",
    "name": "Segur de Calafell",
    "province": "Tarragona",
    "marker-symbol": "rail",
    "marker-size": "small",
    "marker-color": "#666666"
   }
  },
  {
   "type": "Feature",
   "geometry": {
    "type": "Point",
    "coordinates": [
     -3.70739,
     40.42477
    ]
   },
   "properties": {
    "id": "EST-NOVICIADO",
    "name": "Noviciado",
    "province": "Madrid",
    "marker-symbol": "rail",
    "marker-size": "small",
    "marker-color": "#666666"
   }
  },
  {
   "type": "Feature",
   "geometry": {
    "type": "Point",
    "coordinates": [
     -7.28721,
     42.46517
    ]
   },
   "properties": {
    "id": "EST-QUIROGA",
    "name": "Quiroga",
    "province": "Lugo",
    "marker-symbol": "rail",
    "marker-size": "small",
    "marker-color": "#666666"
   }
  },
  {
   "type": "Feature",
   "geometry": {
    "type": "Point",
    "coordinates": [
     2.07852,
     41.46766
    ]
   },
   "properties": {
    "id": "EST-SANTCUGATDELVALLES",
    "name": "Sant Cugat del Vallès",
    "province": "Barcelona",
    "marker-symbol": "rail",
    "marker-size": "small",
    "marker-color": "#666666"
   }
  },
  {
   "type": "Feature",
   "geometry": {
    "type": "Point",
    "coordinates": [
     -0.91139,
     41.65857
    ]
   },
   "properties": {
    "id": "EST-ZARAGOZADELICIAS",
    "name": "Zaragoza-Delicias",
    "province": "Zaragoza",
    "marker-symbol": "rail",
    "marker-size": "small",
    "marker-color": "#666666"
   }
  },
  {
   "type": "Feature",
   "geometry": {
    "type": "Point",
    "coordinates": [
     -3.83677,
     40.29674
    ]
   },
   "properties": {
    "id": "EST-LORANCA",
    "name": "Loranca",
    "province": "Madrid",
    "marker-symbol": "rail",
    "marker-size": "small",
    "marker-color": "#666666"
   }
  },
  {
   "type": "Feature",
   "geometry": {
    "type": "Point",
    "coordinates": [
     -1.18659,
     37.99296
    ]
   },
   "properties": {
    "id": "EST-UCAMLOSJERONIMOS",
    "name": "UCAM - Los Jerónimos",
    "province": "Murcia",
    "marker-symbol": "rail",
    "marker-size": "small",
    "marker-color": "#666666"
   }
  },
  {
   "type": "Feature",
   "geometry": {
    "type": "Point",
    "coordinates": [
     -3.43828,
     43.28203
    ]
   },
   "properties": {
    "id": "EST-GIBAJA",
    "name": "Gibaja",
    "province": "Cantabria",
    "marker-symbol": "rail",
    "marker-size": "small",
    "marker-color": "#666666"
   }
  },
  {
   "type": "Feature",
   "geometry": {
    "type": "Point",
    "coordinates": [
     -3.01691,
     43.30298
    ]
   },
   "properties": {
    "id": "EST-TRAPAGA",
    "name": "Trápaga",
    "province": "Bizkaia",
    "marker-symbol": "rail",
    "marker-size": "small",
    "marker-color": "#666666"
   }
  },
  {
   "type": "Feature",
   "geometry": {
    "type": "Point",
    "coordinates": [
     2.17598,
     41.41073
    ]
   },
   "properties": {
    "id": "EST-SANTPAUDOSDEMAIG",
    "name": "Sant Pau | Dos de Maig",
    "province": "Barcelona",
    "marker-symbol": "rail",
    "marker-size": "small",
    "marker-color": "#666666"
   }
  },
  {
   "type": "Feature",
   "geometry": {
    "type": "Point",
    "coordinates": [
     -5.99304,
     37.38471
    ]
   },
   "properties": {
    "id": "EST-ARCHIVODEINDIAS",
    "name": "Archivo de Indias",
    "province": "Sevilla",
    "marker-symbol": "rail",
    "marker-size": "small",
    "marker-color": "#666666"
   }
  },
  {
   "type": "Feature",
   "geometry": {
    "type": "Point",
    "coordinates": [
     -4.44609,
     36.69953
    ]
   },
   "properties": {
    "id": "EST-ELTORCAL",
    "name": "El Torcal",
    "province": "Málaga",
    "marker-symbol": "rail",
    "marker-size": "small",
    "marker-color": "#666666"
   }
  },
  {
   "type": "Feature",
   "geometry": {
    "type": "Point",
    "coordinates": [
     2.09979,
     42.31431
    ]
   },
   "properties": {
    "id": "EST-PLANOLES",
    "name": "Planoles",
    "province": "Girona",
    "marker-symbol": "rail",
    "marker-size": "small",
    "marker-color": "#666666"
   }
  },
  {
   "type": "Feature",
   "geometry": {
    "type": "Point",
    "coordinates": [
     0.0638,
     38.82298
    ]
   },
   "properties": {
    "id": "EST-LAXARA",
    "name": "La Xara",
    "province": "Alicante",
    "marker-symbol": "rail",
    "marker-size": "small",
    "marker-color": "#666666"
   }
  },
  {
   "type": "Feature",
   "geometry": {
    "type": "Point",
    "coordinates": [
     1.73082,
     41.22018
    ]
   },
   "properties": {
    "id": "EST-VILANOVAILAGELTRU",
    "name": "Vilanova i la Geltrú",
    "province": "Barcelona",
    "marker-symbol": "rail",
    "marker-size": "small",
    "marker-color": "#666666"
   }
  },
  {
   "type": "Feature",
   "geometry": {
    "type": "Point",
    "coordinates": [
     -8.47375,
     39.46165
    ]
   },
   "properties": {
    "id": "EST-ENTRONCAMENTO",
    "name": "Entroncamento",
    "province": "Portugal",
    "marker-symbol": "rail",
    "marker-size": "small",
    "marker-color": "#666666"
   }
  },
  {
   "type": "Feature",
   "geometry": {
    "type": "Point",
    "coordinates": [
     -5.51642,
     42.75472
    ]
   },
   "properties": {
    "id": "EST-MANZANEDA",
    "name": "Manzaneda",
    "province": "León",
    "marker-symbol": "rail",
    "marker-size": "small",
    "marker-color": "#666666"
   }
  },
  {
   "type": "Feature",
   "geometry": {
    "type": "Point",
    "coordinates": [
     -3.60096,
     40.4338
    ]
   },
   "properties": {
    "id": "EST-METROPOLITANO",
    "name": "Metropolitano",
    "province": "Madrid",
    "marker-symbol": "rail",
    "marker-size": "small",
    "marker-color": "#666666"
   }
  },
  {
   "type": "Feature",
   "geometry": {
    "type": "Point",
    "coordinates": [
     -5.12748,
     42.78615
    ]
   },
   "properties": {
    "id": "EST-SORRIBA",
    "name": "Sorriba",
    "province": "León",
    "marker-symbol": "rail",
    "marker-size": "small",
    "marker-color": "#666666"
   }
  },
  {
   "type": "Feature",
   "geometry": {
    "type": "Point",
    "coordinates": [
     3.14916,
     42.3668
    ]
   },
   "properties": {
    "id": "EST-LLANCA",
    "name": "Llançà",
    "province": "Girona",
    "marker-symbol": "rail",
    "marker-size": "small",
    "marker-color": "#666666"
   }
  },
  {
   "type": "Feature",
   "geometry": {
    "type": "Point",
    "coordinates": [
     -1.88885,
     43.30826
    ]
   },
   "properties": {
    "id": "EST-FANDERIAERRENTERIA",
    "name": "Fanderia-Errenteria",
    "province": "Gipuzkoa",
    "marker-symbol": "rail",
    "marker-size": "small",
    "marker-color": "#666666"
   }
  },
  {
   "type": "Feature",
   "geometry": {
    "type": "Point",
    "coordinates": [
     2.01513,
     42.32075
    ]
   },
   "properties": {
    "id": "EST-TOSES",
    "name": "Toses",
    "province": "Girona",
    "marker-symbol": "rail",
    "marker-size": "small",
    "marker-color": "#666666"
   }
  },
  {
   "type": "Feature",
   "geometry": {
    "type": "Point",
    "coordinates": [
     -6.37452,
     39.78881
    ]
   },
   "properties": {
    "id": "EST-CANAVERAL",
    "name": "Cañaveral",
    "province": "Cáceres",
    "marker-symbol": "rail",
    "marker-size": "small",
    "marker-color": "#666666"
   }
  },
  {
   "type": "Feature",
   "geometry": {
    "type": "Point",
    "coordinates": [
     -3.62299,
     40.42755
    ]
   },
   "properties": {
    "id": "EST-SIMANCAS",
    "name": "Simancas",
    "province": "Madrid",
    "marker-symbol": "rail",
    "marker-size": "small",
    "marker-color": "#666666"
   }
  },
  {
   "type": "Feature",
   "geometry": {
    "type": "Point",
    "coordinates": [
     -2.64983,
     42.84572
    ]
   },
   "properties": {
    "id": "EST-NIKOSIA",
    "name": "Nikosia",
    "province": "Álava",
    "marker-symbol": "rail",
    "marker-size": "small",
    "marker-color": "#666666"
   }
  },
  {
   "type": "Feature",
   "geometry": {
    "type": "Point",
    "coordinates": [
     -5.964,
     37.33292
    ]
   },
   "properties": {
    "id": "EST-JARDINESDEHERCULES",
    "name": "Jardines de Hércules",
    "province": "Sevilla",
    "marker-symbol": "rail",
    "marker-size": "small",
    "marker-color": "#666666"
   }
  },
  {
   "type": "Feature",
   "geometry": {
    "type": "Point",
    "coordinates": [
     -3.45763,
     43.0884
    ]
   },
   "properties": {
    "id": "EST-BERCEDO",
    "name": "Bercedo",
    "province": "Burgos",
    "marker-symbol": "rail",
    "marker-size": "small",
    "marker-color": "#666666"
   }
  },
  {
   "type": "Feature",
   "geometry": {
    "type": "Point",
    "coordinates": [
     -3.20537,
     39.39566
    ]
   },
   "properties": {
    "id": "EST-ALCAZARDESANJUAN",
    "name": "Alcázar de San Juan",
    "province": "Ciudad Real",
    "marker-symbol": "rail",
    "marker-size": "small",
    "marker-color": "#666666"
   }
  },
  {
   "type": "Feature",
   "geometry": {
    "type": "Point",
    "coordinates": [
     -3.68464,
     40.44432
    ]
   },
   "properties": {
    "id": "EST-REPUBLICAARGENTINA",
    "name": "República Argentina",
    "province": "Madrid",
    "marker-symbol": "rail",
    "marker-size": "small",
    "marker-color": "#666666"
   }
  },
  {
   "type": "Feature",
   "geometry": {
    "type": "Point",
    "coordinates": [
     0.85155,
     42.00676
    ]
   },
   "properties": {
    "id": "EST-AGER",
    "name": "Àger",
    "province": "Lleida",
    "marker-symbol": "rail",
    "marker-size": "small",
    "marker-color": "#666666"
   }
  },
  {
   "type": "Feature",
   "geometry": {
    "type": "Point",
    "coordinates": [
     -8.72537,
     42.67224
    ]
   },
   "properties": {
    "id": "EST-CATOIRA",
    "name": "Catoira",
    "province": "Pontevedra",
    "marker-symbol": "rail",
    "marker-size": "small",
    "marker-color": "#666666"
   }
  },
  {
   "type": "Feature",
   "geometry": {
    "type": "Point",
    "coordinates": [
     -0.56099,
     42.20504
    ]
   },
   "properties": {
    "id": "EST-PLASENCIADELMONTE",
    "name": "Plasencia del Monte",
    "province": "Huesca",
    "marker-symbol": "rail",
    "marker-size": "small",
    "marker-color": "#666666"
   }
  },
  {
   "type": "Feature",
   "geometry": {
    "type": "Point",
    "coordinates": [
     -0.8825,
     41.64891
    ]
   },
   "properties": {
    "id": "EST-LACHIMENEA",
    "name": "La Chimenea",
    "province": "Zaragoza",
    "marker-symbol": "rail",
    "marker-size": "small",
    "marker-color": "#666666"
   }
  },
  {
   "type": "Feature",
   "geometry": {
    "type": "Point",
    "coordinates": [
     2.09655,
     41.56169
    ]
   },
   "properties": {
    "id": "EST-SABADELLNORD",
    "name": "Sabadell Nord",
    "province": "Barcelona",
    "marker-symbol": "rail",
    "marker-size": "small",
    "marker-color": "#666666"
   }
  },
  {
   "type": "Feature",
   "geometry": {
    "type": "Point",
    "coordinates": [
     -0.35754,
     39.47241
    ]
   },
   "properties": {
    "id": "EST-ARAGON",
    "name": "Aragón",
    "province": "Valencia",
    "marker-symbol": "rail",
    "marker-size": "small",
    "marker-color": "#666666"
   }
  },
  {
   "type": "Feature",
   "geometry": {
    "type": "Point",
    "coordinates": [
     -5.78748,
     43.19809
    ]
   },
   "properties": {
    "id": "EST-UJOTARUELO",
    "name": "Ujo-Taruelo",
    "province": "Asturias",
    "marker-symbol": "rail",
    "marker-size": "small",
    "marker-color": "#666666"
   }
  },
  {
   "type": "Feature",
   "geometry": {
    "type": "Point",
    "coordinates": [
     -5.85579,
     43.3064
    ]
   },
   "properties": {
    "id": "EST-SOTODEREY",
    "name": "Soto de Rey",
    "province": "Asturias",
    "marker-symbol": "rail",
    "marker-size": "small",
    "marker-color": "#666666"
   }
  },
  {
   "type": "Feature",
   "geometry": {
    "type": "Point",
    "coordinates": [
     -4.13567,
     37.17511
    ]
   },
   "properties": {
    "id": "EST-LOJA",
    "name": "Loja",
    "province": "Granada",
    "marker-symbol": "rail",
    "marker-size": "small",
    "marker-color": "#666666"
   }
  },
  {
   "type": "Feature",
   "geometry": {
    "type": "Point",
    "coordinates": [
     -0.93639,
     41.62503
    ]
   },
   "properties": {
    "id": "EST-MAGODEOZ",
    "name": "Mago de Oz",
    "province": "Zaragoza",
    "marker-symbol": "rail",
    "marker-size": "small",
    "marker-color": "#666666"
   }
  },
  {
   "type": "Feature",
   "geometry": {
    "type": "Point",
    "coordinates": [
     -8.61067,
     42.34041
    ]
   },
   "properties": {
    "id": "EST-ARCADE",
    "name": "Arcade",
    "province": "Pontevedra",
    "marker-symbol": "rail",
    "marker-size": "small",
    "marker-color": "#666666"
   }
  },
  {
   "type": "Feature",
   "geometry": {
    "type": "Point",
    "coordinates": [
     -3.71832,
     40.32418
    ]
   },
   "properties": {
    "id": "EST-LOSESPARTALES",
    "name": "Los Espartales",
    "province": "Madrid",
    "marker-symbol": "rail",
    "marker-size": "small",
    "marker-color": "#666666"
   }
  },
  {
   "type": "Feature",
   "geometry": {
    "type": "Point",
    "coordinates": [
     -3.52776,
     37.39582
    ]
   },
   "properties": {
    "id": "EST-IZNALLOZ",
    "name": "Iznalloz",
    "province": "Granada",
    "marker-symbol": "rail",
    "marker-size": "small",
    "marker-color": "#666666"
   }
  },
  {
   "type": "Feature",
   "geometry": {
    "type": "Point",
    "coordinates": [
     0.94046,
     42.20684
    ]
   },
   "properties": {
    "id": "EST-SALASDEPALLARS",
    "name": "Salàs de Pallars",
    "province": "Lleida",
    "marker-symbol": "rail",
    "marker-size": "small",
    "marker-color": "#666666"
   }
  },
  {
   "type": "Feature",
   "geometry": {
    "type": "Point",
    "coordinates": [
     -3.78549,
     40.44858
    ]
   },
   "properties": {
    "id": "EST-ARAVACA",
    "name": "Aravaca",
    "province": "Madrid",
    "marker-symbol": "rail",
    "marker-size": "small",
    "marker-color": "#666666"
   }
  },
  {
   "type": "Feature",
   "geometry": {
    "type": "Point",
    "coordinates": [
     -6.06373,
     43.39443
    ]
   },
   "properties": {
    "id": "EST-SANTAMARIADEGRADO",
    "name": "Santa María de Grado",
    "province": "Asturias",
    "marker-symbol": "rail",
    "marker-size": "small",
    "marker-color": "#666666"
   }
  },
  {
   "type": "Feature",
   "geometry": {
    "type": "Point",
    "coordinates": [
     -6.15216,
     43.55091
    ]
   },
   "properties": {
    "id": "EST-CUDILLERO",
    "name": "Cudillero",
    "province": "Asturias",
    "marker-symbol": "rail",
    "marker-size": "small",
    "marker-color": "#666666"
   }
  },
  {
   "type": "Feature",
   "geometry": {
    "type": "Point",
    "coordinates": [
     2.21841,
     41.45167
    ]
   },
   "properties": {
    "id": "EST-FONDO",
    "name": "Fondo",
    "province": "Barcelona",
    "marker-symbol": "rail",
    "marker-size": "small",
    "marker-color": "#666666"
   }
  },
  {
   "type": "Feature",
   "geometry": {
    "type": "Point",
    "coordinates": [
     -1.97483,
     42.92039
    ]
   },
   "properties": {
    "id": "EST-HUARTEARAKIL",
    "name": "Huarte-Arakil",
    "province": "Navarra",
    "marker-symbol": "rail",
    "marker-size": "small",
    "marker-color": "#666666"
   }
  },
  {
   "type": "Feature",
   "geometry": {
    "type": "Point",
    "coordinates": [
     -3.6917,
     40.4225
    ]
   },
   "properties": {
    "id": "EST-RECOLETOS",
    "name": "Recoletos",
    "province": "Madrid",
    "marker-symbol": "rail",
    "marker-size": "small",
    "marker-color": "#666666"
   }
  },
  {
   "type": "Feature",
   "geometry": {
    "type": "Point",
    "coordinates": [
     2.19849,
     41.45768
    ]
   },
   "properties": {
    "id": "EST-CANZAM",
    "name": "Can Zam",
    "province": "Barcelona",
    "marker-symbol": "rail",
    "marker-size": "small",
    "marker-color": "#666666"
   }
  },
  {
   "type": "Feature",
   "geometry": {
    "type": "Point",
    "coordinates": [
     -3.63714,
     37.21428
    ]
   },
   "properties": {
    "id": "EST-VICUNA",
    "name": "Vicuña",
    "province": "Granada",
    "marker-symbol": "rail",
    "marker-size": "small",
    "marker-color": "#666666"
   }
  },
  {
   "type": "Feature",
   "geometry": {
    "type": "Point",
    "coordinates": [
     -3.69121,
     40.43799
    ]
   },
   "properties": {
    "id": "EST-GREGORIOMARANON",
    "name": "Gregorio Marañón",
    "province": "Madrid",
    "marker-symbol": "rail",
    "marker-size": "small",
    "marker-color": "#666666"
   }
  },
  {
   "type": "Feature",
   "geometry": {
    "type": "Point",
    "coordinates": [
     -5.67764,
     39.89199
    ]
   },
   "properties": {
    "id": "EST-CASATEJADA",
    "name": "Casatejada",
    "province": "Cáceres",
    "marker-symbol": "rail",
    "marker-size": "small",
    "marker-color": "#666666"
   }
  },
  {
   "type": "Feature",
   "geometry": {
    "type": "Point",
    "coordinates": [
     -5.56132,
     42.6291
    ]
   },
   "properties": {
    "id": "EST-VILLAROMANA",
    "name": "Villa Romana",
    "province": "León",
    "marker-symbol": "rail",
    "marker-size": "small",
    "marker-color": "#666666"
   }
  },
  {
   "type": "Feature",
   "geometry": {
    "type": "Point",
    "coordinates": [
     -2.49305,
     41.13631
    ]
   },
   "properties": {
    "id": "EST-TORRALBA",
    "name": "Torralba",
    "province": "Soria",
    "marker-symbol": "rail",
    "marker-size": "small",
    "marker-color": "#666666"
   }
  },
  {
   "type": "Feature",
   "geometry": {
    "type": "Point",
    "coordinates": [
     -6.27696,
     36.5135
    ]
   },
   "properties": {
    "id": "EST-SEGUNDAAGUADA",
    "name": "Segunda Aguada",
    "province": "Cádiz",
    "marker-symbol": "rail",
    "marker-size": "small",
    "marker-color": "#666666"
   }
  },
  {
   "type": "Feature",
   "geometry": {
    "type": "Point",
    "coordinates": [
     -3.6521,
     40.43937
    ]
   },
   "properties": {
    "id": "EST-BARRIODELACONCEPCION",
    "name": "Barrio de la Concepción",
    "province": "Madrid",
    "marker-symbol": "rail",
    "marker-size": "small",
    "marker-color": "#666666"
   }
  },
  {
   "type": "Feature",
   "geometry": {
    "type": "Point",
    "coordinates": [
     -3.69901,
     40.43526
    ]
   },
   "properties": {
    "id": "EST-IGLESIACENTRO",
    "name": "Iglesia Centro",
    "province": "Madrid",
    "marker-symbol": "rail",
    "marker-size": "small",
    "marker-color": "#666666"
   }
  },
  {
   "type": "Feature",
   "geometry": {
    "type": "Point",
    "coordinates": [
     2.11141,
     41.40905
    ]
   },
   "properties": {
    "id": "EST-PEUDELFUNICULAR",
    "name": "Peu del Funicular",
    "province": "Barcelona",
    "marker-symbol": "rail",
    "marker-size": "small",
    "marker-color": "#666666"
   }
  },
  {
   "type": "Feature",
   "geometry": {
    "type": "Point",
    "coordinates": [
     -5.83113,
     43.15865
    ]
   },
   "properties": {
    "id": "EST-POLADELENA",
    "name": "Pola de Lena",
    "province": "Asturias",
    "marker-symbol": "rail",
    "marker-size": "small",
    "marker-color": "#666666"
   }
  },
  {
   "type": "Feature",
   "geometry": {
    "type": "Point",
    "coordinates": [
     -0.39776,
     38.41602
    ]
   },
   "properties": {
    "id": "EST-SALESIANS",
    "name": "Salesians",
    "province": "Alicante",
    "marker-symbol": "rail",
    "marker-size": "small",
    "marker-color": "#666666"
   }
  },
  {
   "type": "Feature",
   "geometry": {
    "type": "Point",
    "coordinates": [
     -6.07132,
     43.52936
    ]
   },
   "properties": {
    "id": "EST-ELPARADOR",
    "name": "El Parador",
    "province": "Asturias",
    "marker-symbol": "rail",
    "marker-size": "small",
    "marker-color": "#666666"
   }
  },
  {
   "type": "Feature",
   "geometry": {
    "type": "Point",
    "coordinates": [
     -6.09706,
     43.46942
    ]
   },
   "properties": {
    "id": "EST-BEIFAR",
    "name": "Beifar",
    "province": "Asturias",
    "marker-symbol": "rail",
    "marker-size": "small",
    "marker-color": "#666666"
   }
  },
  {
   "type": "Feature",
   "geometry": {
    "type": "Point",
    "coordinates": [
     2.11786,
     41.38581
    ]
   },
   "properties": {
    "id": "EST-PALAUREIAL",
    "name": "Palau Reial",
    "province": "Barcelona",
    "marker-symbol": "rail",
    "marker-size": "small",
    "marker-color": "#666666"
   }
  },
  {
   "type": "Feature",
   "geometry": {
    "type": "Point",
    "coordinates": [
     2.22621,
     41.41886
    ]
   },
   "properties": {
    "id": "EST-PORTFORUM",
    "name": "Port Fòrum",
    "province": "Barcelona",
    "marker-symbol": "rail",
    "marker-size": "small",
    "marker-color": "#666666"
   }
  },
  {
   "type": "Feature",
   "geometry": {
    "type": "Point",
    "coordinates": [
     -2.92524,
     43.29188
    ]
   },
   "properties": {
    "id": "EST-AMEZOLA",
    "name": "Amézola",
    "province": "Bizkaia",
    "marker-symbol": "rail",
    "marker-size": "small",
    "marker-color": "#666666"
   }
  },
  {
   "type": "Feature",
   "geometry": {
    "type": "Point",
    "coordinates": [
     -5.87422,
     43.55187
    ]
   },
   "properties": {
    "id": "EST-TRASONA",
    "name": "Trasona",
    "province": "Asturias",
    "marker-symbol": "rail",
    "marker-size": "small",
    "marker-color": "#666666"
   }
  },
  {
   "type": "Feature",
   "geometry": {
    "type": "Point",
    "coordinates": [
     -3.63805,
     40.54046
    ]
   },
   "properties": {
    "id": "EST-MARQUESDELAVALDAVIA",
    "name": "Marqués de la Valdavia",
    "province": "Madrid",
    "marker-symbol": "rail",
    "marker-size": "small",
    "marker-color": "#666666"
   }
  },
  {
   "type": "Feature",
   "geometry": {
    "type": "Point",
    "coordinates": [
     -6.20598,
     36.52948
    ]
   },
   "properties": {
    "id": "EST-UNIVERSIDADCADIZ",
    "name": "Universidad",
    "province": "Cádiz",
    "marker-symbol": "rail",
    "marker-size": "small",
    "marker-color": "#666666"
   }
  },
  {
   "type": "Feature",
   "geometry": {
    "type": "Point",
    "coordinates": [
     1.16571,
     41.37652
    ]
   },
   "properties": {
    "id": "EST-MONTBLANC",
    "name": "Montblanc",
    "province": "Tarragona",
    "marker-symbol": "rail",
    "marker-size": "small",
    "marker-color": "#666666"
   }
  },
  {
   "type": "Feature",
   "geometry": {
    "type": "Point",
    "coordinates": [
     -4.59388,
     36.57037
    ]
   },
   "properties": {
    "id": "EST-CARVAJAL",
    "name": "Carvajal",
    "province": "Málaga",
    "marker-symbol": "rail",
    "marker-size": "small",
    "marker-color": "#666666"
   }
  },
  {
   "type": "Feature",
   "geometry": {
    "type": "Point",
    "coordinates": [
     -2.33048,
     43.05101
    ]
   },
   "properties": {
    "id": "EST-LEGAZPI-Gipuzkoa-Legazpi",
    "name": "Legazpi",
    "province": "Gipuzkoa",
    "marker-symbol": "rail",
    "marker-size": "small",
    "marker-color": "#666666"
   }
  },
  {
   "type": "Feature",
   "geometry": {
    "type": "Point",
    "coordinates": [
     -3.69496,
     40.39144
    ]
   },
   "properties": {
    "id": "EST-LEGAZPI-Madrid-Madrid",
    "name": "Legazpi",
    "province": "Madrid",
    "marker-symbol": "rail",
    "marker-size": "small",
    "marker-color": "#666666"
   }
  },
  {
   "type": "Feature",
   "geometry": {
    "type": "Point",
    "coordinates": [
     -5.7965,
     38.96868
    ]
   },
   "properties": {
    "id": "EST-VILLANUEVADELASERENA",
    "name": "Villanueva de la Serena",
    "province": "Badajoz",
    "marker-symbol": "rail",
    "marker-size": "small",
    "marker-color": "#666666"
   }
  },
  {
   "type": "Feature",
   "geometry": {
    "type": "Point",
    "coordinates": [
     -2.99952,
     43.36697
    ]
   },
   "properties": {
    "id": "EST-BERANGO",
    "name": "Berango",
    "province": "Bizkaia",
    "marker-symbol": "rail",
    "marker-size": "small",
    "marker-color": "#666666"
   }
  },
  {
   "type": "Feature",
   "geometry": {
    "type": "Point",
    "coordinates": [
     -4.06603,
     38.02797
    ]
   },
   "properties": {
    "id": "EST-ANDUJAR",
    "name": "Andújar",
    "province": "Jaén",
    "marker-symbol": "rail",
    "marker-size": "small",
    "marker-color": "#666666"
   }
  },
  {
   "type": "Feature",
   "geometry": {
    "type": "Point",
    "coordinates": [
     2.20597,
     41.53646
    ]
   },
   "properties": {
    "id": "EST-MOLLETSANTAROSA",
    "name": "Mollet-Santa Rosa",
    "province": "Barcelona",
    "marker-symbol": "rail",
    "marker-size": "small",
    "marker-color": "#666666"
   }
  },
  {
   "type": "Feature",
   "geometry": {
    "type": "Point",
    "coordinates": [
     -6.39953,
     38.68468
    ]
   },
   "properties": {
    "id": "EST-ALMENDRALEJO",
    "name": "Almendralejo",
    "province": "Badajoz",
    "marker-symbol": "rail",
    "marker-size": "small",
    "marker-color": "#666666"
   }
  },
  {
   "type": "Feature",
   "geometry": {
    "type": "Point",
    "coordinates": [
     -6.94485,
     37.25262
    ]
   },
   "properties": {
    "id": "EST-HUELVA",
    "name": "Huelva",
    "province": "Huelva",
    "marker-symbol": "rail",
    "marker-size": "small",
    "marker-color": "#666666"
   }
  },
  {
   "type": "Feature",
   "geometry": {
    "type": "Point",
    "coordinates": [
     -2.02026,
     43.27095
    ]
   },
   "properties": {
    "id": "EST-LASARTEORIA",
    "name": "Lasarte-Oria",
    "province": "Gipuzkoa",
    "marker-symbol": "rail",
    "marker-size": "small",
    "marker-color": "#666666"
   }
  },
  {
   "type": "Feature",
   "geometry": {
    "type": "Point",
    "coordinates": [
     1.85477,
     41.64054
    ]
   },
   "properties": {
    "id": "EST-CASTELLBELLIEVILARMONISTROL",
    "name": "Castellbell i el Vilar-Monistrol de Montserrat",
    "province": "Barcelona",
    "marker-symbol": "rail",
    "marker-size": "small",
    "marker-color": "#666666"
   }
  },
  {
   "type": "Feature",
   "geometry": {
    "type": "Point",
    "coordinates": [
     -4.85188,
     42.79097
    ]
   },
   "properties": {
    "id": "EST-GUARDO",
    "name": "Guardo",
    "province": "Palencia",
    "marker-symbol": "rail",
    "marker-size": "small",
    "marker-color": "#666666"
   }
  },
  {
   "type": "Feature",
   "geometry": {
    "type": "Point",
    "coordinates": [
     -3.70502,
     40.35034
    ]
   },
   "properties": {
    "id": "EST-PUENTEALCOCER",
    "name": "Puente Alcocer",
    "province": "Madrid",
    "marker-symbol": "rail",
    "marker-size": "small",
    "marker-color": "#666666"
   }
  },
  {
   "type": "Feature",
   "geometry": {
    "type": "Point",
    "coordinates": [
     -2.17106,
     43.28421
    ]
   },
   "properties": {
    "id": "EST-ZARAUTZ",
    "name": "Zarautz",
    "province": "Gipuzkoa",
    "marker-symbol": "rail",
    "marker-size": "small",
    "marker-color": "#666666"
   }
  },
  {
   "type": "Feature",
   "geometry": {
    "type": "Point",
    "coordinates": [
     -3.57707,
     43.41363
    ]
   },
   "properties": {
    "id": "EST-BERANGA",
    "name": "Beranga",
    "province": "Cantabria",
    "marker-symbol": "rail",
    "marker-size": "small",
    "marker-color": "#666666"
   }
  },
  {
   "type": "Feature",
   "geometry": {
    "type": "Point",
    "coordinates": [
     -0.75309,
     38.87813
    ]
   },
   "properties": {
    "id": "EST-MOIXENT",
    "name": "Moixent",
    "province": "Valencia",
    "marker-symbol": "rail",
    "marker-size": "small",
    "marker-color": "#666666"
   }
  },
  {
   "type": "Feature",
   "geometry": {
    "type": "Point",
    "coordinates": [
     -3.67488,
     40.4014
    ]
   },
   "properties": {
    "id": "EST-PACIFICO",
    "name": "Pacífico",
    "province": "Madrid",
    "marker-symbol": "rail",
    "marker-size": "small",
    "marker-color": "#666666"
   }
  },
  {
   "type": "Feature",
   "geometry": {
    "type": "Point",
    "coordinates": [
     2.05892,
     41.36468
    ]
   },
   "properties": {
    "id": "EST-BONVIATGE",
    "name": "Bon Viatge",
    "province": "Barcelona",
    "marker-symbol": "rail",
    "marker-size": "small",
    "marker-color": "#666666"
   }
  },
  {
   "type": "Feature",
   "geometry": {
    "type": "Point",
    "coordinates": [
     -4.06603,
     40.73766
    ]
   },
   "properties": {
    "id": "EST-CERCEDILLA",
    "name": "Cercedilla",
    "province": "Madrid",
    "marker-symbol": "rail",
    "marker-size": "small",
    "marker-color": "#666666"
   }
  },
  {
   "type": "Feature",
   "geometry": {
    "type": "Point",
    "coordinates": [
     -5.97549,
     43.55646
    ]
   },
   "properties": {
    "id": "EST-PIEDRASBLANCAS",
    "name": "Piedras Blancas",
    "province": "Asturias",
    "marker-symbol": "rail",
    "marker-size": "small",
    "marker-color": "#666666"
   }
  },
  {
   "type": "Feature",
   "geometry": {
    "type": "Point",
    "coordinates": [
     2.1424,
     41.42491
    ]
   },
   "properties": {
    "id": "EST-VALLDHEBRON",
    "name": "Vall d'Hebron",
    "province": "Barcelona",
    "marker-symbol": "rail",
    "marker-size": "small",
    "marker-color": "#666666"
   }
  },
  {
   "type": "Feature",
   "geometry": {
    "type": "Point",
    "coordinates": [
     2.20559,
     41.45946
    ]
   },
   "properties": {
    "id": "EST-SINGUERLIN",
    "name": "Singuerlín",
    "province": "Barcelona",
    "marker-symbol": "rail",
    "marker-size": "small",
    "marker-color": "#666666"
   }
  },
  {
   "type": "Feature",
   "geometry": {
    "type": "Point",
    "coordinates": [
     -3.3706,
     39.0059
    ]
   },
   "properties": {
    "id": "EST-MANZANARES",
    "name": "Manzanares",
    "province": "Ciudad Real",
    "marker-symbol": "rail",
    "marker-size": "small",
    "marker-color": "#666666"
   }
  },
  {
   "type": "Feature",
   "geometry": {
    "type": "Point",
    "coordinates": [
     -2.9265,
     43.25991
    ]
   },
   "properties": {
    "id": "EST-BILBAOCONCORDIA",
    "name": "Bilbao-Concordia",
    "province": "Bizkaia",
    "marker-symbol": "rail",
    "marker-size": "small",
    "marker-color": "#666666"
   }
  },
  {
   "type": "Feature",
   "geometry": {
    "type": "Point",
    "coordinates": [
     -3.61549,
     37.19586
    ]
   },
   "properties": {
    "id": "EST-ARGENTINITA",
    "name": "Argentinita",
    "province": "Granada",
    "marker-symbol": "rail",
    "marker-size": "small",
    "marker-color": "#666666"
   }
  },
  {
   "type": "Feature",
   "geometry": {
    "type": "Point",
    "coordinates": [
     -8.60372,
     42.28549
    ]
   },
   "properties": {
    "id": "EST-REDONDELAAV",
    "name": "Redondela AV",
    "province": "Pontevedra",
    "marker-symbol": "rail",
    "marker-size": "small",
    "marker-color": "#666666"
   }
  },
  {
   "type": "Feature",
   "geometry": {
    "type": "Point",
    "coordinates": [
     -2.95814,
     43.379
    ]
   },
   "properties": {
    "id": "EST-URDULIZ",
    "name": "Urduliz",
    "province": "Bizkaia",
    "marker-symbol": "rail",
    "marker-size": "small",
    "marker-color": "#666666"
   }
  },
  {
   "type": "Feature",
   "geometry": {
    "type": "Point",
    "coordinates": [
     -4.48311,
     36.69258
    ]
   },
   "properties": {
    "id": "EST-GUADALHORCE",
    "name": "Guadalhorce",
    "province": "Málaga",
    "marker-symbol": "rail",
    "marker-size": "small",
    "marker-color": "#666666"
   }
  },
  {
   "type": "Feature",
   "geometry": {
    "type": "Point",
    "coordinates": [
     -3.06041,
     43.31149
    ]
   },
   "properties": {
    "id": "EST-ORTUELLA",
    "name": "Ortuella",
    "province": "Bizkaia",
    "marker-symbol": "rail",
    "marker-size": "small",
    "marker-color": "#666666"
   }
  },
  {
   "type": "Feature",
   "geometry": {
    "type": "Point",
    "coordinates": [
     -3.69874,
     40.37902
    ]
   },
   "properties": {
    "id": "EST-DOCEDEOCTUBRE",
    "name": "Doce de Octubre",
    "province": "Madrid",
    "marker-symbol": "rail",
    "marker-size": "small",
    "marker-color": "#666666"
   }
  },
  {
   "type": "Feature",
   "geometry": {
    "type": "Point",
    "coordinates": [
     -4.42351,
     36.7176
    ]
   },
   "properties": {
    "id": "EST-ATARAZANAS",
    "name": "Atarazanas",
    "province": "Málaga",
    "marker-symbol": "rail",
    "marker-size": "small",
    "marker-color": "#666666"
   }
  },
  {
   "type": "Feature",
   "geometry": {
    "type": "Point",
    "coordinates": [
     -7.02588,
     38.88305
    ]
   },
   "properties": {
    "id": "EST-ELVAS",
    "name": "Elvas",
    "province": "Portugal",
    "marker-symbol": "rail",
    "marker-size": "small",
    "marker-color": "#666666"
   }
  },
  {
   "type": "Feature",
   "geometry": {
    "type": "Point",
    "coordinates": [
     2.19114,
     41.43663
    ]
   },
   "properties": {
    "id": "EST-SANTANDREU",
    "name": "Sant Andreu",
    "province": "Barcelona",
    "marker-symbol": "rail",
    "marker-size": "small",
    "marker-color": "#666666"
   }
  },
  {
   "type": "Feature",
   "geometry": {
    "type": "Point",
    "coordinates": [
     1.84922,
     41.61036
    ]
   },
   "properties": {
    "id": "EST-MONISTROLENLLAC",
    "name": "Monistrol Enllaç",
    "province": "Barcelona",
    "marker-symbol": "rail",
    "marker-size": "small",
    "marker-color": "#666666"
   }
  },
  {
   "type": "Feature",
   "geometry": {
    "type": "Point",
    "coordinates": [
     -6.05169,
     37.34926
    ]
   },
   "properties": {
    "id": "EST-CIUDADEXPO",
    "name": "Ciudad Expo",
    "province": "Sevilla",
    "marker-symbol": "rail",
    "marker-size": "small",
    "marker-color": "#666666"
   }
  },
  {
   "type": "Feature",
   "geometry": {
    "type": "Point",
    "coordinates": [
     -5.79207,
     43.37949
    ]
   },
   "properties": {
    "id": "EST-COLLOTO",
    "name": "Colloto",
    "province": "Asturias",
    "marker-symbol": "rail",
    "marker-size": "small",
    "marker-color": "#666666"
   }
  },
  {
   "type": "Feature",
   "geometry": {
    "type": "Point",
    "coordinates": [
     -5.88327,
     43.3639
    ]
   },
   "properties": {
    "id": "EST-LASCAMPAS",
    "name": "Las Campas",
    "province": "Asturias",
    "marker-symbol": "rail",
    "marker-size": "small",
    "marker-color": "#666666"
   }
  },
  {
   "type": "Feature",
   "geometry": {
    "type": "Point",
    "coordinates": [
     -3.78992,
     40.39526
    ]
   },
   "properties": {
    "id": "EST-JOSEISBERT",
    "name": "José Isbert",
    "province": "Madrid",
    "marker-symbol": "rail",
    "marker-size": "small",
    "marker-color": "#666666"
   }
  },
  {
   "type": "Feature",
   "geometry": {
    "type": "Point",
    "coordinates": [
     -3.71617,
     40.43073
    ]
   },
   "properties": {
    "id": "EST-ARGUELLES",
    "name": "Argüelles",
    "province": "Madrid",
    "marker-symbol": "rail",
    "marker-size": "small",
    "marker-color": "#666666"
   }
  },
  {
   "type": "Feature",
   "geometry": {
    "type": "Point",
    "coordinates": [
     2.01238,
     41.3881
    ]
   },
   "properties": {
    "id": "EST-SANTVICENCDELSHORTS",
    "name": "Sant Vicenç dels Horts",
    "province": "Barcelona",
    "marker-symbol": "rail",
    "marker-size": "small",
    "marker-color": "#666666"
   }
  },
  {
   "type": "Feature",
   "geometry": {
    "type": "Point",
    "coordinates": [
     -3.58914,
     38.06908
    ]
   },
   "properties": {
    "id": "EST-LINARESBAEZA",
    "name": "Linares-Baeza",
    "province": "Jaén",
    "marker-symbol": "rail",
    "marker-size": "small",
    "marker-color": "#666666"
   }
  },
  {
   "type": "Feature",
   "geometry": {
    "type": "Point",
    "coordinates": [
     -0.8825,
     41.64891
    ]
   },
   "properties": {
    "id": "EST-FERNANDOELCATOLICO",
    "name": "Fernando el Católico",
    "province": "Zaragoza",
    "marker-symbol": "rail",
    "marker-size": "small",
    "marker-color": "#666666"
   }
  },
  {
   "type": "Feature",
   "geometry": {
    "type": "Point",
    "coordinates": [
     -1.20816,
     37.9665
    ]
   },
   "properties": {
    "id": "EST-ALCANTARILLALOSROMANOS",
    "name": "Alcantarilla-Los Romanos",
    "province": "Murcia",
    "marker-symbol": "rail",
    "marker-size": "small",
    "marker-color": "#666666"
   }
  },
  {
   "type": "Feature",
   "geometry": {
    "type": "Point",
    "coordinates": [
     -2.97897,
     43.38022
    ]
   },
   "properties": {
    "id": "EST-SOPELA",
    "name": "Sopela",
    "province": "Bizkaia",
    "marker-symbol": "rail",
    "marker-size": "small",
    "marker-color": "#666666"
   }
  },
  {
   "type": "Feature",
   "geometry": {
    "type": "Point",
    "coordinates": [
     -6.09963,
     40.02226
    ]
   },
   "properties": {
    "id": "EST-PLASENCIA",
    "name": "Plasencia",
    "province": "Cáceres",
    "marker-symbol": "rail",
    "marker-size": "small",
    "marker-color": "#666666"
   }
  },
  {
   "type": "Feature",
   "geometry": {
    "type": "Point",
    "coordinates": [
     2.80057,
     41.84116
    ]
   },
   "properties": {
    "id": "EST-CALDESDEMALAVELLA",
    "name": "Caldes de Malavella",
    "province": "Girona",
    "marker-symbol": "rail",
    "marker-size": "small",
    "marker-color": "#666666"
   }
  },
  {
   "type": "Feature",
   "geometry": {
    "type": "Point",
    "coordinates": [
     -2.3879,
     43.2522
    ]
   },
   "properties": {
    "id": "EST-MENDARO",
    "name": "Mendaro",
    "province": "Gipuzkoa",
    "marker-symbol": "rail",
    "marker-size": "small",
    "marker-color": "#666666"
   }
  },
  {
   "type": "Feature",
   "geometry": {
    "type": "Point",
    "coordinates": [
     -1.36085,
     40.78229
    ]
   },
   "properties": {
    "id": "EST-MONREALDELCAMPO",
    "name": "Monreal del Campo",
    "province": "Teruel",
    "marker-symbol": "rail",
    "marker-size": "small",
    "marker-color": "#666666"
   }
  },
  {
   "type": "Feature",
   "geometry": {
    "type": "Point",
    "coordinates": [
     -6.34716,
     41.6997
    ]
   },
   "properties": {
    "id": "EST-ALCANICES",
    "name": "Alcañices",
    "province": "Zamora",
    "marker-symbol": "rail",
    "marker-size": "small",
    "marker-color": "#666666"
   }
  },
  {
   "type": "Feature",
   "geometry": {
    "type": "Point",
    "coordinates": [
     0.88287,
     42.05859
    ]
   },
   "properties": {
    "id": "EST-CELLERSLLIMIANA",
    "name": "Cellers-Llimiana",
    "province": "Lleida",
    "marker-symbol": "rail",
    "marker-size": "small",
    "marker-color": "#666666"
   }
  },
  {
   "type": "Feature",
   "geometry": {
    "type": "Point",
    "coordinates": [
     -3.6869,
     40.48345
    ]
   },
   "properties": {
    "id": "EST-BEGONA",
    "name": "Begoña",
    "province": "Madrid",
    "marker-symbol": "rail",
    "marker-size": "small",
    "marker-color": "#666666"
   }
  },
  {
   "type": "Feature",
   "geometry": {
    "type": "Point",
    "coordinates": [
     -3.56196,
     40.42386
    ]
   },
   "properties": {
    "id": "EST-COSLADACENTRAL",
    "name": "Coslada Central",
    "province": "Madrid",
    "marker-symbol": "rail",
    "marker-size": "small",
    "marker-color": "#666666"
   }
  },
  {
   "type": "Feature",
   "geometry": {
    "type": "Point",
    "coordinates": [
     -2.97268,
     43.26171
    ]
   },
   "properties": {
    "id": "EST-SANTAAGUEDA",
    "name": "Santa Águeda",
    "province": "Bizkaia",
    "marker-symbol": "rail",
    "marker-size": "small",
    "marker-color": "#666666"
   }
  },
  {
   "type": "Feature",
   "geometry": {
    "type": "Point",
    "coordinates": [
     -3.19746,
     43.19006
    ]
   },
   "properties": {
    "id": "EST-LACALZADA",
    "name": "La Calzada",
    "province": "Bizkaia",
    "marker-symbol": "rail",
    "marker-size": "small",
    "marker-color": "#666666"
   }
  },
  {
   "type": "Feature",
   "geometry": {
    "type": "Point",
    "coordinates": [
     -6.40518,
     38.41395
    ]
   },
   "properties": {
    "id": "EST-ZAFRA",
    "name": "Zafra",
    "province": "Badajoz",
    "marker-symbol": "rail",
    "marker-size": "small",
    "marker-color": "#666666"
   }
  },
  {
   "type": "Feature",
   "geometry": {
    "type": "Point",
    "coordinates": [
     -3.09114,
     43.31559
    ]
   },
   "properties": {
    "id": "EST-PUTXETA",
    "name": "Putxeta",
    "province": "Bizkaia",
    "marker-symbol": "rail",
    "marker-size": "small",
    "marker-color": "#666666"
   }
  },
  {
   "type": "Feature",
   "geometry": {
    "type": "Point",
    "coordinates": [
     -5.81212,
     43.40437
    ]
   },
   "properties": {
    "id": "EST-LUGONES",
    "name": "Lugones",
    "province": "Asturias",
    "marker-symbol": "rail",
    "marker-size": "small",
    "marker-color": "#666666"
   }
  },
  {
   "type": "Feature",
   "geometry": {
    "type": "Point",
    "coordinates": [
     2.03528,
     41.35752
    ]
   },
   "properties": {
    "id": "EST-MOLINOUCIUTATCOOPERATIVA",
    "name": "Molí Nou-Ciutat Cooperativa",
    "province": "Barcelona",
    "marker-symbol": "rail",
    "marker-size": "small",
    "marker-color": "#666666"
   }
  },
  {
   "type": "Feature",
   "geometry": {
    "type": "Point",
    "coordinates": [
     -0.95385,
     38.76545
    ]
   },
   "properties": {
    "id": "EST-LAENCINA",
    "name": "La Encina",
    "province": "Alicante",
    "marker-symbol": "rail",
    "marker-size": "small",
    "marker-color": "#666666"
   }
  },
  {
   "type": "Feature",
   "geometry": {
    "type": "Point",
    "coordinates": [
     -3.61504,
     37.19201
    ]
   },
   "properties": {
    "id": "EST-LUISAMADOR",
    "name": "Luis Amador",
    "province": "Granada",
    "marker-symbol": "rail",
    "marker-size": "small",
    "marker-color": "#666666"
   }
  },
  {
   "type": "Feature",
   "geometry": {
    "type": "Point",
    "coordinates": [
     -8.71188,
     42.23952
    ]
   },
   "properties": {
    "id": "EST-VIGOGUIXAR",
    "name": "Vigo-Guixar",
    "province": "Pontevedra",
    "marker-symbol": "rail",
    "marker-size": "small",
    "marker-color": "#666666"
   }
  },
  {
   "type": "Feature",
   "geometry": {
    "type": "Point",
    "coordinates": [
     -3.04094,
     43.30752
    ]
   },
   "properties": {
    "id": "EST-URIOSTE",
    "name": "Urioste",
    "province": "Bizkaia",
    "marker-symbol": "rail",
    "marker-size": "small",
    "marker-color": "#666666"
   }
  },
  {
   "type": "Feature",
   "geometry": {
    "type": "Point",
    "coordinates": [
     -0.35373,
     38.45215
    ]
   },
   "properties": {
    "id": "EST-CALAPITERES",
    "name": "Cala Piteres",
    "province": "Alicante",
    "marker-symbol": "rail",
    "marker-size": "small",
    "marker-color": "#666666"
   }
  },
  {
   "type": "Feature",
   "geometry": {
    "type": "Point",
    "coordinates": [
     -3.5177,
     38.21573
    ]
   },
   "properties": {
    "id": "EST-VILCHES",
    "name": "Vilches",
    "province": "Jaén",
    "marker-symbol": "rail",
    "marker-size": "small",
    "marker-color": "#666666"
   }
  },
  {
   "type": "Feature",
   "geometry": {
    "type": "Point",
    "coordinates": [
     -3.66943,
     40.50834
    ]
   },
   "properties": {
    "id": "EST-LASTABLAS",
    "name": "Las Tablas",
    "province": "Madrid",
    "marker-symbol": "rail",
    "marker-size": "small",
    "marker-color": "#666666"
   }
  },
  {
   "type": "Feature",
   "geometry": {
    "type": "Point",
    "coordinates": [
     -4.56137,
     37.02948
    ]
   },
   "properties": {
    "id": "EST-ANTEQUERAAV",
    "name": "Antequera AV",
    "province": "Málaga",
    "marker-symbol": "rail",
    "marker-size": "small",
    "marker-color": "#666666"
   }
  },
  {
   "type": "Feature",
   "geometry": {
    "type": "Point",
    "coordinates": [
     2.1072,
     41.34465
    ]
   },
   "properties": {
    "id": "EST-BELLVITGE",
    "name": "Bellvitge",
    "province": "Barcelona",
    "marker-symbol": "rail",
    "marker-size": "small",
    "marker-color": "#666666"
   }
  },
  {
   "type": "Feature",
   "geometry": {
    "type": "Point",
    "coordinates": [
     2.74502,
     41.80748
    ]
   },
   "properties": {
    "id": "EST-SILS",
    "name": "Sils",
    "province": "Girona",
    "marker-symbol": "rail",
    "marker-size": "small",
    "marker-color": "#666666"
   }
  },
  {
   "type": "Feature",
   "geometry": {
    "type": "Point",
    "coordinates": [
     -3.7748,
     40.39686
    ]
   },
   "properties": {
    "id": "EST-COLONIAJARDIN",
    "name": "Colonia Jardín",
    "province": "Madrid",
    "marker-symbol": "rail",
    "marker-size": "small",
    "marker-color": "#666666"
   }
  },
  {
   "type": "Feature",
   "geometry": {
    "type": "Point",
    "coordinates": [
     2.09013,
     41.33167
    ]
   },
   "properties": {
    "id": "EST-ELPRATESTACIO",
    "name": "El Prat Estació",
    "province": "Barcelona",
    "marker-symbol": "rail",
    "marker-size": "small",
    "marker-color": "#666666"
   }
  },
  {
   "type": "Feature",
   "geometry": {
    "type": "Point",
    "coordinates": [
     -4.48401,
     36.71733
    ]
   },
   "properties": {
    "id": "EST-ELCONSUL",
    "name": "El Cónsul",
    "province": "Málaga",
    "marker-symbol": "rail",
    "marker-size": "small",
    "marker-color": "#666666"
   }
  },
  {
   "type": "Feature",
   "geometry": {
    "type": "Point",
    "coordinates": [
     -2.92596,
     43.26872
    ]
   },
   "properties": {
    "id": "EST-ARTXANDA",
    "name": "Artxanda",
    "province": "Bizkaia",
    "marker-symbol": "rail",
    "marker-size": "small",
    "marker-color": "#666666"
   }
  },
  {
   "type": "Feature",
   "geometry": {
    "type": "Point",
    "coordinates": [
     -4.49627,
     41.9174
    ]
   },
   "properties": {
    "id": "EST-VENTADEBANOS",
    "name": "Venta de Baños",
    "province": "Palencia",
    "marker-symbol": "rail",
    "marker-size": "small",
    "marker-color": "#666666"
   }
  },
  {
   "type": "Feature",
   "geometry": {
    "type": "Point",
    "coordinates": [
     -0.83835,
     38.16725
    ]
   },
   "properties": {
    "id": "EST-ALBATERACATRAL",
    "name": "Albatera-Catral",
    "province": "Alicante",
    "marker-symbol": "rail",
    "marker-size": "small",
    "marker-color": "#666666"
   }
  },
  {
   "type": "Feature",
   "geometry": {
    "type": "Point",
    "coordinates": [
     2.1746,
     41.46078
    ]
   },
   "properties": {
    "id": "EST-CIUTATMERIDIANA",
    "name": "Ciutat Meridiana",
    "province": "Barcelona",
    "marker-symbol": "rail",
    "marker-size": "small",
    "marker-color": "#666666"
   }
  },
  {
   "type": "Feature",
   "geometry": {
    "type": "Point",
    "coordinates": [
     2.10983,
     41.36832
    ]
   },
   "properties": {
    "id": "EST-FLORIDA-Barcelona-LHospitaletdeLlobregat",
    "name": "Florida",
    "province": "Barcelona",
    "marker-symbol": "rail",
    "marker-size": "small",
    "marker-color": "#666666"
   }
  },
  {
   "type": "Feature",
   "geometry": {
    "type": "Point",
    "coordinates": [
     -5.65917,
     43.43028
    ]
   },
   "properties": {
    "id": "EST-FLORIDA-Asturias-Siero",
    "name": "Florida",
    "province": "Asturias",
    "marker-symbol": "rail",
    "marker-size": "small",
    "marker-color": "#666666"
   }
  },
  {
   "type": "Feature",
   "geometry": {
    "type": "Point",
    "coordinates": [
     2.97803,
     42.21637
    ]
   },
   "properties": {
    "id": "EST-VILAMALLA",
    "name": "Vilamalla",
    "province": "Girona",
    "marker-symbol": "rail",
    "marker-size": "small",
    "marker-color": "#666666"
   }
  },
  {
   "type": "Feature",
   "geometry": {
    "type": "Point",
    "coordinates": [
     2.13563,
     41.38182
    ]
   },
   "properties": {
    "id": "EST-PLACADELCENTRE",
    "name": "Plaça del Centre",
    "province": "Barcelona",
    "marker-symbol": "rail",
    "marker-size": "small",
    "marker-color": "#666666"
   }
  },
  {
   "type": "Feature",
   "geometry": {
    "type": "Point",
    "coordinates": [
     -0.49606,
     38.34498
    ]
   },
   "properties": {
    "id": "EST-ALICANTERMINAL",
    "name": "Alicante-Terminal",
    "province": "Alicante",
    "marker-symbol": "rail",
    "marker-size": "small",
    "marker-color": "#666666"
   }
  },
  {
   "type": "Feature",
   "geometry": {
    "type": "Point",
    "coordinates": [
     -5.28308,
     42.81238
    ]
   },
   "properties": {
    "id": "EST-BARRILLOS",
    "name": "Barrillos",
    "province": "León",
    "marker-symbol": "rail",
    "marker-size": "small",
    "marker-color": "#666666"
   }
  },
  {
   "type": "Feature",
   "geometry": {
    "type": "Point",
    "coordinates": [
     0.88808,
     42.10138
    ]
   },
   "properties": {
    "id": "EST-TREMP",
    "name": "Tremp",
    "province": "Lleida",
    "marker-symbol": "rail",
    "marker-size": "small",
    "marker-color": "#666666"
   }
  },
  {
   "type": "Feature",
   "geometry": {
    "type": "Point",
    "coordinates": [
     2.20539,
     41.53737
    ]
   },
   "properties": {
    "id": "EST-LAFARINERA",
    "name": "La Farinera",
    "province": "Barcelona",
    "marker-symbol": "rail",
    "marker-size": "small",
    "marker-color": "#666666"
   }
  },
  {
   "type": "Feature",
   "geometry": {
    "type": "Point",
    "coordinates": [
     2.07312,
     41.30383
    ]
   },
   "properties": {
    "id": "EST-AEROPORTT2",
    "name": "Aeroport T2",
    "province": "Barcelona",
    "marker-symbol": "rail",
    "marker-size": "small",
    "marker-color": "#666666"
   }
  },
  {
   "type": "Feature",
   "geometry": {
    "type": "Point",
    "coordinates": [
     1.79468,
     41.42033
    ]
   },
   "properties": {
    "id": "EST-SANTSADURNIDANOIA",
    "name": "Sant Sadurní d'Anoia",
    "province": "Barcelona",
    "marker-symbol": "rail",
    "marker-size": "small",
    "marker-color": "#666666"
   }
  },
  {
   "type": "Feature",
   "geometry": {
    "type": "Point",
    "coordinates": [
     2.19114,
     41.43663
    ]
   },
   "properties": {
    "id": "EST-SANTANDREUCOMTAL",
    "name": "Sant Andreu Comtal",
    "province": "Barcelona",
    "marker-symbol": "rail",
    "marker-size": "small",
    "marker-color": "#666666"
   }
  },
  {
   "type": "Feature",
   "geometry": {
    "type": "Point",
    "coordinates": [
     -4.57142,
     38.25524
    ]
   },
   "properties": {
    "id": "EST-VILLANUEVADECORDOBALOSPEDROCHES",
    "name": "Villanueva de Córdoba-Los Pedroches",
    "province": "Córdoba",
    "marker-symbol": "rail",
    "marker-size": "small",
    "marker-color": "#666666"
   }
  },
  {
   "type": "Feature",
   "geometry": {
    "type": "Point",
    "coordinates": [
     -5.8164,
     43.11012
    ]
   },
   "properties": {
    "id": "EST-CAMPOMANES",
    "name": "Campomanes",
    "province": "Asturias",
    "marker-symbol": "rail",
    "marker-size": "small",
    "marker-color": "#666666"
   }
  },
  {
   "type": "Feature",
   "geometry": {
    "type": "Point",
    "coordinates": [
     -0.78156,
     38.22451
    ]
   },
   "properties": {
    "id": "EST-CREVILLENT",
    "name": "Crevillent",
    "province": "Alicante",
    "marker-symbol": "rail",
    "marker-size": "small",
    "marker-color": "#666666"
   }
  },
  {
   "type": "Feature",
   "geometry": {
    "type": "Point",
    "coordinates": [
     -3.84597,
     40.47434
    ]
   },
   "properties": {
    "id": "EST-MAJADAHONDA",
    "name": "Majadahonda",
    "province": "Madrid",
    "marker-symbol": "rail",
    "marker-size": "small",
    "marker-color": "#666666"
   }
  },
  {
   "type": "Feature",
   "geometry": {
    "type": "Point",
    "coordinates": [
     2.1371,
     41.40994
    ]
   },
   "properties": {
    "id": "EST-PLACAKENNEDY",
    "name": "Plaça Kennedy",
    "province": "Barcelona",
    "marker-symbol": "rail",
    "marker-size": "small",
    "marker-color": "#666666"
   }
  },
  {
   "type": "Feature",
   "geometry": {
    "type": "Point",
    "coordinates": [
     -5.8693,
     43.31323
    ]
   },
   "properties": {
    "id": "EST-LASSEGADAS",
    "name": "Las Segadas",
    "province": "Asturias",
    "marker-symbol": "rail",
    "marker-size": "small",
    "marker-color": "#666666"
   }
  },
  {
   "type": "Feature",
   "geometry": {
    "type": "Point",
    "coordinates": [
     -0.99849,
     41.71092
    ]
   },
   "properties": {
    "id": "EST-UTEBO",
    "name": "Utebo",
    "province": "Zaragoza",
    "marker-symbol": "rail",
    "marker-size": "small",
    "marker-color": "#666666"
   }
  },
  {
   "type": "Feature",
   "geometry": {
    "type": "Point",
    "coordinates": [
     -1.11042,
     40.34099
    ]
   },
   "properties": {
    "id": "EST-TERUEL",
    "name": "Teruel",
    "province": "Teruel",
    "marker-symbol": "rail",
    "marker-size": "small",
    "marker-color": "#666666"
   }
  },
  {
   "type": "Feature",
   "geometry": {
    "type": "Point",
    "coordinates": [
     -4.04509,
     43.17011
    ]
   },
   "properties": {
    "id": "EST-SANTACRUZDEIGUNA",
    "name": "Santa Cruz de Iguña",
    "province": "253",
    "marker-symbol": "rail",
    "marker-size": "small",
    "marker-color": "#666666"
   }
  },
  {
   "type": "Feature",
   "geometry": {
    "type": "Point",
    "coordinates": [
     -3.61469,
     37.18878
    ]
   },
   "properties": {
    "id": "EST-VILLAREJO",
    "name": "Villarejo",
    "province": "Granada",
    "marker-symbol": "rail",
    "marker-size": "small",
    "marker-color": "#666666"
   }
  },
  {
   "type": "Feature",
   "geometry": {
    "type": "Point",
    "coordinates": [
     -5.60145,
     43.37753
    ]
   },
   "properties": {
    "id": "EST-LOSCORROS",
    "name": "Los Corros",
    "province": "Asturias",
    "marker-symbol": "rail",
    "marker-size": "small",
    "marker-color": "#666666"
   }
  },
  {
   "type": "Feature",
   "geometry": {
    "type": "Point",
    "coordinates": [
     -3.00929,
     43.35033
    ]
   },
   "properties": {
    "id": "EST-ALGORTA",
    "name": "Algorta",
    "province": "Bizkaia",
    "marker-symbol": "rail",
    "marker-size": "small",
    "marker-color": "#666666"
   }
  },
  {
   "type": "Feature",
   "geometry": {
    "type": "Point",
    "coordinates": [
     -2.92612,
     43.26437
    ]
   },
   "properties": {
    "id": "EST-PIOBAROJA",
    "name": "Pío Baroja",
    "province": "Bizkaia",
    "marker-symbol": "rail",
    "marker-size": "small",
    "marker-color": "#666666"
   }
  },
  {
   "type": "Feature",
   "geometry": {
    "type": "Point",
    "coordinates": [
     -3.62702,
     40.44088
    ]
   },
   "properties": {
    "id": "EST-SUANZES",
    "name": "Suanzes",
    "province": "Madrid",
    "marker-symbol": "rail",
    "marker-size": "small",
    "marker-color": "#666666"
   }
  },
  {
   "type": "Feature",
   "geometry": {
    "type": "Point",
    "coordinates": [
     -1.34052,
     40.82625
    ]
   },
   "properties": {
    "id": "EST-TORRIJODELCAMPO",
    "name": "Torrijo del Campo",
    "province": "Teruel",
    "marker-symbol": "rail",
    "marker-size": "small",
    "marker-color": "#666666"
   }
  },
  {
   "type": "Feature",
   "geometry": {
    "type": "Point",
    "coordinates": [
     -0.9852,
     40.27321
    ]
   },
   "properties": {
    "id": "EST-PUERTOESCANDON",
    "name": "Puerto Escandón",
    "province": "Teruel",
    "marker-symbol": "rail",
    "marker-size": "small",
    "marker-color": "#666666"
   }
  },
  {
   "type": "Feature",
   "geometry": {
    "type": "Point",
    "coordinates": [
     -6.01046,
     37.37322
    ]
   },
   "properties": {
    "id": "EST-BLASINFANTE",
    "name": "Blas Infante",
    "province": "Sevilla",
    "marker-symbol": "rail",
    "marker-size": "small",
    "marker-color": "#666666"
   }
  },
  {
   "type": "Feature",
   "geometry": {
    "type": "Point",
    "coordinates": [
     -3.68835,
     43.04527
    ]
   },
   "properties": {
    "id": "EST-SOTOSCUEVA",
    "name": "Sotoscueva",
    "province": "Burgos",
    "marker-symbol": "rail",
    "marker-size": "small",
    "marker-color": "#666666"
   }
  },
  {
   "type": "Feature",
   "geometry": {
    "type": "Point",
    "coordinates": [
     -0.36431,
     39.45784
    ]
   },
   "properties": {
    "id": "EST-AMADOGRANELL",
    "name": "Amado Granell",
    "province": "Valencia",
    "marker-symbol": "rail",
    "marker-size": "small",
    "marker-color": "#666666"
   }
  },
  {
   "type": "Feature",
   "geometry": {
    "type": "Point",
    "coordinates": [
     0.05777,
     40.05805
    ]
   },
   "properties": {
    "id": "EST-BENICASSIM",
    "name": "Benicàssim",
    "province": "Castellón",
    "marker-symbol": "rail",
    "marker-size": "small",
    "marker-color": "#666666"
   }
  },
  {
   "type": "Feature",
   "geometry": {
    "type": "Point",
    "coordinates": [
     -1.96796,
     43.31049
    ]
   },
   "properties": {
    "id": "EST-LOIOLADONOSTIA",
    "name": "Loiola-Donostia",
    "province": "Gipuzkoa",
    "marker-symbol": "rail",
    "marker-size": "small",
    "marker-color": "#666666"
   }
  },
  {
   "type": "Feature",
   "geometry": {
    "type": "Point",
    "coordinates": [
     -3.81202,
     40.34521
    ]
   },
   "properties": {
    "id": "EST-PUERTADELSUR",
    "name": "Puerta del Sur",
    "province": "Madrid",
    "marker-symbol": "rail",
    "marker-size": "small",
    "marker-color": "#666666"
   }
  },
  {
   "type": "Feature",
   "geometry": {
    "type": "Point",
    "coordinates": [
     -3.65138,
     40.48917
    ]
   },
   "properties": {
    "id": "EST-ALVAREZDEVILLAAMIL",
    "name": "Álvarez de Villaamil",
    "province": "Madrid",
    "marker-symbol": "rail",
    "marker-size": "small",
    "marker-color": "#666666"
   }
  },
  {
   "type": "Feature",
   "geometry": {
    "type": "Point",
    "coordinates": [
     -0.64166,
     38.94256
    ]
   },
   "properties": {
    "id": "EST-MONTESA-Valencia-Montesa",
    "name": "Montesa",
    "province": "Valencia",
    "marker-symbol": "rail",
    "marker-size": "small",
    "marker-color": "#666666"
   }
  },
  {
   "type": "Feature",
   "geometry": {
    "type": "Point",
    "coordinates": [
     -4.60657,
     36.56497
    ]
   },
   "properties": {
    "id": "EST-TORREBLANCAMALAGA",
    "name": "Torreblanca",
    "province": "Málaga",
    "marker-symbol": "rail",
    "marker-size": "small",
    "marker-color": "#666666"
   }
  },
  {
   "type": "Feature",
   "geometry": {
    "type": "Point",
    "coordinates": [
     -5.9399,
     37.47994
    ]
   },
   "properties": {
    "id": "EST-LARINCONADA",
    "name": "La Rinconada",
    "province": "Sevilla",
    "marker-symbol": "rail",
    "marker-size": "small",
    "marker-color": "#666666"
   }
  },
  {
   "type": "Feature",
   "geometry": {
    "type": "Point",
    "coordinates": [
     -1.99463,
     43.29182
    ]
   },
   "properties": {
    "id": "EST-ANORGADONOSTIA",
    "name": "Añorga-Donostia",
    "province": "Gipuzkoa",
    "marker-symbol": "rail",
    "marker-size": "small",
    "marker-color": "#666666"
   }
  },
  {
   "type": "Feature",
   "geometry": {
    "type": "Point",
    "coordinates": [
     -2.54802,
     43.17163
    ]
   },
   "properties": {
    "id": "EST-ZALDIBAR",
    "name": "Zaldibar",
    "province": "Bizkaia",
    "marker-symbol": "rail",
    "marker-size": "small",
    "marker-color": "#666666"
   }
  },
  {
   "type": "Feature",
   "geometry": {
    "type": "Point",
    "coordinates": [
     -3.80753,
     40.43059
    ]
   },
   "properties": {
    "id": "EST-BELGICA",
    "name": "Bélgica",
    "province": "Madrid",
    "marker-symbol": "rail",
    "marker-size": "small",
    "marker-color": "#666666"
   }
  },
  {
   "type": "Feature",
   "geometry": {
    "type": "Point",
    "coordinates": [
     -2.89774,
     43.24387
    ]
   },
   "properties": {
    "id": "EST-KUKULLAGAETXEBARRI",
    "name": "Kukullaga-Etxebarri",
    "province": "Bizkaia",
    "marker-symbol": "rail",
    "marker-size": "small",
    "marker-color": "#666666"
   }
  },
  {
   "type": "Feature",
   "geometry": {
    "type": "Point",
    "coordinates": [
     -2.66917,
     42.85667
    ]
   },
   "properties": {
    "id": "EST-EUROPAVITORIA",
    "name": "Europa",
    "province": "Álava",
    "marker-symbol": "rail",
    "marker-size": "small",
    "marker-color": "#666666"
   }
  },
  {
   "type": "Feature",
   "geometry": {
    "type": "Point",
    "coordinates": [
     -4.45303,
     36.71935
    ]
   },
   "properties": {
    "id": "EST-PORTADAALTA",
    "name": "Portada Alta",
    "province": "Málaga",
    "marker-symbol": "rail",
    "marker-size": "small",
    "marker-color": "#666666"
   }
  },
  {
   "type": "Feature",
   "geometry": {
    "type": "Point",
    "coordinates": [
     -0.37777,
     39.46613
    ]
   },
   "properties": {
    "id": "EST-RUSSAFA",
    "name": "Russafa",
    "province": "Valencia",
    "marker-symbol": "rail",
    "marker-size": "small",
    "marker-color": "#666666"
   }
  },
  {
   "type": "Feature",
   "geometry": {
    "type": "Point",
    "coordinates": [
     -6.98505,
     42.41826
    ]
   },
   "properties": {
    "id": "EST-OBARCODEVALDEORRAS",
    "name": "O Barco de Valdeorras",
    "province": "Ourense",
    "marker-symbol": "rail",
    "marker-size": "small",
    "marker-color": "#666666"
   }
  },
  {
   "type": "Feature",
   "geometry": {
    "type": "Point",
    "coordinates": [
     -0.23646,
     38.50603
    ]
   },
   "properties": {
    "id": "EST-LAVILAJOIOSA",
    "name": "La Vila Joiosa",
    "province": "Alicante",
    "marker-symbol": "rail",
    "marker-size": "small",
    "marker-color": "#666666"
   }
  },
  {
   "type": "Feature",
   "geometry": {
    "type": "Point",
    "coordinates": [
     -2.41583,
     43.2136
    ]
   },
   "properties": {
    "id": "EST-ALTZOLAELGOIBAR",
    "name": "Altzola-Elgoibar",
    "province": "Gipuzkoa",
    "marker-symbol": "rail",
    "marker-size": "small",
    "marker-color": "#666666"
   }
  },
  {
   "type": "Feature",
   "geometry": {
    "type": "Point",
    "coordinates": [
     -5.14057,
     36.79095
    ]
   },
   "properties": {
    "id": "EST-ARRIATE",
    "name": "Arriate",
    "province": "Málaga",
    "marker-symbol": "rail",
    "marker-size": "small",
    "marker-color": "#666666"
   }
  },
  {
   "type": "Feature",
   "geometry": {
    "type": "Point",
    "coordinates": [
     -0.56738,
     39.48567
    ]
   },
   "properties": {
    "id": "EST-LORIGUILLAREVA",
    "name": "Loriguilla-Reva",
    "province": "Valencia",
    "marker-symbol": "rail",
    "marker-size": "small",
    "marker-color": "#666666"
   }
  },
  {
   "type": "Feature",
   "geometry": {
    "type": "Point",
    "coordinates": [
     2.18752,
     41.40221
    ]
   },
   "properties": {
    "id": "EST-GLORIES",
    "name": "Glòries",
    "province": "Barcelona",
    "marker-symbol": "rail",
    "marker-size": "small",
    "marker-color": "#666666"
   }
  },
  {
   "type": "Feature",
   "geometry": {
    "type": "Point",
    "coordinates": [
     -5.78191,
     43.50482
    ]
   },
   "properties": {
    "id": "EST-SERIN",
    "name": "Serín",
    "province": "Asturias",
    "marker-symbol": "rail",
    "marker-size": "small",
    "marker-color": "#666666"
   }
  },
  {
   "type": "Feature",
   "geometry": {
    "type": "Point",
    "coordinates": [
     -0.21923,
     38.51358
    ]
   },
   "properties": {
    "id": "EST-COSTERAPASTOR",
    "name": "Costera Pastor",
    "province": "Alicante",
    "marker-symbol": "rail",
    "marker-size": "small",
    "marker-color": "#666666"
   }
  },
  {
   "type": "Feature",
   "geometry": {
    "type": "Point",
    "coordinates": [
     2.69415,
     39.69745
    ]
   },
   "properties": {
    "id": "EST-BUNYOLA",
    "name": "Bunyola",
    "province": "Baleares",
    "marker-symbol": "rail",
    "marker-size": "small",
    "marker-color": "#666666"
   }
  },
  {
   "type": "Feature",
   "geometry": {
    "type": "Point",
    "coordinates": [
     -0.68533,
     38.91134
    ]
   },
   "properties": {
    "id": "EST-VALLADA",
    "name": "Vallada",
    "province": "Valencia",
    "marker-symbol": "rail",
    "marker-size": "small",
    "marker-color": "#666666"
   }
  },
  {
   "type": "Feature",
   "geometry": {
    "type": "Point",
    "coordinates": [
     1.90683,
     41.52259
    ]
   },
   "properties": {
    "id": "EST-CABRERADEMARVILASSAR",
    "name": "Cabrera de Mar-Vilassar de Mar",
    "province": "Barcelona",
    "marker-symbol": "rail",
    "marker-size": "small",
    "marker-color": "#666666"
   }
  },
  {
   "type": "Feature",
   "geometry": {
    "type": "Point",
    "coordinates": [
     -0.52468,
     38.99225
    ]
   },
   "properties": {
    "id": "EST-XATIVA",
    "name": "Xàtiva",
    "province": "Valencia",
    "marker-symbol": "rail",
    "marker-size": "small",
    "marker-color": "#666666"
   }
  },
  {
   "type": "Feature",
   "geometry": {
    "type": "Point",
    "coordinates": [
     -4.48033,
     36.65621
    ]
   },
   "properties": {
    "id": "EST-PLAZAMAYOR",
    "name": "Plaza Mayor",
    "province": "Málaga",
    "marker-symbol": "rail",
    "marker-size": "small",
    "marker-color": "#666666"
   }
  },
  {
   "type": "Feature",
   "geometry": {
    "type": "Point",
    "coordinates": [
     -2.47561,
     41.75535
    ]
   },
   "properties": {
    "id": "EST-MARTINEZSORIA",
    "name": "Martínez Soria",
    "province": "Zaragoza",
    "marker-symbol": "rail",
    "marker-size": "small",
    "marker-color": "#666666"
   }
  },
  {
   "type": "Feature",
   "geometry": {
    "type": "Point",
    "coordinates": [
     -2.72334,
     43.41787
    ]
   },
   "properties": {
    "id": "EST-BERMEO",
    "name": "Bermeo",
    "province": "Bizkaia",
    "marker-symbol": "rail",
    "marker-size": "small",
    "marker-color": "#666666"
   }
  },
  {
   "type": "Feature",
   "geometry": {
    "type": "Point",
    "coordinates": [
     2.14113,
     41.41754
    ]
   },
   "properties": {
    "id": "EST-PENITENTS",
    "name": "Penitents",
    "province": "Barcelona",
    "marker-symbol": "rail",
    "marker-size": "small",
    "marker-color": "#666666"
   }
  },
  {
   "type": "Feature",
   "geometry": {
    "type": "Point",
    "coordinates": [
     -7.73559,
     42.45115
    ]
   },
   "properties": {
    "id": "EST-OSPEARES",
    "name": "Os Peares",
    "province": "Ourense",
    "marker-symbol": "rail",
    "marker-size": "small",
    "marker-color": "#666666"
   }
  },
  {
   "type": "Feature",
   "geometry": {
    "type": "Point",
    "coordinates": [
     -3.90401,
     40.40785
    ]
   },
   "properties": {
    "id": "EST-PUERTADEBOADILLA",
    "name": "Puerta de Boadilla",
    "province": "Madrid",
    "marker-symbol": "rail",
    "marker-size": "small",
    "marker-color": "#666666"
   }
  },
  {
   "type": "Feature",
   "geometry": {
    "type": "Point",
    "coordinates": [
     -3.73841,
     40.40999
    ]
   },
   "properties": {
    "id": "EST-ALTODEEXTREMADURA",
    "name": "Alto de Extremadura",
    "province": "Madrid",
    "marker-symbol": "rail",
    "marker-size": "small",
    "marker-color": "#666666"
   }
  },
  {
   "type": "Feature",
   "geometry": {
    "type": "Point",
    "coordinates": [
     -0.52513,
     39.22739
    ]
   },
   "properties": {
    "id": "EST-CARLET",
    "name": "Carlet",
    "province": "Valencia",
    "marker-symbol": "rail",
    "marker-size": "small",
    "marker-color": "#666666"
   }
  },
  {
   "type": "Feature",
   "geometry": {
    "type": "Point",
    "coordinates": [
     2.16817,
     41.43046
    ]
   },
   "properties": {
    "id": "EST-VILAPICINA",
    "name": "Vilapicina",
    "province": "Barcelona",
    "marker-symbol": "rail",
    "marker-size": "small",
    "marker-color": "#666666"
   }
  },
  {
   "type": "Feature",
   "geometry": {
    "type": "Point",
    "coordinates": [
     -3.39299,
     40.48035
    ]
   },
   "properties": {
    "id": "EST-LAGARENA",
    "name": "La Garena",
    "province": "Madrid",
    "marker-symbol": "rail",
    "marker-size": "small",
    "marker-color": "#666666"
   }
  },
  {
   "type": "Feature",
   "geometry": {
    "type": "Point",
    "coordinates": [
     -4.45831,
     36.68456
    ]
   },
   "properties": {
    "id": "EST-PALACIODELOSDEPORTES",
    "name": "Palacio de los Deportes",
    "province": "Málaga",
    "marker-symbol": "rail",
    "marker-size": "small",
    "marker-color": "#666666"
   }
  },
  {
   "type": "Feature",
   "geometry": {
    "type": "Point",
    "coordinates": [
     -3.64697,
     40.55022
    ]
   },
   "properties": {
    "id": "EST-MANUELDEFALLA",
    "name": "Manuel de Falla",
    "province": "Madrid",
    "marker-symbol": "rail",
    "marker-size": "small",
    "marker-color": "#666666"
   }
  },
  {
   "type": "Feature",
   "geometry": {
    "type": "Point",
    "coordinates": [
     -5.58266,
     43.38052
    ]
   },
   "properties": {
    "id": "EST-LIERES",
    "name": "Lieres",
    "province": "Asturias",
    "marker-symbol": "rail",
    "marker-size": "small",
    "marker-color": "#666666"
   }
  },
  {
   "type": "Feature",
   "geometry": {
    "type": "Point",
    "coordinates": [
     -5.97154,
     43.55367
    ]
   },
   "properties": {
    "id": "EST-SANTIAGODELMONTE",
    "name": "Santiago del Monte",
    "province": "Asturias",
    "marker-symbol": "rail",
    "marker-size": "small",
    "marker-color": "#666666"
   }
  },
  {
   "type": "Feature",
   "geometry": {
    "type": "Point",
    "coordinates": [
     -3.01359,
     43.31432
    ]
   },
   "properties": {
    "id": "EST-ABATXOLO",
    "name": "Abatxolo",
    "province": "Bizkaia",
    "marker-symbol": "rail",
    "marker-size": "small",
    "marker-color": "#666666"
   }
  },
  {
   "type": "Feature",
   "geometry": {
    "type": "Point",
    "coordinates": [
     -0.10417,
     38.55942
    ]
   },
   "properties": {
    "id": "EST-CAMICOVES",
    "name": "Camí Coves",
    "province": "Alicante",
    "marker-symbol": "rail",
    "marker-size": "small",
    "marker-color": "#666666"
   }
  },
  {
   "type": "Feature",
   "geometry": {
    "type": "Point",
    "coordinates": [
     0.68571,
     41.65425
    ]
   },
   "properties": {
    "id": "EST-ALCOLETGE",
    "name": "Alcoletge",
    "province": "Lleida",
    "marker-symbol": "rail",
    "marker-size": "small",
    "marker-color": "#666666"
   }
  },
  {
   "type": "Feature",
   "geometry": {
    "type": "Point",
    "coordinates": [
     -3.74527,
     40.4048
    ]
   },
   "properties": {
    "id": "EST-LUCERO",
    "name": "Lucero",
    "province": "Madrid",
    "marker-symbol": "rail",
    "marker-size": "small",
    "marker-color": "#666666"
   }
  },
  {
   "type": "Feature",
   "geometry": {
    "type": "Point",
    "coordinates": [
     -2.67622,
     43.31396
    ]
   },
   "properties": {
    "id": "EST-GERNIKA",
    "name": "Gernika",
    "province": "Bizkaia",
    "marker-symbol": "rail",
    "marker-size": "small",
    "marker-color": "#666666"
   }
  },
  {
   "type": "Feature",
   "geometry": {
    "type": "Point",
    "coordinates": [
     0.90003,
     42.18539
    ]
   },
   "properties": {
    "id": "EST-TALARN",
    "name": "Talarn",
    "province": "Lleida",
    "marker-symbol": "rail",
    "marker-size": "small",
    "marker-color": "#666666"
   }
  },
  {
   "type": "Feature",
   "geometry": {
    "type": "Point",
    "coordinates": [
     -3.84413,
     43.42174
    ]
   },
   "properties": {
    "id": "EST-MURIEDASBAHIA",
    "name": "Muriedas-Bahía",
    "province": "Cantabria",
    "marker-symbol": "rail",
    "marker-size": "small",
    "marker-color": "#666666"
   }
  },
  {
   "type": "Feature",
   "geometry": {
    "type": "Point",
    "coordinates": [
     -3.84096,
     43.41612
    ]
   },
   "properties": {
    "id": "EST-MALIANOLAVIDRIERA",
    "name": "Maliaño-La Vidriera",
    "province": "Cantabria",
    "marker-symbol": "rail",
    "marker-size": "small",
    "marker-color": "#666666"
   }
  },
  {
   "type": "Feature",
   "geometry": {
    "type": "Point",
    "coordinates": [
     2.0732,
     41.44486
    ]
   },
   "properties": {
    "id": "EST-LAFLORESTA",
    "name": "La Floresta",
    "province": "Barcelona",
    "marker-symbol": "rail",
    "marker-size": "small",
    "marker-color": "#666666"
   }
  },
  {
   "type": "Feature",
   "geometry": {
    "type": "Point",
    "coordinates": [
     -5.93628,
     37.34656
    ]
   },
   "properties": {
    "id": "EST-CONDEQUINTO",
    "name": "Condequinto",
    "province": "Sevilla",
    "marker-symbol": "rail",
    "marker-size": "small",
    "marker-color": "#666666"
   }
  },
  {
   "type": "Feature",
   "geometry": {
    "type": "Point",
    "coordinates": [
     2.11707,
     41.35478
    ]
   },
   "properties": {
    "id": "EST-GORNAL",
    "name": "Gornal",
    "province": "Barcelona",
    "marker-symbol": "rail",
    "marker-size": "small",
    "marker-color": "#666666"
   }
  },
  {
   "type": "Feature",
   "geometry": {
    "type": "Point",
    "coordinates": [
     -3.78879,
     37.77267
    ]
   },
   "properties": {
    "id": "EST-LASBATALLAS",
    "name": "Las Batallas",
    "province": "Jaén",
    "marker-symbol": "rail",
    "marker-size": "small",
    "marker-color": "#666666"
   }
  },
  {
   "type": "Feature",
   "geometry": {
    "type": "Point",
    "coordinates": [
     -2.97199,
     43.25544
    ]
   },
   "properties": {
    "id": "EST-KASTREXANA",
    "name": "Kastrexana",
    "province": "Bizkaia",
    "marker-symbol": "rail",
    "marker-size": "small",
    "marker-color": "#666666"
   }
  },
  {
   "type": "Feature",
   "geometry": {
    "type": "Point",
    "coordinates": [
     1.84331,
     41.61549
    ]
   },
   "properties": {
    "id": "EST-MONISTROLVILA",
    "name": "Monistrol-Vila",
    "province": "Barcelona",
    "marker-symbol": "rail",
    "marker-size": "small",
    "marker-color": "#666666"
   }
  },
  {
   "type": "Feature",
   "geometry": {
    "type": "Point",
    "coordinates": [
     -3.70717,
     43.35061
    ]
   },
   "properties": {
    "id": "EST-LACAVADA",
    "name": "La Cavada",
    "province": "Cantabria",
    "marker-symbol": "rail",
    "marker-size": "small",
    "marker-color": "#666666"
   }
  },
  {
   "type": "Feature",
   "geometry": {
    "type": "Point",
    "coordinates": [
     -5.7036,
     43.39402
    ]
   },
   "properties": {
    "id": "EST-NORENA",
    "name": "Noreña",
    "province": "Asturias",
    "marker-symbol": "rail",
    "marker-size": "small",
    "marker-color": "#666666"
   }
  },
  {
   "type": "Feature",
   "geometry": {
    "type": "Point",
    "coordinates": [
     2.18416,
     41.44948
    ]
   },
   "properties": {
    "id": "EST-TRINITATNOVA",
    "name": "Trinitat Nova",
    "province": "Barcelona",
    "marker-symbol": "rail",
    "marker-size": "small",
    "marker-color": "#666666"
   }
  },
  {
   "type": "Feature",
   "geometry": {
    "type": "Point",
    "coordinates": [
     -3.94632,
     43.43169
    ]
   },
   "properties": {
    "id": "EST-PIELAGOS",
    "name": "Piélagos",
    "province": "Cantabria",
    "marker-symbol": "rail",
    "marker-size": "small",
    "marker-color": "#666666"
   }
  },
  {
   "type": "Feature",
   "geometry": {
    "type": "Point",
    "coordinates": [
     -2.88969,
     43.23679
    ]
   },
   "properties": {
    "id": "EST-BIDEBIETABASAURI",
    "name": "Bidebieta-Basauri",
    "province": "Bizkaia",
    "marker-symbol": "rail",
    "marker-size": "small",
    "marker-color": "#666666"
   }
  },
  {
   "type": "Feature",
   "geometry": {
    "type": "Point",
    "coordinates": [
     -4.04246,
     43.32744
    ]
   },
   "properties": {
    "id": "EST-TORRELAVEGA",
    "name": "Torrelavega",
    "province": "Cantabria",
    "marker-symbol": "rail",
    "marker-size": "small",
    "marker-color": "#666666"
   }
  },
  {
   "type": "Feature",
   "geometry": {
    "type": "Point",
    "coordinates": [
     -3.63504,
     40.55438
    ]
   },
   "properties": {
    "id": "EST-BAUNATAL",
    "name": "Baunatal",
    "province": "Madrid",
    "marker-symbol": "rail",
    "marker-size": "small",
    "marker-color": "#666666"
   }
  },
  {
   "type": "Feature",
   "geometry": {
    "type": "Point",
    "coordinates": [
     -3.76936,
     40.24105
    ]
   },
   "properties": {
    "id": "EST-PARLA",
    "name": "Parla",
    "province": "Madrid",
    "marker-symbol": "rail",
    "marker-size": "small",
    "marker-color": "#666666"
   }
  },
  {
   "type": "Feature",
   "geometry": {
    "type": "Point",
    "coordinates": [
     -1.98153,
     43.31268
    ]
   },
   "properties": {
    "id": "EST-AMARADONOSTIA",
    "name": "Amara-Donostia",
    "province": "Gipuzkoa",
    "marker-symbol": "rail",
    "marker-size": "small",
    "marker-color": "#666666"
   }
  },
  {
   "type": "Feature",
   "geometry": {
    "type": "Point",
    "coordinates": [
     1.83634,
     41.59197
    ]
   },
   "properties": {
    "id": "EST-MONTSERRAT",
    "name": "Montserrat",
    "province": "Barcelona",
    "marker-symbol": "rail",
    "marker-size": "small",
    "marker-color": "#666666"
   }
  },
  {
   "type": "Feature",
   "geometry": {
    "type": "Point",
    "coordinates": [
     -3.26534,
     40.56101
    ]
   },
   "properties": {
    "id": "EST-AZUQUECA",
    "name": "Azuqueca",
    "province": "Guadalajara",
    "marker-symbol": "rail",
    "marker-size": "small",
    "marker-color": "#666666"
   }
  },
  {
   "type": "Feature",
   "geometry": {
    "type": "Point",
    "coordinates": [
     -3.96487,
     43.36066
    ]
   },
   "properties": {
    "id": "EST-VIONO",
    "name": "Vioño",
    "province": "Cantabria",
    "marker-symbol": "rail",
    "marker-size": "small",
    "marker-color": "#666666"
   }
  },
  {
   "type": "Feature",
   "geometry": {
    "type": "Point",
    "coordinates": [
     2.19616,
     42.19551
    ]
   },
   "properties": {
    "id": "EST-RIPOLL",
    "name": "Ripoll",
    "province": "Girona",
    "marker-symbol": "rail",
    "marker-size": "small",
    "marker-color": "#666666"
   }
  },
  {
   "type": "Feature",
   "geometry": {
    "type": "Point",
    "coordinates": [
     -1.9733,
     43.32194
    ]
   },
   "properties": {
    "id": "EST-GROS",
    "name": "Gros",
    "province": "Gipuzkoa",
    "marker-symbol": "rail",
    "marker-size": "small",
    "marker-color": "#666666"
   }
  },
  {
   "type": "Feature",
   "geometry": {
    "type": "Point",
    "coordinates": [
     -0.31536,
     38.47726
    ]
   },
   "properties": {
    "id": "EST-VENTALANUZA",
    "name": "Venta Lanuza",
    "province": "Alicante",
    "marker-symbol": "rail",
    "marker-size": "small",
    "marker-color": "#666666"
   }
  },
  {
   "type": "Feature",
   "geometry": {
    "type": "Point",
    "coordinates": [
     -0.92347,
     41.62129
    ]
   },
   "properties": {
    "id": "EST-LOSPAJAROS",
    "name": "Los Pájaros",
    "province": "Zaragoza",
    "marker-symbol": "rail",
    "marker-size": "small",
    "marker-color": "#666666"
   }
  },
  {
   "type": "Feature",
   "geometry": {
    "type": "Point",
    "coordinates": [
     1.3733,
     41.13661
    ]
   },
   "properties": {
    "id": "EST-ALTAFULLATAMARIT",
    "name": "Altafulla-Tamarit",
    "province": "Tarragona",
    "marker-symbol": "rail",
    "marker-size": "small",
    "marker-color": "#666666"
   }
  },
  {
   "type": "Feature",
   "geometry": {
    "type": "Point",
    "coordinates": [
     -5.97911,
     37.37821
    ]
   },
   "properties": {
    "id": "EST-SEVILLASANBERNARDO",
    "name": "Sevilla-San Bernardo",
    "province": "Sevilla",
    "marker-symbol": "rail",
    "marker-size": "small",
    "marker-color": "#666666"
   }
  },
  {
   "type": "Feature",
   "geometry": {
    "type": "Point",
    "coordinates": [
     2.18252,
     41.40707
    ]
   },
   "properties": {
    "id": "EST-ENCANTS",
    "name": "Encants",
    "province": "Barcelona",
    "marker-symbol": "rail",
    "marker-size": "small",
    "marker-color": "#666666"
   }
  },
  {
   "type": "Feature",
   "geometry": {
    "type": "Point",
    "coordinates": [
     -4.49501,
     40.59935
    ]
   },
   "properties": {
    "id": "EST-HERRADONLACANADA",
    "name": "Herradón-La Cañada",
    "province": "Ávila",
    "marker-symbol": "rail",
    "marker-size": "small",
    "marker-color": "#666666"
   }
  },
  {
   "type": "Feature",
   "geometry": {
    "type": "Point",
    "coordinates": [
     0.13895,
     41.22957
    ]
   },
   "properties": {
    "id": "EST-FABARA",
    "name": "Fabara",
    "province": "Zaragoza",
    "marker-symbol": "rail",
    "marker-size": "small",
    "marker-color": "#666666"
   }
  },
  {
   "type": "Feature",
   "geometry": {
    "type": "Point",
    "coordinates": [
     0.65342,
     41.10642
    ]
   },
   "properties": {
    "id": "EST-MORALANOVA",
    "name": "Móra la Nova",
    "province": "Tarragona",
    "marker-symbol": "rail",
    "marker-size": "small",
    "marker-color": "#666666"
   }
  },
  {
   "type": "Feature",
   "geometry": {
    "type": "Point",
    "coordinates": [
     -2.10982,
     41.2987
    ]
   },
   "properties": {
    "id": "EST-MONREALDEARIZA",
    "name": "Monreal de Ariza",
    "province": "Zaragoza",
    "marker-symbol": "rail",
    "marker-size": "small",
    "marker-color": "#666666"
   }
  },
  {
   "type": "Feature",
   "geometry": {
    "type": "Point",
    "coordinates": [
     -6.08201,
     43.51645
    ]
   },
   "properties": {
    "id": "EST-SANRANON",
    "name": "San Ranón",
    "province": "Asturias",
    "marker-symbol": "rail",
    "marker-size": "small",
    "marker-color": "#666666"
   }
  },
  {
   "type": "Feature",
   "geometry": {
    "type": "Point",
    "coordinates": [
     -5.97582,
     37.36281
    ]
   },
   "properties": {
    "id": "EST-VIRGENDELROCIO",
    "name": "Virgen del Rocío",
    "province": "Sevilla",
    "marker-symbol": "rail",
    "marker-size": "small",
    "marker-color": "#666666"
   }
  },
  {
   "type": "Feature",
   "geometry": {
    "type": "Point",
    "coordinates": [
     -3.00698,
     43.36328
    ]
   },
   "properties": {
    "id": "EST-IBARBENGOA",
    "name": "Ibarbengoa",
    "province": "Bizkaia",
    "marker-symbol": "rail",
    "marker-size": "small",
    "marker-color": "#666666"
   }
  },
  {
   "type": "Feature",
   "geometry": {
    "type": "Point",
    "coordinates": [
     -2.98944,
     43.29571
    ]
   },
   "properties": {
    "id": "EST-BARAKALDO",
    "name": "Barakaldo",
    "province": "Bizkaia",
    "marker-symbol": "rail",
    "marker-size": "small",
    "marker-color": "#666666"
   }
  },
  {
   "type": "Feature",
   "geometry": {
    "type": "Point",
    "coordinates": [
     -0.37928,
     39.4636
    ]
   },
   "properties": {
    "id": "EST-BAILEN",
    "name": "Bailén",
    "province": "Valencia",
    "marker-symbol": "rail",
    "marker-size": "small",
    "marker-color": "#666666"
   }
  },
  {
   "type": "Feature",
   "geometry": {
    "type": "Point",
    "coordinates": [
     -4.47831,
     36.69851
    ]
   },
   "properties": {
    "id": "EST-LOSPRADOS",
    "name": "Los Prados",
    "province": "Málaga",
    "marker-symbol": "rail",
    "marker-size": "small",
    "marker-color": "#666666"
   }
  },
  {
   "type": "Feature",
   "geometry": {
    "type": "Point",
    "coordinates": [
     -5.96674,
     37.38166
    ]
   },
   "properties": {
    "id": "EST-GRANPLAZA",
    "name": "Gran Plaza",
    "province": "Sevilla",
    "marker-symbol": "rail",
    "marker-size": "small",
    "marker-color": "#666666"
   }
  },
  {
   "type": "Feature",
   "geometry": {
    "type": "Point",
    "coordinates": [
     -4.712,
     36.76431
    ]
   },
   "properties": {
    "id": "EST-PIZARRA",
    "name": "Pizarra",
    "province": "Málaga",
    "marker-symbol": "rail",
    "marker-size": "small",
    "marker-color": "#666666"
   }
  },
  {
   "type": "Feature",
   "geometry": {
    "type": "Point",
    "coordinates": [
     -1.80058,
     43.33921
    ]
   },
   "properties": {
    "id": "EST-IRUN",
    "name": "Irún",
    "province": "Gipuzkoa",
    "marker-symbol": "rail",
    "marker-size": "small",
    "marker-color": "#666666"
   }
  },
  {
   "type": "Feature",
   "geometry": {
    "type": "Point",
    "coordinates": [
     -4.43243,
     36.7128
    ]
   },
   "properties": {
    "id": "EST-ELPERCHEL",
    "name": "El Perchel",
    "province": "Málaga",
    "marker-symbol": "rail",
    "marker-size": "small",
    "marker-color": "#666666"
   }
  },
  {
   "type": "Feature",
   "geometry": {
    "type": "Point",
    "coordinates": [
     -4.00474,
     40.78438
    ]
   },
   "properties": {
    "id": "EST-PUERTODENAVACERRADA",
    "name": "Puerto de Navacerrada",
    "province": "Madrid",
    "marker-symbol": "rail",
    "marker-size": "small",
    "marker-color": "#666666"
   }
  },
  {
   "type": "Feature",
   "geometry": {
    "type": "Point",
    "coordinates": [
     2.10028,
     41.55505
    ]
   },
   "properties": {
    "id": "EST-LACREUALTA",
    "name": "La Creu Alta",
    "province": "Barcelona",
    "marker-symbol": "rail",
    "marker-size": "small",
    "marker-color": "#666666"
   }
  },
  {
   "type": "Feature",
   "geometry": {
    "type": "Point",
    "coordinates": [
     -5.76944,
     43.07168
    ]
   },
   "properties": {
    "id": "EST-PUENTEDELOSFIERROS",
    "name": "Puente de los Fierros",
    "province": "Asturias",
    "marker-symbol": "rail",
    "marker-size": "small",
    "marker-color": "#666666"
   }
  },
  {
   "type": "Feature",
   "geometry": {
    "type": "Point",
    "coordinates": [
     -4.13232,
     40.58526
    ]
   },
   "properties": {
    "id": "EST-ELESCORIAL",
    "name": "El Escorial",
    "province": "Madrid",
    "marker-symbol": "rail",
    "marker-size": "small",
    "marker-color": "#666666"
   }
  },
  {
   "type": "Feature",
   "geometry": {
    "type": "Point",
    "coordinates": [
     -0.40217,
     39.49955
    ]
   },
   "properties": {
    "id": "EST-EMPALME-Valencia-Burjassot",
    "name": "Empalme",
    "province": "Valencia",
    "marker-symbol": "rail",
    "marker-size": "small",
    "marker-color": "#666666"
   }
  },
  {
   "type": "Feature",
   "geometry": {
    "type": "Point",
    "coordinates": [
     -3.76549,
     40.39073
    ]
   },
   "properties": {
    "id": "EST-EMPALME-Madrid-Madrid",
    "name": "Empalme",
    "province": "Madrid",
    "marker-symbol": "rail",
    "marker-size": "small",
    "marker-color": "#666666"
   }
  },
  {
   "type": "Feature",
   "geometry": {
    "type": "Point",
    "coordinates": [
     -5.98145,
     37.43377
    ]
   },
   "properties": {
    "id": "EST-SANJERONIMO",
    "name": "San Jerónimo",
    "province": "Sevilla",
    "marker-symbol": "rail",
    "marker-size": "small",
    "marker-color": "#666666"
   }
  },
  {
   "type": "Feature",
   "geometry": {
    "type": "Point",
    "coordinates": [
     2.09152,
     41.36658
    ]
   },
   "properties": {
    "id": "EST-CANBOIXERES",
    "name": "Can Boixeres",
    "province": "Barcelona",
    "marker-symbol": "rail",
    "marker-size": "small",
    "marker-color": "#666666"
   }
  },
  {
   "type": "Feature",
   "geometry": {
    "type": "Point",
    "coordinates": [
     -3.79117,
     40.44482
    ]
   },
   "properties": {
    "id": "EST-BERNA",
    "name": "Berna",
    "province": "Madrid",
    "marker-symbol": "rail",
    "marker-size": "small",
    "marker-color": "#666666"
   }
  },
  {
   "type": "Feature",
   "geometry": {
    "type": "Point",
    "coordinates": [
     2.02099,
     41.40994
    ]
   },
   "properties": {
    "id": "EST-MOLINSDEREI",
    "name": "Molins de Rei",
    "province": "Barcelona",
    "marker-symbol": "rail",
    "marker-size": "small",
    "marker-color": "#666666"
   }
  },
  {
   "type": "Feature",
   "geometry": {
    "type": "Point",
    "coordinates": [
     2.68639,
     39.59677
    ]
   },
   "properties": {
    "id": "EST-VERGEDELLUC",
    "name": "Verge de Lluc",
    "province": "Baleares",
    "marker-symbol": "rail",
    "marker-size": "small",
    "marker-color": "#666666"
   }
  },
  {
   "type": "Feature",
   "geometry": {
    "type": "Point",
    "coordinates": [
     2.17945,
     41.40052
    ]
   },
   "properties": {
    "id": "EST-MONUMENTAL",
    "name": "Monumental",
    "province": "Barcelona",
    "marker-symbol": "rail",
    "marker-size": "small",
    "marker-color": "#666666"
   }
  },
  {
   "type": "Feature",
   "geometry": {
    "type": "Point",
    "coordinates": [
     -2.97203,
     43.27771
    ]
   },
   "properties": {
    "id": "EST-ZORROTZA",
    "name": "Zorrotza",
    "province": "Bizkaia",
    "marker-symbol": "rail",
    "marker-size": "small",
    "marker-color": "#666666"
   }
  },
  {
   "type": "Feature",
   "geometry": {
    "type": "Point",
    "coordinates": [
     -7.28721,
     42.46517
    ]
   },
   "properties": {
    "id": "EST-SANCLODIOQUIROGA",
    "name": "San Clodio-Quiroga",
    "province": "Lugo",
    "marker-symbol": "rail",
    "marker-size": "small",
    "marker-color": "#666666"
   }
  },
  {
   "type": "Feature",
   "geometry": {
    "type": "Point",
    "coordinates": [
     -3.29832,
     37.58543
    ]
   },
   "properties": {
    "id": "EST-ALAMEDILLAGUADAHORTUNA",
    "name": "Alamedilla-Guadahortuna",
    "province": "Granada",
    "marker-symbol": "rail",
    "marker-size": "small",
    "marker-color": "#666666"
   }
  },
  {
   "type": "Feature",
   "geometry": {
    "type": "Point",
    "coordinates": [
     -3.63826,
     40.42317
    ]
   },
   "properties": {
    "id": "EST-LAALMUDENA",
    "name": "La Almudena",
    "province": "Madrid",
    "marker-symbol": "rail",
    "marker-size": "small",
    "marker-color": "#666666"
   }
  },
  {
   "type": "Feature",
   "geometry": {
    "type": "Point",
    "coordinates": [
     -0.406,
     39.382
    ]
   },
   "properties": {
    "id": "EST-MASDELROSARILLOMALLARGA",
    "name": "Mas del Rosari-Lloma Llarga",
    "province": "Valencia",
    "marker-symbol": "rail",
    "marker-size": "small",
    "marker-color": "#666666"
   }
  },
  {
   "type": "Feature",
   "geometry": {
    "type": "Point",
    "coordinates": [
     -3.63416,
     37.21101
    ]
   },
   "properties": {
    "id": "EST-ANFITEATRO",
    "name": "Anfiteatro",
    "province": "Granada",
    "marker-symbol": "rail",
    "marker-size": "small",
    "marker-color": "#666666"
   }
  },
  {
   "type": "Feature",
   "geometry": {
    "type": "Point",
    "coordinates": [
     -0.5842,
     39.59899
    ]
   },
   "properties": {
    "id": "EST-BENAGUASIL",
    "name": "Benaguasil",
    "province": "Valencia",
    "marker-symbol": "rail",
    "marker-size": "small",
    "marker-color": "#666666"
   }
  },
  {
   "type": "Feature",
   "geometry": {
    "type": "Point",
    "coordinates": [
     -4.35728,
     42.41418
    ]
   },
   "properties": {
    "id": "EST-OSORNO",
    "name": "Osorno",
    "province": "Palencia",
    "marker-symbol": "rail",
    "marker-size": "small",
    "marker-color": "#666666"
   }
  },
  {
   "type": "Feature",
   "geometry": {
    "type": "Point",
    "coordinates": [
     -3.18225,
     40.64408
    ]
   },
   "properties": {
    "id": "EST-GUADALAJARA",
    "name": "Guadalajara",
    "province": "Guadalajara",
    "marker-symbol": "rail",
    "marker-size": "small",
    "marker-color": "#666666"
   }
  },
  {
   "type": "Feature",
   "geometry": {
    "type": "Point",
    "coordinates": [
     -6.06373,
     43.39443
    ]
   },
   "properties": {
    "id": "EST-GRADO",
    "name": "Grado",
    "province": "Asturias",
    "marker-symbol": "rail",
    "marker-size": "small",
    "marker-color": "#666666"
   }
  },
  {
   "type": "Feature",
   "geometry": {
    "type": "Point",
    "coordinates": [
     2.01905,
     41.56336
    ]
   },
   "properties": {
    "id": "EST-VALLPARADISUNIVERSITAT",
    "name": "Vallparadís Universitat",
    "province": "Barcelona",
    "marker-symbol": "rail",
    "marker-size": "small",
    "marker-color": "#666666"
   }
  },
  {
   "type": "Feature",
   "geometry": {
    "type": "Point",
    "coordinates": [
     -3.61712,
     40.44362
    ]
   },
   "properties": {
    "id": "EST-TORREARIAS",
    "name": "Torre Arias",
    "province": "Madrid",
    "marker-symbol": "rail",
    "marker-size": "small",
    "marker-color": "#666666"
   }
  },
  {
   "type": "Feature",
   "geometry": {
    "type": "Point",
    "coordinates": [
     -2.00965,
     43.32104
    ]
   },
   "properties": {
    "id": "EST-MONTEIGUELDO",
    "name": "Monte Igueldo",
    "province": "Gipuzkoa",
    "marker-symbol": "rail",
    "marker-size": "small",
    "marker-color": "#666666"
   }
  },
  {
   "type": "Feature",
   "geometry": {
    "type": "Point",
    "coordinates": [
     -2.78602,
     41.00489
    ]
   },
   "properties": {
    "id": "EST-BAIDES",
    "name": "Baides",
    "province": "Guadalajara",
    "marker-symbol": "rail",
    "marker-size": "small",
    "marker-color": "#666666"
   }
  },
  {
   "type": "Feature",
   "geometry": {
    "type": "Point",
    "coordinates": [
     -6.98162,
     38.89073
    ]
   },
   "properties": {
    "id": "EST-BADAJOZ",
    "name": "Badajoz",
    "province": "Badajoz",
    "marker-symbol": "rail",
    "marker-size": "small",
    "marker-color": "#666666"
   }
  },
  {
   "type": "Feature",
   "geometry": {
    "type": "Point",
    "coordinates": [
     -8.62232,
     42.06571
    ]
   },
   "properties": {
    "id": "EST-GUILLAREI",
    "name": "Guillarei",
    "province": "Pontevedra",
    "marker-symbol": "rail",
    "marker-size": "small",
    "marker-color": "#666666"
   }
  },
  {
   "type": "Feature",
   "geometry": {
    "type": "Point",
    "coordinates": [
     -3.89424,
     43.37674
    ]
   },
   "properties": {
    "id": "EST-PARBAYON",
    "name": "Parbayón",
    "province": "Cantabria",
    "marker-symbol": "rail",
    "marker-size": "small",
    "marker-color": "#666666"
   }
  },
  {
   "type": "Feature",
   "geometry": {
    "type": "Point",
    "coordinates": [
     -4.57142,
     38.25524
    ]
   },
   "properties": {
    "id": "EST-CORDOBA",
    "name": "Córdoba",
    "province": "Córdoba",
    "marker-symbol": "rail",
    "marker-size": "small",
    "marker-color": "#666666"
   }
  },
  {
   "type": "Feature",
   "geometry": {
    "type": "Point",
    "coordinates": [
     -3.6917,
     40.44584
    ]
   },
   "properties": {
    "id": "EST-NUEVOSMINISTERIOS",
    "name": "Nuevos Ministerios",
    "province": "Madrid",
    "marker-symbol": "rail",
    "marker-size": "small",
    "marker-color": "#666666"
   }
  },
  {
   "type": "Feature",
   "geometry": {
    "type": "Point",
    "coordinates": [
     2.20328,
     41.40364
    ]
   },
   "properties": {
    "id": "EST-POBLENOU",
    "name": "Poblenou",
    "province": "Barcelona",
    "marker-symbol": "rail",
    "marker-size": "small",
    "marker-color": "#666666"
   }
  },
  {
   "type": "Feature",
   "geometry": {
    "type": "Point",
    "coordinates": [
     -2.65091,
     42.84354
    ]
   },
   "properties": {
    "id": "EST-ILIADA",
    "name": "Iliada",
    "province": "Álava",
    "marker-symbol": "rail",
    "marker-size": "small",
    "marker-color": "#666666"
   }
  },
  {
   "type": "Feature",
   "geometry": {
    "type": "Point",
    "coordinates": [
     2.18252,
     41.40707
    ]
   },
   "properties": {
    "id": "EST-ENCANTSDESANTADRIA",
    "name": "Encants de Sant Adrià",
    "province": "Barcelona",
    "marker-symbol": "rail",
    "marker-size": "small",
    "marker-color": "#666666"
   }
  },
  {
   "type": "Feature",
   "geometry": {
    "type": "Point",
    "coordinates": [
     -1.93108,
     43.31636
    ]
   },
   "properties": {
    "id": "EST-ALTZADONOSTIA",
    "name": "Altza-Donostia",
    "province": "Gipuzkoa",
    "marker-symbol": "rail",
    "marker-size": "small",
    "marker-color": "#666666"
   }
  },
  {
   "type": "Feature",
   "geometry": {
    "type": "Point",
    "coordinates": [
     -3.81674,
     40.39872
    ]
   },
   "properties": {
    "id": "EST-RETAMARES",
    "name": "Retamares",
    "province": "Madrid",
    "marker-symbol": "rail",
    "marker-size": "small",
    "marker-color": "#666666"
   }
  },
  {
   "type": "Feature",
   "geometry": {
    "type": "Point",
    "coordinates": [
     0.09797,
     38.72925
    ]
   },
   "properties": {
    "id": "EST-TEULADA",
    "name": "Teulada",
    "province": "Alicante",
    "marker-symbol": "rail",
    "marker-size": "small",
    "marker-color": "#666666"
   }
  },
  {
   "type": "Feature",
   "geometry": {
    "type": "Point",
    "coordinates": [
     -0.93034,
     41.62292
    ]
   },
   "properties": {
    "id": "EST-UNAMERICANOENPARIS",
    "name": "Un Americano en París",
    "province": "Zaragoza",
    "marker-symbol": "rail",
    "marker-size": "small",
    "marker-color": "#666666"
   }
  },
  {
   "type": "Feature",
   "geometry": {
    "type": "Point",
    "coordinates": [
     -4.77295,
     41.48874
    ]
   },
   "properties": {
    "id": "EST-VALDESTILLAS",
    "name": "Valdestillas",
    "province": "Valladolid",
    "marker-symbol": "rail",
    "marker-size": "small",
    "marker-color": "#666666"
   }
  },
  {
   "type": "Feature",
   "geometry": {
    "type": "Point",
    "coordinates": [
     -3.68398,
     40.35259
    ]
   },
   "properties": {
    "id": "EST-VILLAVERDEBAJO",
    "name": "Villaverde Bajo",
    "province": "Madrid",
    "marker-symbol": "rail",
    "marker-size": "small",
    "marker-color": "#666666"
   }
  },
  {
   "type": "Feature",
   "geometry": {
    "type": "Point",
    "coordinates": [
     -3.11282,
     42.63021
    ]
   },
   "properties": {
    "id": "EST-PANCORBO",
    "name": "Pancorbo",
    "province": "Burgos",
    "marker-symbol": "rail",
    "marker-size": "small",
    "marker-color": "#666666"
   }
  },
  {
   "type": "Feature",
   "geometry": {
    "type": "Point",
    "coordinates": [
     -5.67665,
     43.16426
    ]
   },
   "properties": {
    "id": "EST-CORIGOS",
    "name": "Corigos",
    "province": "Asturias",
    "marker-symbol": "rail",
    "marker-size": "small",
    "marker-color": "#666666"
   }
  },
  {
   "type": "Feature",
   "geometry": {
    "type": "Point",
    "coordinates": [
     -3.89647,
     40.55201
    ]
   },
   "properties": {
    "id": "EST-LASMATAS",
    "name": "Las Matas",
    "province": "Madrid",
    "marker-symbol": "rail",
    "marker-size": "small",
    "marker-color": "#666666"
   }
  },
  {
   "type": "Feature",
   "geometry": {
    "type": "Point",
    "coordinates": [
     -1.1304,
     37.98323
    ]
   },
   "properties": {
    "id": "EST-REYESCATOLICOSMURCIA",
    "name": "Reyes Católicos",
    "province": "Murcia",
    "marker-symbol": "rail",
    "marker-size": "small",
    "marker-color": "#666666"
   }
  },
  {
   "type": "Feature",
   "geometry": {
    "type": "Point",
    "coordinates": [
     -2.17922,
     43.05261
    ]
   },
   "properties": {
    "id": "EST-ORDIZIA",
    "name": "Ordizia",
    "province": "Gipuzkoa",
    "marker-symbol": "rail",
    "marker-size": "small",
    "marker-color": "#666666"
   }
  },
  {
   "type": "Feature",
   "geometry": {
    "type": "Point",
    "coordinates": [
     -2.84635,
     43.27659
    ]
   },
   "properties": {
    "id": "EST-KURTZEALEZAMA",
    "name": "Kurtzea-Lezama",
    "province": "Bizkaia",
    "marker-symbol": "rail",
    "marker-size": "small",
    "marker-color": "#666666"
   }
  },
  {
   "type": "Feature",
   "geometry": {
    "type": "Point",
    "coordinates": [
     -3.7418,
     43.34499
    ]
   },
   "properties": {
    "id": "EST-LIERGANES",
    "name": "Liérganes",
    "province": "Cantabria",
    "marker-symbol": "rail",
    "marker-size": "small",
    "marker-color": "#666666"
   }
  },
  {
   "type": "Feature",
   "geometry": {
    "type": "Point",
    "coordinates": [
     -2.20234,
     43.0461
    ]
   },
   "properties": {
    "id": "EST-BEASAIN",
    "name": "Beasain",
    "province": "Gipuzkoa",
    "marker-symbol": "rail",
    "marker-size": "small",
    "marker-color": "#666666"
   }
  },
  {
   "type": "Feature",
   "geometry": {
    "type": "Point",
    "coordinates": [
     -3.60909,
     40.38713
    ]
   },
   "properties": {
    "id": "EST-SANTAEUGENIA",
    "name": "Santa Eugenia",
    "province": "Madrid",
    "marker-symbol": "rail",
    "marker-size": "small",
    "marker-color": "#666666"
   }
  },
  {
   "type": "Feature",
   "geometry": {
    "type": "Point",
    "coordinates": [
     -0.17266,
     41.81725
    ]
   },
   "properties": {
    "id": "EST-SARINENA",
    "name": "Sariñena",
    "province": "Huesca",
    "marker-symbol": "rail",
    "marker-size": "small",
    "marker-color": "#666666"
   }
  },
  {
   "type": "Feature",
   "geometry": {
    "type": "Point",
    "coordinates": [
     -5.11497,
     37.23371
    ]
   },
   "properties": {
    "id": "EST-OSUNA",
    "name": "Osuna",
    "province": "Sevilla",
    "marker-symbol": "rail",
    "marker-size": "small",
    "marker-color": "#666666"
   }
  },
  {
   "type": "Feature",
   "geometry": {
    "type": "Point",
    "coordinates": [
     0.89243,
     42.14692
    ]
   },
   "properties": {
    "id": "EST-PALAUDENOGUERA",
    "name": "Palau de Noguera",
    "province": "Lleida",
    "marker-symbol": "rail",
    "marker-size": "small",
    "marker-color": "#666666"
   }
  },
  {
   "type": "Feature",
   "geometry": {
    "type": "Point",
    "coordinates": [
     -3.68375,
     40.3422
    ]
   },
   "properties": {
    "id": "EST-SANCRISTOBALDELOSANGELES",
    "name": "San Cristóbal de los Ángeles",
    "province": "Madrid",
    "marker-symbol": "rail",
    "marker-size": "small",
    "marker-color": "#666666"
   }
  },
  {
   "type": "Feature",
   "geometry": {
    "type": "Point",
    "coordinates": [
     2.1821,
     41.49674
    ]
   },
   "properties": {
    "id": "EST-MONTCADARIPOLLET",
    "name": "Montcada-Ripollet",
    "province": "Barcelona",
    "marker-symbol": "rail",
    "marker-size": "small",
    "marker-color": "#666666"
   }
  },
  {
   "type": "Feature",
   "geometry": {
    "type": "Point",
    "coordinates": [
     -5.51191,
     42.77153
    ]
   },
   "properties": {
    "id": "EST-MATUECA",
    "name": "Matueca",
    "province": "León",
    "marker-symbol": "rail",
    "marker-size": "small",
    "marker-color": "#666666"
   }
  },
  {
   "type": "Feature",
   "geometry": {
    "type": "Point",
    "coordinates": [
     -2.97446,
     43.30388
    ]
   },
   "properties": {
    "id": "EST-ERANDIO",
    "name": "Erandio",
    "province": "Bizkaia",
    "marker-symbol": "rail",
    "marker-size": "small",
    "marker-color": "#666666"
   }
  },
  {
   "type": "Feature",
   "geometry": {
    "type": "Point",
    "coordinates": [
     -2.00642,
     43.31915
    ]
   },
   "properties": {
    "id": "EST-SANSEBASTIANDONOSTIA",
    "name": "San Sebastián-Donostia",
    "province": "Gipuzkoa",
    "marker-symbol": "rail",
    "marker-size": "small",
    "marker-color": "#666666"
   }
  },
  {
   "type": "Feature",
   "geometry": {
    "type": "Point",
    "coordinates": [
     -0.36874,
     41.18208
    ]
   },
   "properties": {
    "id": "EST-SAMPER",
    "name": "Samper",
    "province": "Teruel",
    "marker-symbol": "rail",
    "marker-size": "small",
    "marker-color": "#666666"
   }
  },
  {
   "type": "Feature",
   "geometry": {
    "type": "Point",
    "coordinates": [
     2.13791,
     41.37538
    ]
   },
   "properties": {
    "id": "EST-PLACADESANTS",
    "name": "Plaça de Sants",
    "province": "Barcelona",
    "marker-symbol": "rail",
    "marker-size": "small",
    "marker-color": "#666666"
   }
  },
  {
   "type": "Feature",
   "geometry": {
    "type": "Point",
    "coordinates": [
     1.96779,
     41.47328
    ]
   },
   "properties": {
    "id": "EST-MARTORELLVILACASTELLBISBAL",
    "name": "Martorell Vila | Castellbisbal",
    "province": "Barcelona",
    "marker-symbol": "rail",
    "marker-size": "small",
    "marker-color": "#666666"
   }
  },
  {
   "type": "Feature",
   "geometry": {
    "type": "Point",
    "coordinates": [
     -2.90564,
     43.24695
    ]
   },
   "properties": {
    "id": "EST-BOLUETA",
    "name": "Bolueta",
    "province": "Bizkaia",
    "marker-symbol": "rail",
    "marker-size": "small",
    "marker-color": "#666666"
   }
  },
  {
   "type": "Feature",
   "geometry": {
    "type": "Point",
    "coordinates": [
     -5.87451,
     43.55131
    ]
   },
   "properties": {
    "id": "EST-SANPELAYO",
    "name": "San Pelayo",
    "province": "Asturias",
    "marker-symbol": "rail",
    "marker-size": "small",
    "marker-color": "#666666"
   }
  },
  {
   "type": "Feature",
   "geometry": {
    "type": "Point",
    "coordinates": [
     -3.70289,
     40.40522
    ]
   },
   "properties": {
    "id": "EST-EMBAJADORES",
    "name": "Embajadores",
    "province": "Madrid",
    "marker-symbol": "rail",
    "marker-size": "small",
    "marker-color": "#666666"
   }
  },
  {
   "type": "Feature",
   "geometry": {
    "type": "Point",
    "coordinates": [
     -2.67367,
     43.33203
    ]
   },
   "properties": {
    "id": "EST-FORUA",
    "name": "Forua",
    "province": "Bizkaia",
    "marker-symbol": "rail",
    "marker-size": "small",
    "marker-color": "#666666"
   }
  },
  {
   "type": "Feature",
   "geometry": {
    "type": "Point",
    "coordinates": [
     -2.90643,
     43.25916
    ]
   },
   "properties": {
    "id": "EST-TXURDINAGABILBAO",
    "name": "Txurdinaga-Bilbao",
    "province": "Bizkaia",
    "marker-symbol": "rail",
    "marker-size": "small",
    "marker-color": "#666666"
   }
  },
  {
   "type": "Feature",
   "geometry": {
    "type": "Point",
    "coordinates": [
     -1.69244,
     42.17287
    ]
   },
   "properties": {
    "id": "EST-CASTEJONDEEBRO",
    "name": "Castejón de Ebro",
    "province": "Navarra",
    "marker-symbol": "rail",
    "marker-size": "small",
    "marker-color": "#666666"
   }
  },
  {
   "type": "Feature",
   "geometry": {
    "type": "Point",
    "coordinates": [
     -5.0226,
     42.3694
    ]
   },
   "properties": {
    "id": "EST-SAHAGUN",
    "name": "Sahagún",
    "province": "León",
    "marker-symbol": "rail",
    "marker-size": "small",
    "marker-color": "#666666"
   }
  },
  {
   "type": "Feature",
   "geometry": {
    "type": "Point",
    "coordinates": [
     -3.70109,
     40.42624
    ]
   },
   "properties": {
    "id": "EST-TRIBUNAL",
    "name": "Tribunal",
    "province": "Madrid",
    "marker-symbol": "rail",
    "marker-size": "small",
    "marker-color": "#666666"
   }
  },
  {
   "type": "Feature",
   "geometry": {
    "type": "Point",
    "coordinates": [
     -4.06706,
     40.70658
    ]
   },
   "properties": {
    "id": "EST-LOSMOLINOS",
    "name": "Los Molinos",
    "province": "Madrid",
    "marker-symbol": "rail",
    "marker-size": "small",
    "marker-color": "#666666"
   }
  },
  {
   "type": "Feature",
   "geometry": {
    "type": "Point",
    "coordinates": [
     -0.39532,
     39.40917
    ]
   },
   "properties": {
    "id": "EST-MASSANASSA",
    "name": "Massanassa",
    "province": "Valencia",
    "marker-symbol": "rail",
    "marker-size": "small",
    "marker-color": "#666666"
   }
  },
  {
   "type": "Feature",
   "geometry": {
    "type": "Point",
    "coordinates": [
     -4.7192,
     36.87322
    ]
   },
   "properties": {
    "id": "EST-LASMELLIZAS",
    "name": "Las Mellizas",
    "province": "Málaga",
    "marker-symbol": "rail",
    "marker-size": "small",
    "marker-color": "#666666"
   }
  },
  {
   "type": "Feature",
   "geometry": {
    "type": "Point",
    "coordinates": [
     2.14762,
     41.49263
    ]
   },
   "properties": {
    "id": "EST-CERDANYOLADELVALLES",
    "name": "Cerdanyola del Vallès",
    "province": "Barcelona",
    "marker-symbol": "rail",
    "marker-size": "small",
    "marker-color": "#666666"
   }
  },
  {
   "type": "Feature",
   "geometry": {
    "type": "Point",
    "coordinates": [
     -3.18981,
     43.19654
    ]
   },
   "properties": {
    "id": "EST-BALMASEDA",
    "name": "Balmaseda",
    "province": "Bizkaia",
    "marker-symbol": "rail",
    "marker-size": "small",
    "marker-color": "#666666"
   }
  },
  {
   "type": "Feature",
   "geometry": {
    "type": "Point",
    "coordinates": [
     2.16032,
     41.42969
    ]
   },
   "properties": {
    "id": "EST-HORTA",
    "name": "Horta",
    "province": "Barcelona",
    "marker-symbol": "rail",
    "marker-size": "small",
    "marker-color": "#666666"
   }
  },
  {
   "type": "Feature",
   "geometry": {
    "type": "Point",
    "coordinates": [
     -3.61322,
     37.19999
    ]
   },
   "properties": {
    "id": "EST-ESTACIONDEAUTOBUSES",
    "name": "Estación de Autobuses",
    "province": "Granada",
    "marker-symbol": "rail",
    "marker-size": "small",
    "marker-color": "#666666"
   }
  },
  {
   "type": "Feature",
   "geometry": {
    "type": "Point",
    "coordinates": [
     -0.83407,
     37.77891
    ]
   },
   "properties": {
    "id": "EST-BALSICASMARMENOR",
    "name": "Balsicas-Mar Menor",
    "province": "Murcia",
    "marker-symbol": "rail",
    "marker-size": "small",
    "marker-color": "#666666"
   }
  },
  {
   "type": "Feature",
   "geometry": {
    "type": "Point",
    "coordinates": [
     -0.38121,
     39.46005
    ]
   },
   "properties": {
    "id": "EST-VALENCIAJOAQUINSOROLLA",
    "name": "Valencia-Joaquín Sorolla",
    "province": "Valencia",
    "marker-symbol": "rail",
    "marker-size": "small",
    "marker-color": "#666666"
   }
  },
  {
   "type": "Feature",
   "geometry": {
    "type": "Point",
    "coordinates": [
     1.80973,
     41.2392
    ]
   },
   "properties": {
    "id": "EST-SITGES",
    "name": "Sitges",
    "province": "Barcelona",
    "marker-symbol": "rail",
    "marker-size": "small",
    "marker-color": "#666666"
   }
  },
  {
   "type": "Feature",
   "geometry": {
    "type": "Point",
    "coordinates": [
     -6.20352,
     36.45817
    ]
   },
   "properties": {
    "id": "EST-PLAZADELCARMEN",
    "name": "Plaza del Carmen",
    "province": "Cádiz",
    "marker-symbol": "rail",
    "marker-size": "small",
    "marker-color": "#666666"
   }
  },
  {
   "type": "Feature",
   "geometry": {
    "type": "Point",
    "coordinates": [
     -8.62217,
     42.16414
    ]
   },
   "properties": {
    "id": "EST-OPORRINO",
    "name": "O Porriño",
    "province": "Pontevedra",
    "marker-symbol": "rail",
    "marker-size": "small",
    "marker-color": "#666666"
   }
  },
  {
   "type": "Feature",
   "geometry": {
    "type": "Point",
    "coordinates": [
     -3.70396,
     40.44678
    ]
   },
   "properties": {
    "id": "EST-CUATROCAMINOS",
    "name": "Cuatro Caminos",
    "province": "Madrid",
    "marker-symbol": "rail",
    "marker-size": "small",
    "marker-color": "#666666"
   }
  },
  {
   "type": "Feature",
   "geometry": {
    "type": "Point",
    "coordinates": [
     -3.79104,
     37.77349
    ]
   },
   "properties": {
    "id": "EST-DONANTESDESANGRE",
    "name": "Donantes de Sangre",
    "province": "Jaén",
    "marker-symbol": "rail",
    "marker-size": "small",
    "marker-color": "#666666"
   }
  },
  {
   "type": "Feature",
   "geometry": {
    "type": "Point",
    "coordinates": [
     -3.68011,
     40.39572
    ]
   },
   "properties": {
    "id": "EST-MENDEZALVARO",
    "name": "Méndez Álvaro",
    "province": "Madrid",
    "marker-symbol": "rail",
    "marker-size": "small",
    "marker-color": "#666666"
   }
  },
  {
   "type": "Feature",
   "geometry": {
    "type": "Point",
    "coordinates": [
     -2.51463,
     42.84904
    ]
   },
   "properties": {
    "id": "EST-ALEGRIADULANTZI",
    "name": "Alegría-Dulantzi",
    "province": "Álava",
    "marker-symbol": "rail",
    "marker-size": "small",
    "marker-color": "#666666"
   }
  },
  {
   "type": "Feature",
   "geometry": {
    "type": "Point",
    "coordinates": [
     -3.62406,
     40.55091
    ]
   },
   "properties": {
    "id": "EST-REYESCATOLICOS-Madrid-SanSebastindelosReyes",
    "name": "Reyes Católicos",
    "province": "Madrid",
    "marker-symbol": "rail",
    "marker-size": "small",
    "marker-color": "#666666"
   }
  },
  {
   "type": "Feature",
   "geometry": {
    "type": "Point",
    "coordinates": [
     0.85252,
     41.93186
    ]
   },
   "properties": {
    "id": "EST-SANTALINYA",
    "name": "Santa Linya",
    "province": "Lleida",
    "marker-symbol": "rail",
    "marker-size": "small",
    "marker-color": "#666666"
   }
  },
  {
   "type": "Feature",
   "geometry": {
    "type": "Point",
    "coordinates": [
     -3.68643,
     40.42046
    ]
   },
   "properties": {
    "id": "EST-RETIRO",
    "name": "Retiro",
    "province": "Madrid",
    "marker-symbol": "rail",
    "marker-size": "small",
    "marker-color": "#666666"
   }
  },
  {
   "type": "Feature",
   "geometry": {
    "type": "Point",
    "coordinates": [
     -4.00815,
     40.62638
    ]
   },
   "properties": {
    "id": "EST-VILLALBADEGUADARRAMA",
    "name": "Villalba de Guadarrama",
    "province": "Madrid",
    "marker-symbol": "rail",
    "marker-size": "small",
    "marker-color": "#666666"
   }
  },
  {
   "type": "Feature",
   "geometry": {
    "type": "Point",
    "coordinates": [
     1.60041,
     41.27367
    ]
   },
   "properties": {
    "id": "EST-LARBOC",
    "name": "L'Arboç",
    "province": "Tarragona",
    "marker-symbol": "rail",
    "marker-size": "small",
    "marker-color": "#666666"
   }
  },
  {
   "type": "Feature",
   "geometry": {
    "type": "Point",
    "coordinates": [
     -5.53108,
     37.66129
    ]
   },
   "properties": {
    "id": "EST-LORADELRIO",
    "name": "Lora del Río",
    "province": "Sevilla",
    "marker-symbol": "rail",
    "marker-size": "small",
    "marker-color": "#666666"
   }
  },
  {
   "type": "Feature",
   "geometry": {
    "type": "Point",
    "coordinates": [
     0.07646,
     38.71501
    ]
   },
   "properties": {
    "id": "EST-BENISSA",
    "name": "Benissa",
    "province": "Alicante",
    "marker-symbol": "rail",
    "marker-size": "small",
    "marker-color": "#666666"
   }
  },
  {
   "type": "Feature",
   "geometry": {
    "type": "Point",
    "coordinates": [
     -6.19108,
     36.46774
    ]
   },
   "properties": {
    "id": "EST-VENTADEVARGAS",
    "name": "Venta de Vargas",
    "province": "Cádiz",
    "marker-symbol": "rail",
    "marker-size": "small",
    "marker-color": "#666666"
   }
  },
  {
   "type": "Feature",
   "geometry": {
    "type": "Point",
    "coordinates": [
     3.15801,
     42.4248
    ]
   },
   "properties": {
    "id": "EST-PORTBOU",
    "name": "Portbou",
    "province": "Girona",
    "marker-symbol": "rail",
    "marker-size": "small",
    "marker-color": "#666666"
   }
  },
  {
   "type": "Feature",
   "geometry": {
    "type": "Point",
    "coordinates": [
     -2.99171,
     43.3179
    ]
   },
   "properties": {
    "id": "EST-LEIOA",
    "name": "Leioa",
    "province": "Bizkaia",
    "marker-symbol": "rail",
    "marker-size": "small",
    "marker-color": "#666666"
   }
  },
  {
   "type": "Feature",
   "geometry": {
    "type": "Point",
    "coordinates": [
     -5.22708,
     38.72394
    ]
   },
   "properties": {
    "id": "EST-CABEZADELBUEY",
    "name": "Cabeza del Buey",
    "province": "Badajoz",
    "marker-symbol": "rail",
    "marker-size": "small",
    "marker-color": "#666666"
   }
  },
  {
   "type": "Feature",
   "geometry": {
    "type": "Point",
    "coordinates": [
     -3.70801,
     40.4846
    ]
   },
   "properties": {
    "id": "EST-HERRERAORIA",
    "name": "Herrera Oria",
    "province": "Madrid",
    "marker-symbol": "rail",
    "marker-size": "small",
    "marker-color": "#666666"
   }
  },
  {
   "type": "Feature",
   "geometry": {
    "type": "Point",
    "coordinates": [
     -2.68219,
     40.14602
    ]
   },
   "properties": {
    "id": "EST-HUETE",
    "name": "Huete",
    "province": "Cuenca",
    "marker-symbol": "rail",
    "marker-size": "small",
    "marker-color": "#666666"
   }
  },
  {
   "type": "Feature",
   "geometry": {
    "type": "Point",
    "coordinates": [
     1.86538,
     41.44862
    ]
   },
   "properties": {
    "id": "EST-GELIDA",
    "name": "Gelida",
    "province": "Barcelona",
    "marker-symbol": "rail",
    "marker-size": "small",
    "marker-color": "#666666"
   }
  },
  {
   "type": "Feature",
   "geometry": {
    "type": "Point",
    "coordinates": [
     2.16327,
     41.37979
    ]
   },
   "properties": {
    "id": "EST-SANTANTONI",
    "name": "Sant Antoni",
    "province": "Barcelona",
    "marker-symbol": "rail",
    "marker-size": "small",
    "marker-color": "#666666"
   }
  },
  {
   "type": "Feature",
   "geometry": {
    "type": "Point",
    "coordinates": [
     -5.67563,
     43.53773
    ]
   },
   "properties": {
    "id": "EST-GIJON",
    "name": "Gijón",
    "province": "Asturias",
    "marker-symbol": "rail",
    "marker-size": "small",
    "marker-color": "#666666"
   }
  },
  {
   "type": "Feature",
   "geometry": {
    "type": "Point",
    "coordinates": [
     -0.6427,
     41.99613
    ]
   },
   "properties": {
    "id": "EST-ALMUDEVAR",
    "name": "Almudévar",
    "province": "Huesca",
    "marker-symbol": "rail",
    "marker-size": "small",
    "marker-color": "#666666"
   }
  },
  {
   "type": "Feature",
   "geometry": {
    "type": "Point",
    "coordinates": [
     -5.72655,
     43.5073
    ]
   },
   "properties": {
    "id": "EST-SOTIELLO",
    "name": "Sotiello",
    "province": "Asturias",
    "marker-symbol": "rail",
    "marker-size": "small",
    "marker-color": "#666666"
   }
  },
  {
   "type": "Feature",
   "geometry": {
    "type": "Point",
    "coordinates": [
     -1.22909,
     41.3358
    ]
   },
   "properties": {
    "id": "EST-CARINENA",
    "name": "Cariñena",
    "province": "Zaragoza",
    "marker-symbol": "rail",
    "marker-size": "small",
    "marker-color": "#666666"
   }
  },
  {
   "type": "Feature",
   "geometry": {
    "type": "Point",
    "coordinates": [
     -0.76381,
     41.87719
    ]
   },
   "properties": {
    "id": "EST-ZUERA",
    "name": "Zuera",
    "province": "Zaragoza",
    "marker-symbol": "rail",
    "marker-size": "small",
    "marker-color": "#666666"
   }
  },
  {
   "type": "Feature",
   "geometry": {
    "type": "Point",
    "coordinates": [
     -0.69642,
     40.01156
    ]
   },
   "properties": {
    "id": "EST-BARRACAS",
    "name": "Barracas",
    "province": "Castellón",
    "marker-symbol": "rail",
    "marker-size": "small",
    "marker-color": "#666666"
   }
  },
  {
   "type": "Feature",
   "geometry": {
    "type": "Point",
    "coordinates": [
     -5.67945,
     43.29185
    ]
   },
   "properties": {
    "id": "EST-UJO",
    "name": "Ujo",
    "province": "Asturias",
    "marker-symbol": "rail",
    "marker-size": "small",
    "marker-color": "#666666"
   }
  },
  {
   "type": "Feature",
   "geometry": {
    "type": "Point",
    "coordinates": [
     2.23055,
     41.42433
    ]
   },
   "properties": {
    "id": "EST-SANTADRIADEBESOS",
    "name": "Sant Adrià de Besòs",
    "province": "Barcelona",
    "marker-symbol": "rail",
    "marker-size": "small",
    "marker-color": "#666666"
   }
  },
  {
   "type": "Feature",
   "geometry": {
    "type": "Point",
    "coordinates": [
     -4.15565,
     43.34077
    ]
   },
   "properties": {
    "id": "EST-GOLBARDO",
    "name": "Golbardo",
    "province": "Cantabria",
    "marker-symbol": "rail",
    "marker-size": "small",
    "marker-color": "#666666"
   }
  },
  {
   "type": "Feature",
   "geometry": {
    "type": "Point",
    "coordinates": [
     -5.31818,
     42.83857
    ]
   },
   "properties": {
    "id": "EST-LALOSILLA",
    "name": "La Losilla",
    "province": "León",
    "marker-symbol": "rail",
    "marker-size": "small",
    "marker-color": "#666666"
   }
  },
  {
   "type": "Feature",
   "geometry": {
    "type": "Point",
    "coordinates": [
     2.12893,
     41.37555
    ]
   },
   "properties": {
    "id": "EST-BADAL",
    "name": "Badal",
    "province": "Barcelona",
    "marker-symbol": "rail",
    "marker-size": "small",
    "marker-color": "#666666"
   }
  },
  {
   "type": "Feature",
   "geometry": {
    "type": "Point",
    "coordinates": [
     -0.38261,
     38.43914
    ]
   },
   "properties": {
    "id": "EST-POBLEESPANYOL",
    "name": "Poble Espanyol",
    "province": "Alicante",
    "marker-symbol": "rail",
    "marker-size": "small",
    "marker-color": "#666666"
   }
  },
  {
   "type": "Feature",
   "geometry": {
    "type": "Point",
    "coordinates": [
     1.27357,
     41.19217
    ]
   },
   "properties": {
    "id": "EST-CAMPDETARRAGONA",
    "name": "Camp de Tarragona",
    "province": "Tarragona",
    "marker-symbol": "rail",
    "marker-size": "small",
    "marker-color": "#666666"
   }
  },
  {
   "type": "Feature",
   "geometry": {
    "type": "Point",
    "coordinates": [
     2.19765,
     41.39938
    ]
   },
   "properties": {
    "id": "EST-LLACUNA",
    "name": "Llacuna",
    "province": "Barcelona",
    "marker-symbol": "rail",
    "marker-size": "small",
    "marker-color": "#666666"
   }
  },
  {
   "type": "Feature",
   "geometry": {
    "type": "Point",
    "coordinates": [
     2.03161,
     41.3641
    ]
   },
   "properties": {
    "id": "EST-COLONIAGUELL",
    "name": "Colònia Güell",
    "province": "Barcelona",
    "marker-symbol": "rail",
    "marker-size": "small",
    "marker-color": "#666666"
   }
  },
  {
   "type": "Feature",
   "geometry": {
    "type": "Point",
    "coordinates": [
     2.31042,
     41.47691
    ]
   },
   "properties": {
    "id": "EST-ELMASNOU",
    "name": "El Masnou",
    "province": "Barcelona",
    "marker-symbol": "rail",
    "marker-size": "small",
    "marker-color": "#666666"
   }
  },
  {
   "type": "Feature",
   "geometry": {
    "type": "Point",
    "coordinates": [
     2.21765,
     42.10483
    ]
   },
   "properties": {
    "id": "EST-SANTQUIRZEDEBESORA",
    "name": "San Quirze de Besora",
    "province": "Barcelona",
    "marker-symbol": "rail",
    "marker-size": "small",
    "marker-color": "#666666"
   }
  },
  {
   "type": "Feature",
   "geometry": {
    "type": "Point",
    "coordinates": [
     -3.46936,
     43.39418
    ]
   },
   "properties": {
    "id": "EST-TRETO",
    "name": "Treto",
    "province": "Cantabria",
    "marker-symbol": "rail",
    "marker-size": "small",
    "marker-color": "#666666"
   }
  },
  {
   "type": "Feature",
   "geometry": {
    "type": "Point",
    "coordinates": [
     -2.92252,
     43.25672
    ]
   },
   "properties": {
    "id": "EST-RIBERA",
    "name": "Ribera",
    "province": "Bizkaia",
    "marker-symbol": "rail",
    "marker-size": "small",
    "marker-color": "#666666"
   }
  },
  {
   "type": "Feature",
   "geometry": {
    "type": "Point",
    "coordinates": [
     2.67338,
     41.77217
    ]
   },
   "properties": {
    "id": "EST-MACANETMASSANES",
    "name": "Maçanet-Massanes",
    "province": "Girona",
    "marker-symbol": "rail",
    "marker-size": "small",
    "marker-color": "#666666"
   }
  },
  {
   "type": "Feature",
   "geometry": {
    "type": "Point",
    "coordinates": [
     0.1969,
     41.91372
    ]
   },
   "properties": {
    "id": "EST-MONZONRIOCINCA",
    "name": "Monzón-Río Cinca",
    "province": "Huesca",
    "marker-symbol": "rail",
    "marker-size": "small",
    "marker-color": "#666666"
   }
  },
  {
   "type": "Feature",
   "geometry": {
    "type": "Point",
    "coordinates": [
     -0.43819,
     41.22451
    ]
   },
   "properties": {
    "id": "EST-LAPUEBLADEHIJAR",
    "name": "La Puebla de Híjar",
    "province": "Teruel",
    "marker-symbol": "rail",
    "marker-size": "small",
    "marker-color": "#666666"
   }
  },
  {
   "type": "Feature",
   "geometry": {
    "type": "Point",
    "coordinates": [
     2.13088,
     41.38413
    ]
   },
   "properties": {
    "id": "EST-LESCORTS",
    "name": "Les Corts",
    "province": "Barcelona",
    "marker-symbol": "rail",
    "marker-size": "small",
    "marker-color": "#666666"
   }
  },
  {
   "type": "Feature",
   "geometry": {
    "type": "Point",
    "coordinates": [
     -1.41449,
     37.84935
    ]
   },
   "properties": {
    "id": "EST-ALHAMADEMURCIA",
    "name": "Alhama de Murcia",
    "province": "Murcia",
    "marker-symbol": "rail",
    "marker-size": "small",
    "marker-color": "#666666"
   }
  },
  {
   "type": "Feature",
   "geometry": {
    "type": "Point",
    "coordinates": [
     -3.73407,
     40.30971
    ]
   },
   "properties": {
    "id": "EST-GETAFECENTRO",
    "name": "Getafe Centro",
    "province": "Madrid",
    "marker-symbol": "rail",
    "marker-size": "small",
    "marker-color": "#666666"
   }
  },
  {
   "type": "Feature",
   "geometry": {
    "type": "Point",
    "coordinates": [
     -5.91779,
     43.35532
    ]
   },
   "properties": {
    "id": "EST-SANCLAUDIO",
    "name": "San Claudio",
    "province": "Asturias",
    "marker-symbol": "rail",
    "marker-size": "small",
    "marker-color": "#666666"
   }
  },
  {
   "type": "Feature",
   "geometry": {
    "type": "Point",
    "coordinates": [
     -1.81706,
     43.33036
    ]
   },
   "properties": {
    "id": "EST-BENTAKIRUN",
    "name": "Bentak-Irun",
    "province": "Gipuzkoa",
    "marker-symbol": "rail",
    "marker-size": "small",
    "marker-color": "#666666"
   }
  },
  {
   "type": "Feature",
   "geometry": {
    "type": "Point",
    "coordinates": [
     -3.66135,
     40.41128
    ]
   },
   "properties": {
    "id": "EST-ESTRELLA",
    "name": "Estrella",
    "province": "Madrid",
    "marker-symbol": "rail",
    "marker-size": "small",
    "marker-color": "#666666"
   }
  },
  {
   "type": "Feature",
   "geometry": {
    "type": "Point",
    "coordinates": [
     -5.86995,
     43.52344
    ]
   },
   "properties": {
    "id": "EST-NUBLEDO",
    "name": "Nubledo",
    "province": "Asturias",
    "marker-symbol": "rail",
    "marker-size": "small",
    "marker-color": "#666666"
   }
  },
  {
   "type": "Feature",
   "geometry": {
    "type": "Point",
    "coordinates": [
     2.9153,
     42.03698
    ]
   },
   "properties": {
    "id": "EST-BORDILSJUIA",
    "name": "Bordils-Juià",
    "province": "Girona",
    "marker-symbol": "rail",
    "marker-size": "small",
    "marker-color": "#666666"
   }
  },
  {
   "type": "Feature",
   "geometry": {
    "type": "Point",
    "coordinates": [
     -6.22469,
     36.45753
    ]
   },
   "properties": {
    "id": "EST-RIOARILLO",
    "name": "Río Arillo",
    "province": "Cádiz",
    "marker-symbol": "rail",
    "marker-size": "small",
    "marker-color": "#666666"
   }
  },
  {
   "type": "Feature",
   "geometry": {
    "type": "Point",
    "coordinates": [
     -0.58276,
     38.28965
    ]
   },
   "properties": {
    "id": "EST-TORRELLANO",
    "name": "Torrellano",
    "province": "Alicante",
    "marker-symbol": "rail",
    "marker-size": "small",
    "marker-color": "#666666"
   }
  },
  {
   "type": "Feature",
   "geometry": {
    "type": "Point",
    "coordinates": [
     -3.67846,
     40.44448
    ]
   },
   "properties": {
    "id": "EST-CRUZDELRAYO",
    "name": "Cruz del Rayo",
    "province": "Madrid",
    "marker-symbol": "rail",
    "marker-size": "small",
    "marker-color": "#666666"
   }
  },
  {
   "type": "Feature",
   "geometry": {
    "type": "Point",
    "coordinates": [
     2.13236,
     41.36578
    ]
   },
   "properties": {
    "id": "EST-LHOSPITALETDELLLOBREGAT",
    "name": "L'Hospitalet del Llobregat",
    "province": "Barcelona",
    "marker-symbol": "rail",
    "marker-size": "small",
    "marker-color": "#666666"
   }
  },
  {
   "type": "Feature",
   "geometry": {
    "type": "Point",
    "coordinates": [
     -0.39732,
     38.41721
    ]
   },
   "properties": {
    "id": "EST-FABRAQUER",
    "name": "Fabraquer",
    "province": "Alicante",
    "marker-symbol": "rail",
    "marker-size": "small",
    "marker-color": "#666666"
   }
  },
  {
   "type": "Feature",
   "geometry": {
    "type": "Point",
    "coordinates": [
     -3.69493,
     40.41905
    ]
   },
   "properties": {
    "id": "EST-BANCODEESPANA",
    "name": "Banco de España",
    "province": "Madrid",
    "marker-symbol": "rail",
    "marker-size": "small",
    "marker-color": "#666666"
   }
  },
  {
   "type": "Feature",
   "geometry": {
    "type": "Point",
    "coordinates": [
     -0.33863,
     39.46486
    ]
   },
   "properties": {
    "id": "EST-MARITIM",
    "name": "Marítim",
    "province": "Valencia",
    "marker-symbol": "rail",
    "marker-size": "small",
    "marker-color": "#666666"
   }
  },
  {
   "type": "Feature",
   "geometry": {
    "type": "Point",
    "coordinates": [
     2.06191,
     41.46922
    ]
   },
   "properties": {
    "id": "EST-MIRASOL",
    "name": "Mira-sol",
    "province": "Barcelona",
    "marker-symbol": "rail",
    "marker-size": "small",
    "marker-color": "#666666"
   }
  },
  {
   "type": "Feature",
   "geometry": {
    "type": "Point",
    "coordinates": [
     -3.83807,
     40.3942
    ]
   },
   "properties": {
    "id": "EST-VENTORRODELCANO",
    "name": "Ventorro del Cano",
    "province": "Madrid",
    "marker-symbol": "rail",
    "marker-size": "small",
    "marker-color": "#666666"
   }
  },
  {
   "type": "Feature",
   "geometry": {
    "type": "Point",
    "coordinates": [
     -4.03906,
     43.14548
    ]
   },
   "properties": {
    "id": "EST-MOLLEDOPORTOLIN",
    "name": "Molledo-Portolín",
    "province": "Cantabria",
    "marker-symbol": "rail",
    "marker-size": "small",
    "marker-color": "#666666"
   }
  },
  {
   "type": "Feature",
   "geometry": {
    "type": "Point",
    "coordinates": [
     -0.37146,
     39.44153
    ]
   },
   "properties": {
    "id": "EST-QUATRECARRERES",
    "name": "Quatre Carreres",
    "province": "Valencia",
    "marker-symbol": "rail",
    "marker-size": "small",
    "marker-color": "#666666"
   }
  },
  {
   "type": "Feature",
   "geometry": {
    "type": "Point",
    "coordinates": [
     2.65997,
     39.58005
    ]
   },
   "properties": {
    "id": "EST-JACINTVERDAGUER",
    "name": "Jacint Verdaguer",
    "province": "Baleares",
    "marker-symbol": "rail",
    "marker-size": "small",
    "marker-color": "#666666"
   }
  },
  {
   "type": "Feature",
   "geometry": {
    "type": "Point",
    "coordinates": [
     -16.30458,
     28.44377
    ]
   },
   "properties": {
    "id": "EST-TINCER",
    "name": "Tincer",
    "province": "Santa Cruz de Tenerife",
    "marker-symbol": "rail",
    "marker-size": "small",
    "marker-color": "#666666"
   }
  },
  {
   "type": "Feature",
   "geometry": {
    "type": "Point",
    "coordinates": [
     -6.60249,
     42.54566
    ]
   },
   "properties": {
    "id": "EST-PONFERRADA",
    "name": "Ponferrada",
    "province": "León",
    "marker-symbol": "rail",
    "marker-size": "small",
    "marker-color": "#666666"
   }
  },
  {
   "type": "Feature",
   "geometry": {
    "type": "Point",
    "coordinates": [
     2.29161,
     41.59965
    ]
   },
   "properties": {
    "id": "EST-GRANOLLERSCENTRE",
    "name": "Granollers Centre",
    "province": "Barcelona",
    "marker-symbol": "rail",
    "marker-size": "small",
    "marker-color": "#666666"
   }
  },
  {
   "type": "Feature",
   "geometry": {
    "type": "Point",
    "coordinates": [
     -4.91377,
     37.84797
    ]
   },
   "properties": {
    "id": "EST-VILLARRUBIADECORDOBA",
    "name": "Villarrubia de Córdoba",
    "province": "Córdoba",
    "marker-symbol": "rail",
    "marker-size": "small",
    "marker-color": "#666666"
   }
  },
  {
   "type": "Feature",
   "geometry": {
    "type": "Point",
    "coordinates": [
     -5.55317,
     40.97971
    ]
   },
   "properties": {
    "id": "EST-ALDEALENGUA",
    "name": "Aldealengua",
    "province": "Salamanca",
    "marker-symbol": "rail",
    "marker-size": "small",
    "marker-color": "#666666"
   }
  },
  {
   "type": "Feature",
   "geometry": {
    "type": "Point",
    "coordinates": [
     -0.23169,
     38.51008
    ]
   },
   "properties": {
    "id": "EST-CREUETA",
    "name": "Creueta",
    "province": "Alicante",
    "marker-symbol": "rail",
    "marker-size": "small",
    "marker-color": "#666666"
   }
  },
  {
   "type": "Feature",
   "geometry": {
    "type": "Point",
    "coordinates": [
     -1.68561,
     37.6807
    ]
   },
   "properties": {
    "id": "EST-LORCASANDIEGO",
    "name": "Lorca San Diego",
    "province": "Murcia",
    "marker-symbol": "rail",
    "marker-size": "small",
    "marker-color": "#666666"
   }
  },
  {
   "type": "Feature",
   "geometry": {
    "type": "Point",
    "coordinates": [
     -2.61256,
     43.16527
    ]
   },
   "properties": {
    "id": "EST-TRANAABADINO",
    "name": "Traña-Abadiño",
    "province": "Bizkaia",
    "marker-symbol": "rail",
    "marker-size": "small",
    "marker-color": "#666666"
   }
  },
  {
   "type": "Feature",
   "geometry": {
    "type": "Point",
    "coordinates": [
     -2.88744,
     43.29089
    ]
   },
   "properties": {
    "id": "EST-DERIO",
    "name": "Derio",
    "province": "Bizkaia",
    "marker-symbol": "rail",
    "marker-size": "small",
    "marker-color": "#666666"
   }
  },
  {
   "type": "Feature",
   "geometry": {
    "type": "Point",
    "coordinates": [
     -5.36066,
     43.34401
    ]
   },
   "properties": {
    "id": "EST-INFIESTOAPEADERO",
    "name": "Infiesto Apeadero",
    "province": "Asturias",
    "marker-symbol": "rail",
    "marker-size": "small",
    "marker-color": "#666666"
   }
  },
  {
   "type": "Feature",
   "geometry": {
    "type": "Point",
    "coordinates": [
     2.20359,
     42.12971
    ]
   },
   "properties": {
    "id": "EST-LAFARGADEBEBIE",
    "name": "La Farga de Bebié",
    "province": "Girona",
    "marker-symbol": "rail",
    "marker-size": "small",
    "marker-color": "#666666"
   }
  },
  {
   "type": "Feature",
   "geometry": {
    "type": "Point",
    "coordinates": [
     -0.43801,
     38.36545
    ]
   },
   "properties": {
    "id": "EST-LUCENTUM",
    "name": "Lucentum",
    "province": "Alicante",
    "marker-symbol": "rail",
    "marker-size": "small",
    "marker-color": "#666666"
   }
  },
  {
   "type": "Feature",
   "geometry": {
    "type": "Point",
    "coordinates": [
     -5.20648,
     40.89793
    ]
   },
   "properties": {
    "id": "EST-PENARANDADEBRACAMONTE",
    "name": "Peñaranda de Bracamonte",
    "province": "Salamanca",
    "marker-symbol": "rail",
    "marker-size": "small",
    "marker-color": "#666666"
   }
  },
  {
   "type": "Feature",
   "geometry": {
    "type": "Point",
    "coordinates": [
     -5.6806,
     43.36346
    ]
   },
   "properties": {
    "id": "EST-BENDICION",
    "name": "Bendición",
    "province": "Asturias",
    "marker-symbol": "rail",
    "marker-size": "small",
    "marker-color": "#666666"
   }
  },
  {
   "type": "Feature",
   "geometry": {
    "type": "Point",
    "coordinates": [
     2.18692,
     41.41014
    ]
   },
   "properties": {
    "id": "EST-CLOT",
    "name": "Clot",
    "province": "Barcelona",
    "marker-symbol": "rail",
    "marker-size": "small",
    "marker-color": "#666666"
   }
  },
  {
   "type": "Feature",
   "geometry": {
    "type": "Point",
    "coordinates": [
     -3.64949,
     43.17974
    ]
   },
   "properties": {
    "id": "EST-SOBA",
    "name": "Soba",
    "province": "Cantabria",
    "marker-symbol": "rail",
    "marker-size": "small",
    "marker-color": "#666666"
   }
  },
  {
   "type": "Feature",
   "geometry": {
    "type": "Point",
    "coordinates": [
     -5.80874,
     43.38621
    ]
   },
   "properties": {
    "id": "EST-PARQUEPRINCIPADO",
    "name": "Parque Principado",
    "province": "Asturias",
    "marker-symbol": "rail",
    "marker-size": "small",
    "marker-color": "#666666"
   }
  },
  {
   "type": "Feature",
   "geometry": {
    "type": "Point",
    "coordinates": [
     -2.83578,
     43.27345
    ]
   },
   "properties": {
    "id": "EST-LEZAMA",
    "name": "Lezama",
    "province": "Bizkaia",
    "marker-symbol": "rail",
    "marker-size": "small",
    "marker-color": "#666666"
   }
  },
  {
   "type": "Feature",
   "geometry": {
    "type": "Point",
    "coordinates": [
     -2.68496,
     42.85893
    ]
   },
   "properties": {
    "id": "EST-ARRIAGAVITORIA",
    "name": "Arriaga",
    "province": "Álava",
    "marker-symbol": "rail",
    "marker-size": "small",
    "marker-color": "#666666"
   }
  },
  {
   "type": "Feature",
   "geometry": {
    "type": "Point",
    "coordinates": [
     -1.21863,
     41.24345
    ]
   },
   "properties": {
    "id": "EST-CERVERUELA",
    "name": "Cerveruela",
    "province": "Zaragoza",
    "marker-symbol": "rail",
    "marker-size": "small",
    "marker-color": "#666666"
   }
  },
  {
   "type": "Feature",
   "geometry": {
    "type": "Point",
    "coordinates": [
     -6.95324,
     37.51648
    ]
   },
   "properties": {
    "id": "EST-ELCOBUJON",
    "name": "El Cobujón",
    "province": "Huelva",
    "marker-symbol": "rail",
    "marker-size": "small",
    "marker-color": "#666666"
   }
  },
  {
   "type": "Feature",
   "geometry": {
    "type": "Point",
    "coordinates": [
     -3.77766,
     40.3582
    ]
   },
   "properties": {
    "id": "EST-LAFORTUNA",
    "name": "La Fortuna",
    "province": "Madrid",
    "marker-symbol": "rail",
    "marker-size": "small",
    "marker-color": "#666666"
   }
  },
  {
   "type": "Feature",
   "geometry": {
    "type": "Point",
    "coordinates": [
     -3.65618,
     40.45594
    ]
   },
   "properties": {
    "id": "EST-ARTUROSORIA",
    "name": "Arturo Soria",
    "province": "Madrid",
    "marker-symbol": "rail",
    "marker-size": "small",
    "marker-color": "#666666"
   }
  },
  {
   "type": "Feature",
   "geometry": {
    "type": "Point",
    "coordinates": [
     -4.36162,
     40.58916
    ]
   },
   "properties": {
    "id": "EST-LASNAVASDELMARQUES",
    "name": "Las Navas del Marqués",
    "province": "Ávila",
    "marker-symbol": "rail",
    "marker-size": "small",
    "marker-color": "#666666"
   }
  },
  {
   "type": "Feature",
   "geometry": {
    "type": "Point",
    "coordinates": [
     -5.52995,
     42.71871
    ]
   },
   "properties": {
    "id": "EST-VALDERILLA",
    "name": "Valderilla",
    "province": "León",
    "marker-symbol": "rail",
    "marker-size": "small",
    "marker-color": "#666666"
   }
  },
  {
   "type": "Feature",
   "geometry": {
    "type": "Point",
    "coordinates": [
     -5.61211,
     43.15606
    ]
   },
   "properties": {
    "id": "EST-BAINA",
    "name": "Baíña",
    "province": "Asturias",
    "marker-symbol": "rail",
    "marker-size": "small",
    "marker-color": "#666666"
   }
  },
  {
   "type": "Feature",
   "geometry": {
    "type": "Point",
    "coordinates": [
     -5.12135,
     36.8626
    ]
   },
   "properties": {
    "id": "EST-SETENIL",
    "name": "Setenil",
    "province": "Cádiz",
    "marker-symbol": "rail",
    "marker-size": "small",
    "marker-color": "#666666"
   }
  },
  {
   "type": "Feature",
   "geometry": {
    "type": "Point",
    "coordinates": [
     -4.15774,
     40.71689
    ]
   },
   "properties": {
    "id": "EST-GUDILLOS",
    "name": "Gudillos",
    "province": "Segovia",
    "marker-symbol": "rail",
    "marker-size": "small",
    "marker-color": "#666666"
   }
  },
  {
   "type": "Feature",
   "geometry": {
    "type": "Point",
    "coordinates": [
     2.22281,
     41.79941
    ]
   },
   "properties": {
    "id": "EST-CENTELLES",
    "name": "Centelles",
    "province": "Barcelona",
    "marker-symbol": "rail",
    "marker-size": "small",
    "marker-color": "#666666"
   }
  },
  {
   "type": "Feature",
   "geometry": {
    "type": "Point",
    "coordinates": [
     2.09692,
     41.42008
    ]
   },
   "properties": {
    "id": "EST-BAIXADORDEVALLVIDRERA",
    "name": "Baixador de Vallvidrera",
    "province": "Barcelona",
    "marker-symbol": "rail",
    "marker-size": "small",
    "marker-color": "#666666"
   }
  },
  {
   "type": "Feature",
   "geometry": {
    "type": "Point",
    "coordinates": [
     2.07824,
     41.46797
    ]
   },
   "properties": {
    "id": "EST-SANTCUGAT",
    "name": "Sant Cugat Centre",
    "province": "Barcelona",
    "marker-symbol": "rail",
    "marker-size": "small",
    "marker-color": "#666666"
   }
  },
  {
   "type": "Feature",
   "geometry": {
    "type": "Point",
    "coordinates": [
     -3.19827,
     43.23335
    ]
   },
   "properties": {
    "id": "EST-TRASLAVINA",
    "name": "Traslaviña",
    "province": "Bizkaia",
    "marker-symbol": "rail",
    "marker-size": "small",
    "marker-color": "#666666"
   }
  },
  {
   "type": "Feature",
   "geometry": {
    "type": "Point",
    "coordinates": [
     2.87485,
     42.02732
    ]
   },
   "properties": {
    "id": "EST-CELRA",
    "name": "Celrà",
    "province": "Girona",
    "marker-symbol": "rail",
    "marker-size": "small",
    "marker-color": "#666666"
   }
  },
  {
   "type": "Feature",
   "geometry": {
    "type": "Point",
    "coordinates": [
     -5.69367,
     43.37128
    ]
   },
   "properties": {
    "id": "EST-XIXUN",
    "name": "Xixún",
    "province": "Asturias",
    "marker-symbol": "rail",
    "marker-size": "small",
    "marker-color": "#666666"
   }
  },
  {
   "type": "Feature",
   "geometry": {
    "type": "Point",
    "coordinates": [
     -2.93585,
     40.93
    ]
   },
   "properties": {
    "id": "EST-JADRAQUE",
    "name": "Jadraque",
    "province": "Guadalajara",
    "marker-symbol": "rail",
    "marker-size": "small",
    "marker-color": "#666666"
   }
  },
  {
   "type": "Feature",
   "geometry": {
    "type": "Point",
    "coordinates": [
     -4.67481,
     37.93298
    ]
   },
   "properties": {
    "id": "EST-ALCOLEADECORDOBA",
    "name": "Alcolea de Córdoba",
    "province": "Córdoba",
    "marker-symbol": "rail",
    "marker-size": "small",
    "marker-color": "#666666"
   }
  },
  {
   "type": "Feature",
   "geometry": {
    "type": "Point",
    "coordinates": [
     -0.89134,
     41.64392
    ]
   },
   "properties": {
    "id": "EST-ZARAGOZAGOYA",
    "name": "Zaragoza-Goya",
    "province": "Zaragoza",
    "marker-symbol": "rail",
    "marker-size": "small",
    "marker-color": "#666666"
   }
  },
  {
   "type": "Feature",
   "geometry": {
    "type": "Point",
    "coordinates": [
     1.86474,
     41.44816
    ]
   },
   "properties": {
    "id": "EST-GELIDAINAFERIOR",
    "name": "Gelida Inferior",
    "province": "Barcelona",
    "marker-symbol": "rail",
    "marker-size": "small",
    "marker-color": "#666666"
   }
  },
  {
   "type": "Feature",
   "geometry": {
    "type": "Point",
    "coordinates": [
     -1.7495,
     37.3992
    ]
   },
   "properties": {
    "id": "EST-PULPI",
    "name": "Pulpí",
    "province": "Almería",
    "marker-symbol": "rail",
    "marker-size": "small",
    "marker-color": "#666666"
   }
  },
  {
   "type": "Feature",
   "geometry": {
    "type": "Point",
    "coordinates": [
     2.16822,
     41.38701
    ]
   },
   "properties": {
    "id": "EST-BOSCHIALSINA",
    "name": "Bosch i Alsina",
    "province": "Barcelona",
    "marker-symbol": "rail",
    "marker-size": "small",
    "marker-color": "#666666"
   }
  },
  {
   "type": "Feature",
   "geometry": {
    "type": "Point",
    "coordinates": [
     2.18538,
     41.4839
    ]
   },
   "properties": {
    "id": "EST-MONTCADAIREIXACMANRESA",
    "name": "Montcada i Reixac-Manresa",
    "province": "Barcelona",
    "marker-symbol": "rail",
    "marker-size": "small",
    "marker-color": "#666666"
   }
  },
  {
   "type": "Feature",
   "geometry": {
    "type": "Point",
    "coordinates": [
     -3.76093,
     40.40349
    ]
   },
   "properties": {
    "id": "EST-CASADECAMPO",
    "name": "Casa de Campo",
    "province": "Madrid",
    "marker-symbol": "rail",
    "marker-size": "small",
    "marker-color": "#666666"
   }
  },
  {
   "type": "Feature",
   "geometry": {
    "type": "Point",
    "coordinates": [
     2.11487,
     41.38073
    ]
   },
   "properties": {
    "id": "EST-AVINGUDADEXILE",
    "name": "Avinguda de Xile",
    "province": "Barcelona",
    "marker-symbol": "rail",
    "marker-size": "small",
    "marker-color": "#666666"
   }
  },
  {
   "type": "Feature",
   "geometry": {
    "type": "Point",
    "coordinates": [
     2.21668,
     41.41178
    ]
   },
   "properties": {
    "id": "EST-FORUM",
    "name": "Fòrum",
    "province": "Barcelona",
    "marker-symbol": "rail",
    "marker-size": "small",
    "marker-color": "#666666"
   }
  },
  {
   "type": "Feature",
   "geometry": {
    "type": "Point",
    "coordinates": [
     -4.23375,
     42.78527
    ]
   },
   "properties": {
    "id": "EST-AGUILARDECAMPOO",
    "name": "Aguilar de Campoo",
    "province": "Palencia",
    "marker-symbol": "rail",
    "marker-size": "small",
    "marker-color": "#666666"
   }
  },
  {
   "type": "Feature",
   "geometry": {
    "type": "Point",
    "coordinates": [
     -3.7813,
     40.40228
    ]
   },
   "properties": {
    "id": "EST-PRADODELAVEGA",
    "name": "Prado de la Vega",
    "province": "Madrid",
    "marker-symbol": "rail",
    "marker-size": "small",
    "marker-color": "#666666"
   }
  },
  {
   "type": "Feature",
   "geometry": {
    "type": "Point",
    "coordinates": [
     -1.56625,
     41.47855
    ]
   },
   "properties": {
    "id": "EST-MORES",
    "name": "Morés",
    "province": "Zaragoza",
    "marker-symbol": "rail",
    "marker-size": "small",
    "marker-color": "#666666"
   }
  },
  {
   "type": "Feature",
   "geometry": {
    "type": "Point",
    "coordinates": [
     -5.79767,
     43.58049
    ]
   },
   "properties": {
    "id": "EST-REGUERAL",
    "name": "Regueral",
    "province": "Asturias",
    "marker-symbol": "rail",
    "marker-size": "small",
    "marker-color": "#666666"
   }
  },
  {
   "type": "Feature",
   "geometry": {
    "type": "Point",
    "coordinates": [
     -6.1853,
     36.53083
    ]
   },
   "properties": {
    "id": "EST-PUERTOREAL",
    "name": "Puerto Real",
    "province": "Cádiz",
    "marker-symbol": "rail",
    "marker-size": "small",
    "marker-color": "#666666"
   }
  },
  {
   "type": "Feature",
   "geometry": {
    "type": "Point",
    "coordinates": [
     -6.21599,
     36.45625
    ]
   },
   "properties": {
    "id": "EST-ARDILA",
    "name": "Ardila",
    "province": "Cádiz",
    "marker-symbol": "rail",
    "marker-size": "small",
    "marker-color": "#666666"
   }
  },
  {
   "type": "Feature",
   "geometry": {
    "type": "Point",
    "coordinates": [
     -1.91707,
     43.31898
    ]
   },
   "properties": {
    "id": "EST-PASAIA",
    "name": "Pasaia",
    "province": "Gipuzkoa",
    "marker-symbol": "rail",
    "marker-size": "small",
    "marker-color": "#666666"
   }
  },
  {
   "type": "Feature",
   "geometry": {
    "type": "Point",
    "coordinates": [
     3.11091,
     39.61817
    ]
   },
   "properties": {
    "id": "EST-PETRA",
    "name": "Petra",
    "province": "Baleares",
    "marker-symbol": "rail",
    "marker-size": "small",
    "marker-color": "#666666"
   }
  },
  {
   "type": "Feature",
   "geometry": {
    "type": "Point",
    "coordinates": [
     -3.56101,
     40.42373
    ]
   },
   "properties": {
    "id": "EST-COSLADA",
    "name": "Coslada",
    "province": "Madrid",
    "marker-symbol": "rail",
    "marker-size": "small",
    "marker-color": "#666666"
   }
  },
  {
   "type": "Feature",
   "geometry": {
    "type": "Point",
    "coordinates": [
     2.13996,
     41.37901
    ]
   },
   "properties": {
    "id": "EST-BARCELONASANTS",
    "name": "Barcelona-Sants",
    "province": "Barcelona",
    "marker-symbol": "rail",
    "marker-size": "small",
    "marker-color": "#666666"
   }
  },
  {
   "type": "Feature",
   "geometry": {
    "type": "Point",
    "coordinates": [
     2.20911,
     41.40801
    ]
   },
   "properties": {
    "id": "EST-SELVADEMAR",
    "name": "Selva de Mar",
    "province": "Barcelona",
    "marker-symbol": "rail",
    "marker-size": "small",
    "marker-color": "#666666"
   }
  },
  {
   "type": "Feature",
   "geometry": {
    "type": "Point",
    "coordinates": [
     -6.53447,
     39.46807
    ]
   },
   "properties": {
    "id": "EST-ARROYOMALPARTIDA",
    "name": "Arroyo-Malpartida",
    "province": "Cáceres",
    "marker-symbol": "rail",
    "marker-size": "small",
    "marker-color": "#666666"
   }
  },
  {
   "type": "Feature",
   "geometry": {
    "type": "Point",
    "coordinates": [
     1.25354,
     41.11122
    ]
   },
   "properties": {
    "id": "EST-TARRAGONA",
    "name": "Tarragona",
    "province": "Tarragona",
    "marker-symbol": "rail",
    "marker-size": "small",
    "marker-color": "#666666"
   }
  },
  {
   "type": "Feature",
   "geometry": {
    "type": "Point",
    "coordinates": [
     -1.2871,
     41.19631
    ]
   },
   "properties": {
    "id": "EST-VILLARREALDEHUERVA",
    "name": "Villarreal de Huerva",
    "province": "Zaragoza",
    "marker-symbol": "rail",
    "marker-size": "small",
    "marker-color": "#666666"
   }
  },
  {
   "type": "Feature",
   "geometry": {
    "type": "Point",
    "coordinates": [
     -5.78236,
     43.21158
    ]
   },
   "properties": {
    "id": "EST-FIGAREDO",
    "name": "Figaredo",
    "province": "Asturias",
    "marker-symbol": "rail",
    "marker-size": "small",
    "marker-color": "#666666"
   }
  },
  {
   "type": "Feature",
   "geometry": {
    "type": "Point",
    "coordinates": [
     -0.8959,
     41.65274
    ]
   },
   "properties": {
    "id": "EST-ZARAGOZAPORTILLO",
    "name": "Zaragoza-Portillo",
    "province": "Zaragoza",
    "marker-symbol": "rail",
    "marker-size": "small",
    "marker-color": "#666666"
   }
  },
  {
   "type": "Feature",
   "geometry": {
    "type": "Point",
    "coordinates": [
     2.72547,
     39.62539
    ]
   },
   "properties": {
    "id": "EST-MARRATXI",
    "name": "Marratxí",
    "province": "Baleares",
    "marker-symbol": "rail",
    "marker-size": "small",
    "marker-color": "#666666"
   }
  },
  {
   "type": "Feature",
   "geometry": {
    "type": "Point",
    "coordinates": [
     -16.80343,
     28.17222
    ]
   },
   "properties": {
    "id": "EST-CRUZDEPIEDRA",
    "name": "Cruz de Piedra",
    "province": "Santa Cruz de Tenerife",
    "marker-symbol": "rail",
    "marker-size": "small",
    "marker-color": "#666666"
   }
  },
  {
   "type": "Feature",
   "geometry": {
    "type": "Point",
    "coordinates": [
     -2.95322,
     43.25965
    ]
   },
   "properties": {
    "id": "EST-BASURTOHOSPITAL",
    "name": "Basurto-Hospital",
    "province": "Bizkaia",
    "marker-symbol": "rail",
    "marker-size": "small",
    "marker-color": "#666666"
   }
  },
  {
   "type": "Feature",
   "geometry": {
    "type": "Point",
    "coordinates": [
     -3.80459,
     40.42307
    ]
   },
   "properties": {
    "id": "EST-POZUELOOESTE",
    "name": "Pozuelo Oeste",
    "province": "Madrid",
    "marker-symbol": "rail",
    "marker-size": "small",
    "marker-color": "#666666"
   }
  },
  {
   "type": "Feature",
   "geometry": {
    "type": "Point",
    "coordinates": [
     -4.24714,
     40.52122
    ]
   },
   "properties": {
    "id": "EST-ROBLEDODECHAVELA",
    "name": "Robledo de Chavela",
    "province": "Madrid",
    "marker-symbol": "rail",
    "marker-size": "small",
    "marker-color": "#666666"
   }
  },
  {
   "type": "Feature",
   "geometry": {
    "type": "Point",
    "coordinates": [
     2.77409,
     39.65317
    ]
   },
   "properties": {
    "id": "EST-SANTAMARIA",
    "name": "Santa Maria",
    "province": "Baleares",
    "marker-symbol": "rail",
    "marker-size": "small",
    "marker-color": "#666666"
   }
  },
  {
   "type": "Feature",
   "geometry": {
    "type": "Point",
    "coordinates": [
     -5.92296,
     43.56148
    ]
   },
   "properties": {
    "id": "EST-AVILES",
    "name": "Avilés",
    "province": "Asturias",
    "marker-symbol": "rail",
    "marker-size": "small",
    "marker-color": "#666666"
   }
  },
  {
   "type": "Feature",
   "geometry": {
    "type": "Point",
    "coordinates": [
     0.54015,
     41.22942
    ]
   },
   "properties": {
    "id": "EST-FLIX",
    "name": "Flix",
    "province": "Tarragona",
    "marker-symbol": "rail",
    "marker-size": "small",
    "marker-color": "#666666"
   }
  },
  {
   "type": "Feature",
   "geometry": {
    "type": "Point",
    "coordinates": [
     -4.71971,
     37.07017
    ]
   },
   "properties": {
    "id": "EST-ANTEQUERASANTAANA",
    "name": "Antequera-Santa Ana",
    "province": "Málaga",
    "marker-symbol": "rail",
    "marker-size": "small",
    "marker-color": "#666666"
   }
  },
  {
   "type": "Feature",
   "geometry": {
    "type": "Point",
    "coordinates": [
     0.7816,
     41.63175
    ]
   },
   "properties": {
    "id": "EST-BELLLLOCDURGELL",
    "name": "Bell-lloc d'Urgell",
    "province": "Lleida",
    "marker-symbol": "rail",
    "marker-size": "small",
    "marker-color": "#666666"
   }
  },
  {
   "type": "Feature",
   "geometry": {
    "type": "Point",
    "coordinates": [
     -0.49469,
     41.29098
    ]
   },
   "properties": {
    "id": "EST-AZAILA",
    "name": "Azaila",
    "province": "Teruel",
    "marker-symbol": "rail",
    "marker-size": "small",
    "marker-color": "#666666"
   }
  },
  {
   "type": "Feature",
   "geometry": {
    "type": "Point",
    "coordinates": [
     -5.50899,
     43.36119
    ]
   },
   "properties": {
    "id": "EST-NAVA",
    "name": "Nava",
    "province": "Asturias",
    "marker-symbol": "rail",
    "marker-size": "small",
    "marker-color": "#666666"
   }
  },
  {
   "type": "Feature",
   "geometry": {
    "type": "Point",
    "coordinates": [
     -3.78399,
     40.39709
    ]
   },
   "properties": {
    "id": "EST-CIUDADDELAIMAGEN",
    "name": "Ciudad de la Imagen",
    "province": "Madrid",
    "marker-symbol": "rail",
    "marker-size": "small",
    "marker-color": "#666666"
   }
  },
  {
   "type": "Feature",
   "geometry": {
    "type": "Point",
    "coordinates": [
     -6.14317,
     36.41439
    ]
   },
   "properties": {
    "id": "EST-REYESCATOLICOSCADIZ",
    "name": "Reyes Católicos",
    "province": "Cádiz",
    "marker-symbol": "rail",
    "marker-size": "small",
    "marker-color": "#666666"
   }
  },
  {
   "type": "Feature",
   "geometry": {
    "type": "Point",
    "coordinates": [
     -3.31908,
     42.54273
    ]
   },
   "properties": {
    "id": "EST-BRIVIESCA",
    "name": "Briviesca",
    "province": "Burgos",
    "marker-symbol": "rail",
    "marker-size": "small",
    "marker-color": "#666666"
   }
  },
  {
   "type": "Feature",
   "geometry": {
    "type": "Point",
    "coordinates": [
     -1.42087,
     41.91536
    ]
   },
   "properties": {
    "id": "EST-CORTESDENAVARRA",
    "name": "Cortes de Navarra",
    "province": "Navarra",
    "marker-symbol": "rail",
    "marker-size": "small",
    "marker-color": "#666666"
   }
  },
  {
   "type": "Feature",
   "geometry": {
    "type": "Point",
    "coordinates": [
     -1.67121,
     42.52575
    ]
   },
   "properties": {
    "id": "EST-TAFALLA",
    "name": "Tafalla",
    "province": "Navarra",
    "marker-symbol": "rail",
    "marker-size": "small",
    "marker-color": "#666666"
   }
  },
  {
   "type": "Feature",
   "geometry": {
    "type": "Point",
    "coordinates": [
     0.651,
     41.6237
    ]
   },
   "properties": {
    "id": "EST-LERIDAPIRINEOS",
    "name": "Lérida-Pirineos",
    "province": "Lleida",
    "marker-symbol": "rail",
    "marker-size": "small",
    "marker-color": "#666666"
   }
  },
  {
   "type": "Feature",
   "geometry": {
    "type": "Point",
    "coordinates": [
     -3.77677,
     40.3367
    ]
   },
   "properties": {
    "id": "EST-SANNICASIO",
    "name": "San Nicasio",
    "province": "Madrid",
    "marker-symbol": "rail",
    "marker-size": "small",
    "marker-color": "#666666"
   }
  },
  {
   "type": "Feature",
   "geometry": {
    "type": "Point",
    "coordinates": [
     -5.89687,
     43.35968
    ]
   },
   "properties": {
    "id": "EST-LASMAZAS",
    "name": "Las Mazas",
    "province": "Asturias",
    "marker-symbol": "rail",
    "marker-size": "small",
    "marker-color": "#666666"
   }
  },
  {
   "type": "Feature",
   "geometry": {
    "type": "Point",
    "coordinates": [
     -2.01562,
     43.22214
    ]
   },
   "properties": {
    "id": "EST-ANDOAINERDIA",
    "name": "Andoain-Erdia",
    "province": "Gipuzkoa",
    "marker-symbol": "rail",
    "marker-size": "small",
    "marker-color": "#666666"
   }
  },
  {
   "type": "Feature",
   "geometry": {
    "type": "Point",
    "coordinates": [
     -3.66232,
     40.51516
    ]
   },
   "properties": {
    "id": "EST-RONDADELACOMUNICACION",
    "name": "Ronda de la Comunicación",
    "province": "Madrid",
    "marker-symbol": "rail",
    "marker-size": "small",
    "marker-color": "#666666"
   }
  },
  {
   "type": "Feature",
   "geometry": {
    "type": "Point",
    "coordinates": [
     -3.23305,
     39.16888
    ]
   },
   "properties": {
    "id": "EST-CINCOCASAS",
    "name": "Cinco Casas",
    "province": "Ciudad Real",
    "marker-symbol": "rail",
    "marker-size": "small",
    "marker-color": "#666666"
   }
  },
  {
   "type": "Feature",
   "geometry": {
    "type": "Point",
    "coordinates": [
     2.01035,
     41.30305
    ]
   },
   "properties": {
    "id": "EST-GAVA",
    "name": "Gavà",
    "province": "Barcelona",
    "marker-symbol": "rail",
    "marker-size": "small",
    "marker-color": "#666666"
   }
  },
  {
   "type": "Feature",
   "geometry": {
    "type": "Point",
    "coordinates": [
     -5.59039,
     43.27088
    ]
   },
   "properties": {
    "id": "EST-BLIMEA",
    "name": "Blimea",
    "province": "Asturias",
    "marker-symbol": "rail",
    "marker-size": "small",
    "marker-color": "#666666"
   }
  },
  {
   "type": "Feature",
   "geometry": {
    "type": "Point",
    "coordinates": [
     0.29141,
     41.84974
    ]
   },
   "properties": {
    "id": "EST-BINEFAR",
    "name": "Binéfar",
    "province": "Huesca",
    "marker-symbol": "rail",
    "marker-size": "small",
    "marker-color": "#666666"
   }
  },
  {
   "type": "Feature",
   "geometry": {
    "type": "Point",
    "coordinates": [
     1.09994,
     41.1606
    ]
   },
   "properties": {
    "id": "EST-REUS",
    "name": "Reus",
    "province": "Tarragona",
    "marker-symbol": "rail",
    "marker-size": "small",
    "marker-color": "#666666"
   }
  },
  {
   "type": "Feature",
   "geometry": {
    "type": "Point",
    "coordinates": [
     -3.63774,
     40.43793
    ]
   },
   "properties": {
    "id": "EST-CIUDADLINEAL",
    "name": "Ciudad Lineal",
    "province": "Madrid",
    "marker-symbol": "rail",
    "marker-size": "small",
    "marker-color": "#666666"
   }
  },
  {
   "type": "Feature",
   "geometry": {
    "type": "Point",
    "coordinates": [
     -0.47437,
     39.49219
    ]
   },
   "properties": {
    "id": "EST-AEROPORTVALENCIA",
    "name": "Aeroport",
    "province": "Valencia",
    "marker-symbol": "rail",
    "marker-size": "small",
    "marker-color": "#666666"
   }
  },
  {
   "type": "Feature",
   "geometry": {
    "type": "Point",
    "coordinates": [
     -0.16242,
     38.99022
    ]
   },
   "properties": {
    "id": "EST-PLATJAIGRAUDEGANDIA",
    "name": "Platja i Grau de Gandia",
    "province": "Valencia",
    "marker-symbol": "rail",
    "marker-size": "small",
    "marker-color": "#666666"
   }
  },
  {
   "type": "Feature",
   "geometry": {
    "type": "Point",
    "coordinates": [
     -5.45018,
     36.12664
    ]
   },
   "properties": {
    "id": "EST-ALGECIRAS",
    "name": "Algeciras",
    "province": "Cádiz",
    "marker-symbol": "rail",
    "marker-size": "small",
    "marker-color": "#666666"
   }
  },
  {
   "type": "Feature",
   "geometry": {
    "type": "Point",
    "coordinates": [
     2.1184,
     41.37587
    ]
   },
   "properties": {
    "id": "EST-COLLBLANC",
    "name": "Collblanc",
    "province": "Barcelona",
    "marker-symbol": "rail",
    "marker-size": "small",
    "marker-color": "#666666"
   }
  },
  {
   "type": "Feature",
   "geometry": {
    "type": "Point",
    "coordinates": [
     -3.60978,
     37.17659
    ]
   },
   "properties": {
    "id": "EST-MENDEZNUNEZ",
    "name": "Méndez Núñez",
    "province": "Granada",
    "marker-symbol": "rail",
    "marker-size": "small",
    "marker-color": "#666666"
   }
  },
  {
   "type": "Feature",
   "geometry": {
    "type": "Point",
    "coordinates": [
     -0.09296,
     38.56765
    ]
   },
   "properties": {
    "id": "EST-LALFASDELPI",
    "name": "L'Alfàs del Pi",
    "province": "Alicante",
    "marker-symbol": "rail",
    "marker-size": "small",
    "marker-color": "#666666"
   }
  },
  {
   "type": "Feature",
   "geometry": {
    "type": "Point",
    "coordinates": [
     2.07056,
     41.35752
    ]
   },
   "properties": {
    "id": "EST-CORNELLA",
    "name": "Cornellà",
    "province": "Barcelona",
    "marker-symbol": "rail",
    "marker-size": "small",
    "marker-color": "#666666"
   }
  },
  {
   "type": "Feature",
   "geometry": {
    "type": "Point",
    "coordinates": [
     -3.70458,
     40.41236
    ]
   },
   "properties": {
    "id": "EST-TIRSODEMOLINA",
    "name": "Tirso de Molina",
    "province": "Madrid",
    "marker-symbol": "rail",
    "marker-size": "small",
    "marker-color": "#666666"
   }
  },
  {
   "type": "Feature",
   "geometry": {
    "type": "Point",
    "coordinates": [
     1.04528,
     41.08111
    ]
   },
   "properties": {
    "id": "EST-CAMBRILS",
    "name": "Cambrils",
    "province": "Tarragona",
    "marker-symbol": "rail",
    "marker-size": "small",
    "marker-color": "#666666"
   }
  },
  {
   "type": "Feature",
   "geometry": {
    "type": "Point",
    "coordinates": [
     -5.38997,
     42.85959
    ]
   },
   "properties": {
    "id": "EST-OTERO",
    "name": "Otero",
    "province": "León",
    "marker-symbol": "rail",
    "marker-size": "small",
    "marker-color": "#666666"
   }
  },
  {
   "type": "Feature",
   "geometry": {
    "type": "Point",
    "coordinates": [
     -6.00751,
     37.41728
    ]
   },
   "properties": {
    "id": "EST-ESTADIOOLIMPICO",
    "name": "Estadio Olímpico",
    "province": "Sevilla",
    "marker-symbol": "rail",
    "marker-size": "small",
    "marker-color": "#666666"
   }
  },
  {
   "type": "Feature",
   "geometry": {
    "type": "Point",
    "coordinates": [
     -5.48701,
     42.84966
    ]
   },
   "properties": {
    "id": "EST-LAVALCUEVA",
    "name": "La Valcueva",
    "province": "León",
    "marker-symbol": "rail",
    "marker-size": "small",
    "marker-color": "#666666"
   }
  },
  {
   "type": "Feature",
   "geometry": {
    "type": "Point",
    "coordinates": [
     -5.36916,
     43.35191
    ]
   },
   "properties": {
    "id": "EST-INFIESTO",
    "name": "Infiesto",
    "province": "Asturias",
    "marker-symbol": "rail",
    "marker-size": "small",
    "marker-color": "#666666"
   }
  },
  {
   "type": "Feature",
   "geometry": {
    "type": "Point",
    "coordinates": [
     -0.47263,
     39.43168
    ]
   },
   "properties": {
    "id": "EST-TORRENTAVINGUDA",
    "name": "Torrent Avinguda",
    "province": "Valencia",
    "marker-symbol": "rail",
    "marker-size": "small",
    "marker-color": "#666666"
   }
  },
  {
   "type": "Feature",
   "geometry": {
    "type": "Point",
    "coordinates": [
     -3.61258,
     40.36924
    ]
   },
   "properties": {
    "id": "EST-LAGAVIA",
    "name": "La Gavia",
    "province": "Madrid",
    "marker-symbol": "rail",
    "marker-size": "small",
    "marker-color": "#666666"
   }
  },
  {
   "type": "Feature",
   "geometry": {
    "type": "Point",
    "coordinates": [
     -3.67472,
     40.43447
    ]
   },
   "properties": {
    "id": "EST-DIEGODELEON",
    "name": "Diego de León",
    "province": "Madrid",
    "marker-symbol": "rail",
    "marker-size": "small",
    "marker-color": "#666666"
   }
  },
  {
   "type": "Feature",
   "geometry": {
    "type": "Point",
    "coordinates": [
     -2.96247,
     43.28078
    ]
   },
   "properties": {
    "id": "EST-SANIGNAZIO",
    "name": "San Ignazio",
    "province": "Bizkaia",
    "marker-symbol": "rail",
    "marker-size": "small",
    "marker-color": "#666666"
   }
  },
  {
   "type": "Feature",
   "geometry": {
    "type": "Point",
    "coordinates": [
     -2.89774,
     43.24387
    ]
   },
   "properties": {
    "id": "EST-ETXEBARRI",
    "name": "Etxebarri",
    "province": "Bizkaia",
    "marker-symbol": "rail",
    "marker-size": "small",
    "marker-color": "#666666"
   }
  },
  {
   "type": "Feature",
   "geometry": {
    "type": "Point",
    "coordinates": [
     -2.27769,
     41.21565
    ]
   },
   "properties": {
    "id": "EST-ARCOSDEJALON",
    "name": "Arcos de Jalón",
    "province": "Soria",
    "marker-symbol": "rail",
    "marker-size": "small",
    "marker-color": "#666666"
   }
  },
  {
   "type": "Feature",
   "geometry": {
    "type": "Point",
    "coordinates": [
     -0.05218,
     38.5959
    ]
   },
   "properties": {
    "id": "EST-ALTEA",
    "name": "Altea",
    "province": "Alicante",
    "marker-symbol": "rail",
    "marker-size": "small",
    "marker-color": "#666666"
   }
  },
  {
   "type": "Feature",
   "geometry": {
    "type": "Point",
    "coordinates": [
     -6.93068,
     37.73345
    ]
   },
   "properties": {
    "id": "EST-ELCERRODEANDEVALO",
    "name": "El Cerro de Andévalo",
    "province": "Huelva",
    "marker-symbol": "rail",
    "marker-size": "small",
    "marker-color": "#666666"
   }
  },
  {
   "type": "Feature",
   "geometry": {
    "type": "Point",
    "coordinates": [
     -8.6354,
     42.42168
    ]
   },
   "properties": {
    "id": "EST-PONTEVEDRA",
    "name": "Pontevedra",
    "province": "Pontevedra",
    "marker-symbol": "rail",
    "marker-size": "small",
    "marker-color": "#666666"
   }
  },
  {
   "type": "Feature",
   "geometry": {
    "type": "Point",
    "coordinates": [
     2.10248,
     41.35891
    ]
   },
   "properties": {
    "id": "EST-LHOSPITALETAVCARRILET",
    "name": "L'Hospitalet Av. Carrilet",
    "province": "Barcelona",
    "marker-symbol": "rail",
    "marker-size": "small",
    "marker-color": "#666666"
   }
  },
  {
   "type": "Feature",
   "geometry": {
    "type": "Point",
    "coordinates": [
     -2.73499,
     43.22177
    ]
   },
   "properties": {
    "id": "EST-AMOREBIETAGERALEKUA",
    "name": "Amorebieta Geralekua",
    "province": "Bizkaia",
    "marker-symbol": "rail",
    "marker-size": "small",
    "marker-color": "#666666"
   }
  },
  {
   "type": "Feature",
   "geometry": {
    "type": "Point",
    "coordinates": [
     -2.95322,
     43.25965
    ]
   },
   "properties": {
    "id": "EST-BASURTOOSPITALEA",
    "name": "Basurto-Ospitalea",
    "province": "Bizkaia",
    "marker-symbol": "rail",
    "marker-size": "small",
    "marker-color": "#666666"
   }
  },
  {
   "type": "Feature",
   "geometry": {
    "type": "Point",
    "coordinates": [
     2.17871,
     41.384
    ]
   },
   "properties": {
    "id": "EST-JAUMEI",
    "name": "Jaume I",
    "province": "Barcelona",
    "marker-symbol": "rail",
    "marker-size": "small",
    "marker-color": "#666666"
   }
  },
  {
   "type": "Feature",
   "geometry": {
    "type": "Point",
    "coordinates": [
     -3.80785,
     40.46533
    ]
   },
   "properties": {
    "id": "EST-ELBARRIAL",
    "name": "El Barrial",
    "province": "Madrid",
    "marker-symbol": "rail",
    "marker-size": "small",
    "marker-color": "#666666"
   }
  },
  {
   "type": "Feature",
   "geometry": {
    "type": "Point",
    "coordinates": [
     -16.27106,
     28.46742
    ]
   },
   "properties": {
    "id": "EST-CRUZDELSENOR",
    "name": "Cruz del Señor",
    "province": "Santa Cruz de Tenerife",
    "marker-symbol": "rail",
    "marker-size": "small",
    "marker-color": "#666666"
   }
  },
  {
   "type": "Feature",
   "geometry": {
    "type": "Point",
    "coordinates": [
     2.14496,
     41.38398
    ]
   },
   "properties": {
    "id": "EST-ENTENCA",
    "name": "Entença",
    "province": "Barcelona",
    "marker-symbol": "rail",
    "marker-size": "small",
    "marker-color": "#666666"
   }
  },
  {
   "type": "Feature",
   "geometry": {
    "type": "Point",
    "coordinates": [
     2.17331,
     41.38809
    ]
   },
   "properties": {
    "id": "EST-URQUINAONA",
    "name": "Urquinaona",
    "province": "Barcelona",
    "marker-symbol": "rail",
    "marker-size": "small",
    "marker-color": "#666666"
   }
  },
  {
   "type": "Feature",
   "geometry": {
    "type": "Point",
    "coordinates": [
     -4.4944,
     42.83933
    ]
   },
   "properties": {
    "id": "EST-VADOCERVERA",
    "name": "Vado-Cervera",
    "province": "Palencia",
    "marker-symbol": "rail",
    "marker-size": "small",
    "marker-color": "#666666"
   }
  },
  {
   "type": "Feature",
   "geometry": {
    "type": "Point",
    "coordinates": [
     -3.08246,
     43.20599
    ]
   },
   "properties": {
    "id": "EST-LAMBARRI",
    "name": "Lámbarri",
    "province": "Bizkaia",
    "marker-symbol": "rail",
    "marker-size": "small",
    "marker-color": "#666666"
   }
  },
  {
   "type": "Feature",
   "geometry": {
    "type": "Point",
    "coordinates": [
     -3.6629,
     40.43931
    ]
   },
   "properties": {
    "id": "EST-PARQUEDELASAVENIDAS",
    "name": "Parque de las Avenidas",
    "province": "Madrid",
    "marker-symbol": "rail",
    "marker-size": "small",
    "marker-color": "#666666"
   }
  },
  {
   "type": "Feature",
   "geometry": {
    "type": "Point",
    "coordinates": [
     2.17008,
     41.38655
    ]
   },
   "properties": {
    "id": "EST-CATALUNYA",
    "name": "Catalunya",
    "province": "Barcelona",
    "marker-symbol": "rail",
    "marker-size": "small",
    "marker-color": "#666666"
   }
  },
  {
   "type": "Feature",
   "geometry": {
    "type": "Point",
    "coordinates": [
     -4.68605,
     42.81855
    ]
   },
   "properties": {
    "id": "EST-TARILONTE",
    "name": "Tarilonte",
    "province": "Palencia",
    "marker-symbol": "rail",
    "marker-size": "small",
    "marker-color": "#666666"
   }
  },
  {
   "type": "Feature",
   "geometry": {
    "type": "Point",
    "coordinates": [
     -8.58471,
     41.14919
    ]
   },
   "properties": {
    "id": "EST-PORTOCAMPANHA",
    "name": "Porto-Campanhã",
    "province": "Portugal",
    "marker-symbol": "rail",
    "marker-size": "small",
    "marker-color": "#666666"
   }
  },
  {
   "type": "Feature",
   "geometry": {
    "type": "Point",
    "coordinates": [
     -6.04706,
     42.4594
    ]
   },
   "properties": {
    "id": "EST-ASTORGA",
    "name": "Astorga",
    "province": "León",
    "marker-symbol": "rail",
    "marker-size": "small",
    "marker-color": "#666666"
   }
  },
  {
   "type": "Feature",
   "geometry": {
    "type": "Point",
    "coordinates": [
     -3.49051,
     43.41708
    ]
   },
   "properties": {
    "id": "EST-CICERO",
    "name": "Cicero",
    "province": "Cantabria",
    "marker-symbol": "rail",
    "marker-size": "small",
    "marker-color": "#666666"
   }
  },
  {
   "type": "Feature",
   "geometry": {
    "type": "Point",
    "coordinates": [
     -4.82223,
     37.35892
    ]
   },
   "properties": {
    "id": "EST-PUENTEGENILHERRERA",
    "name": "Puente Genil-Herrera",
    "province": "Córdoba",
    "marker-symbol": "rail",
    "marker-size": "small",
    "marker-color": "#666666"
   }
  },
  {
   "type": "Feature",
   "geometry": {
    "type": "Point",
    "coordinates": [
     -0.30966,
     39.58854
    ]
   },
   "properties": {
    "id": "EST-PUIGVALENCIA",
    "name": "Puig-València",
    "province": "Valencia",
    "marker-symbol": "rail",
    "marker-size": "small",
    "marker-color": "#666666"
   }
  },
  {
   "type": "Feature",
   "geometry": {
    "type": "Point",
    "coordinates": [
     -0.3969,
     38.42152
    ]
   },
   "properties": {
    "id": "EST-PLABARRAQUES",
    "name": "Pla Barraques",
    "province": "Alicante",
    "marker-symbol": "rail",
    "marker-size": "small",
    "marker-color": "#666666"
   }
  },
  {
   "type": "Feature",
   "geometry": {
    "type": "Point",
    "coordinates": [
     -3.07316,
     40.90971
    ]
   },
   "properties": {
    "id": "EST-ESPINOSADEHENARES",
    "name": "Espinosa de Henares",
    "province": "Guadalajara",
    "marker-symbol": "rail",
    "marker-size": "small",
    "marker-color": "#666666"
   }
  },
  {
   "type": "Feature",
   "geometry": {
    "type": "Point",
    "coordinates": [
     -3.84226,
     40.12085
    ]
   },
   "properties": {
    "id": "EST-ILLESCAS",
    "name": "Illescas",
    "province": "Toledo",
    "marker-symbol": "rail",
    "marker-size": "small",
    "marker-color": "#666666"
   }
  },
  {
   "type": "Feature",
   "geometry": {
    "type": "Point",
    "coordinates": [
     0.24239,
     41.21373
    ]
   },
   "properties": {
    "id": "EST-NONASPE",
    "name": "Nonaspe",
    "province": "Zaragoza",
    "marker-symbol": "rail",
    "marker-size": "small",
    "marker-color": "#666666"
   }
  },
  {
   "type": "Feature",
   "geometry": {
    "type": "Point",
    "coordinates": [
     0.89688,
     41.63195
    ]
   },
   "properties": {
    "id": "EST-MOLLERUSSA",
    "name": "Mollerussa",
    "province": "Lleida",
    "marker-symbol": "rail",
    "marker-size": "small",
    "marker-color": "#666666"
   }
  },
  {
   "type": "Feature",
   "geometry": {
    "type": "Point",
    "coordinates": [
     -2.48026,
     43.18456
    ]
   },
   "properties": {
    "id": "EST-AMANAEIBAR",
    "name": "Amaña-Eibar",
    "province": "Gipuzkoa",
    "marker-symbol": "rail",
    "marker-size": "small",
    "marker-color": "#666666"
   }
  },
  {
   "type": "Feature",
   "geometry": {
    "type": "Point",
    "coordinates": [
     1.6761,
     41.20421
    ]
   },
   "properties": {
    "id": "EST-CUBELLES",
    "name": "Cubelles",
    "province": "Barcelona",
    "marker-symbol": "rail",
    "marker-size": "small",
    "marker-color": "#666666"
   }
  },
  {
   "type": "Feature",
   "geometry": {
    "type": "Point",
    "coordinates": [
     2.13301,
     41.36324
    ]
   },
   "properties": {
    "id": "EST-CIUTATDELAJUSTICIA",
    "name": "Ciutat de la Justícia",
    "province": "Barcelona",
    "marker-symbol": "rail",
    "marker-size": "small",
    "marker-color": "#666666"
   }
  },
  {
   "type": "Feature",
   "geometry": {
    "type": "Point",
    "coordinates": [
     -2.00743,
     43.27876
    ]
   },
   "properties": {
    "id": "EST-ERREKALDEDONOSTIA",
    "name": "Errekalde-Donostia",
    "province": "Gipuzkoa",
    "marker-symbol": "rail",
    "marker-size": "small",
    "marker-color": "#666666"
   }
  },
  {
   "type": "Feature",
   "geometry": {
    "type": "Point",
    "coordinates": [
     -4.03519,
     40.69257
    ]
   },
   "properties": {
    "id": "EST-COLLADOMEDIANO",
    "name": "Collado Mediano",
    "province": "Madrid",
    "marker-symbol": "rail",
    "marker-size": "small",
    "marker-color": "#666666"
   }
  },
  {
   "type": "Feature",
   "geometry": {
    "type": "Point",
    "coordinates": [
     -4.96805,
     40.87
    ]
   },
   "properties": {
    "id": "EST-CRESPOS",
    "name": "Crespos",
    "province": "Ávila",
    "marker-symbol": "rail",
    "marker-size": "small",
    "marker-color": "#666666"
   }
  },
  {
   "type": "Feature",
   "geometry": {
    "type": "Point",
    "coordinates": [
     -2.92546,
     43.26903
    ]
   },
   "properties": {
    "id": "EST-MATIKO",
    "name": "Matiko",
    "province": "Bizkaia",
    "marker-symbol": "rail",
    "marker-size": "small",
    "marker-color": "#666666"
   }
  },
  {
   "type": "Feature",
   "geometry": {
    "type": "Point",
    "coordinates": [
     -4.64656,
     39.96077
    ]
   },
   "properties": {
    "id": "EST-MONTEARAGON",
    "name": "Montearagón",
    "province": "Toledo",
    "marker-symbol": "rail",
    "marker-size": "small",
    "marker-color": "#666666"
   }
  },
  {
   "type": "Feature",
   "geometry": {
    "type": "Point",
    "coordinates": [
     -3.7133,
     40.42676
    ]
   },
   "properties": {
    "id": "EST-VENTURARODRIGUEZ",
    "name": "Ventura Rodríguez",
    "province": "Madrid",
    "marker-symbol": "rail",
    "marker-size": "small",
    "marker-color": "#666666"
   }
  },
  {
   "type": "Feature",
   "geometry": {
    "type": "Point",
    "coordinates": [
     -6.47005,
     38.26474
    ]
   },
   "properties": {
    "id": "EST-VALENCIADELVENTOSO",
    "name": "Valencia del Ventoso",
    "province": "Badajoz",
    "marker-symbol": "rail",
    "marker-size": "small",
    "marker-color": "#666666"
   }
  },
  {
   "type": "Feature",
   "geometry": {
    "type": "Point",
    "coordinates": [
     -5.05291,
     40.86667
    ]
   },
   "properties": {
    "id": "EST-NARROSDELCASTILLO",
    "name": "Narros del Castillo",
    "province": "Ávila",
    "marker-symbol": "rail",
    "marker-size": "small",
    "marker-color": "#666666"
   }
  },
  {
   "type": "Feature",
   "geometry": {
    "type": "Point",
    "coordinates": [
     -2.68121,
     42.87379
    ]
   },
   "properties": {
    "id": "EST-KANABENTA",
    "name": "Kañabenta",
    "province": "Álava",
    "marker-symbol": "rail",
    "marker-size": "small",
    "marker-color": "#666666"
   }
  },
  {
   "type": "Feature",
   "geometry": {
    "type": "Point",
    "coordinates": [
     2.11169,
     41.38424
    ]
   },
   "properties": {
    "id": "EST-ZONAUNIVERSITARIA",
    "name": "Zona Universitària",
    "province": "Barcelona",
    "marker-symbol": "rail",
    "marker-size": "small",
    "marker-color": "#666666"
   }
  },
  {
   "type": "Feature",
   "geometry": {
    "type": "Point",
    "coordinates": [
     -3.70916,
     40.49962
    ]
   },
   "properties": {
    "id": "EST-PACODELUCIA",
    "name": "Paco de Lucía",
    "province": "Madrid",
    "marker-symbol": "rail",
    "marker-size": "small",
    "marker-color": "#666666"
   }
  },
  {
   "type": "Feature",
   "geometry": {
    "type": "Point",
    "coordinates": [
     -3.47973,
     40.45473
    ]
   },
   "properties": {
    "id": "EST-TORREJONDEARDOZ",
    "name": "Torrejón de Ardoz",
    "province": "Madrid",
    "marker-symbol": "rail",
    "marker-size": "small",
    "marker-color": "#666666"
   }
  },
  {
   "type": "Feature",
   "geometry": {
    "type": "Point",
    "coordinates": [
     -7.11698,
     39.38155
    ]
   },
   "properties": {
    "id": "EST-SANVICENTEDEALCANTARA",
    "name": "San Vicente de Alcántara",
    "province": "Cáceres",
    "marker-symbol": "rail",
    "marker-size": "small",
    "marker-color": "#666666"
   }
  },
  {
   "type": "Feature",
   "geometry": {
    "type": "Point",
    "coordinates": [
     -3.70576,
     40.42977
    ]
   },
   "properties": {
    "id": "EST-SANBERNARDO",
    "name": "San Bernardo",
    "province": "Madrid",
    "marker-symbol": "rail",
    "marker-size": "small",
    "marker-color": "#666666"
   }
  },
  {
   "type": "Feature",
   "geometry": {
    "type": "Point",
    "coordinates": [
     -0.73147,
     42.34424
    ]
   },
   "properties": {
    "id": "EST-RIGLOS",
    "name": "Riglos",
    "province": "Huesca",
    "marker-symbol": "rail",
    "marker-size": "small",
    "marker-color": "#666666"
   }
  },
  {
   "type": "Feature",
   "geometry": {
    "type": "Point",
    "coordinates": [
     -3.00738,
     43.33303
    ]
   },
   "properties": {
    "id": "EST-GOBELA",
    "name": "Gobela",
    "province": "Bizkaia",
    "marker-symbol": "rail",
    "marker-size": "small",
    "marker-color": "#666666"
   }
  },
  {
   "type": "Feature",
   "geometry": {
    "type": "Point",
    "coordinates": [
     -2.92744,
     43.26136
    ]
   },
   "properties": {
    "id": "EST-ABANDOIBARRA",
    "name": "Abandoibarra",
    "province": "Bizkaia",
    "marker-symbol": "rail",
    "marker-size": "small",
    "marker-color": "#666666"
   }
  },
  {
   "type": "Feature",
   "geometry": {
    "type": "Point",
    "coordinates": [
     -5.69475,
     43.52856
    ]
   },
   "properties": {
    "id": "EST-TREMANES",
    "name": "Tremañes",
    "province": "Asturias",
    "marker-symbol": "rail",
    "marker-size": "small",
    "marker-color": "#666666"
   }
  },
  {
   "type": "Feature",
   "geometry": {
    "type": "Point",
    "coordinates": [
     -0.64308,
     42.4032
    ]
   },
   "properties": {
    "id": "EST-ANZANIGO",
    "name": "Anzánigo",
    "province": "Huesca",
    "marker-symbol": "rail",
    "marker-size": "small",
    "marker-color": "#666666"
   }
  },
  {
   "type": "Feature",
   "geometry": {
    "type": "Point",
    "coordinates": [
     0.96616,
     42.24
    ]
   },
   "properties": {
    "id": "EST-LAPOBLADESEGUR",
    "name": "La Pobla de Segur",
    "province": "Lleida",
    "marker-symbol": "rail",
    "marker-size": "small",
    "marker-color": "#666666"
   }
  },
  {
   "type": "Feature",
   "geometry": {
    "type": "Point",
    "coordinates": [
     -4.08772,
     43.35877
    ]
   },
   "properties": {
    "id": "EST-PUENTESANMIGUEL",
    "name": "Puente San Miguel",
    "province": "Cantabria",
    "marker-symbol": "rail",
    "marker-size": "small",
    "marker-color": "#666666"
   }
  },
  {
   "type": "Feature",
   "geometry": {
    "type": "Point",
    "coordinates": [
     -5.96504,
     43.35647
    ]
   },
   "properties": {
    "id": "EST-SOTOUDRION",
    "name": "Soto-Udrión",
    "province": "Asturias",
    "marker-symbol": "rail",
    "marker-size": "small",
    "marker-color": "#666666"
   }
  },
  {
   "type": "Feature",
   "geometry": {
    "type": "Point",
    "coordinates": [
     -3.69412,
     40.39933
    ]
   },
   "properties": {
    "id": "EST-DELICIAS",
    "name": "Delicias",
    "province": "Madrid",
    "marker-symbol": "rail",
    "marker-size": "small",
    "marker-color": "#666666"
   }
  },
  {
   "type": "Feature",
   "geometry": {
    "type": "Point",
    "coordinates": [
     -3.57176,
     40.46791
    ]
   },
   "properties": {
    "id": "EST-AEROPUERTOT1T2T3",
    "name": "Aeropuerto T1-T2-T3",
    "province": "Madrid",
    "marker-symbol": "rail",
    "marker-size": "small",
    "marker-color": "#666666"
   }
  },
  {
   "type": "Feature",
   "geometry": {
    "type": "Point",
    "coordinates": [
     1.83336,
     41.58876
    ]
   },
   "properties": {
    "id": "EST-HOSPITALSANTJOANDESPITV3",
    "name": "Hospital Sant Joan de Déu | TV3",
    "province": "Barcelona",
    "marker-symbol": "rail",
    "marker-size": "small",
    "marker-color": "#666666"
   }
  },
  {
   "type": "Feature",
   "geometry": {
    "type": "Point",
    "coordinates": [
     -1.69632,
     37.67193
    ]
   },
   "properties": {
    "id": "EST-LORCASUTULLENA",
    "name": "Lorca Sutullena",
    "province": "Murcia",
    "marker-symbol": "rail",
    "marker-size": "small",
    "marker-color": "#666666"
   }
  },
  {
   "type": "Feature",
   "geometry": {
    "type": "Point",
    "coordinates": [
     -2.52534,
     41.48919
    ]
   },
   "properties": {
    "id": "EST-ALMAZANVILLA",
    "name": "Almazán-Villa",
    "province": "Soria",
    "marker-symbol": "rail",
    "marker-size": "small",
    "marker-color": "#666666"
   }
  },
  {
   "type": "Feature",
   "geometry": {
    "type": "Point",
    "coordinates": [
     -3.61825,
     40.03483
    ]
   },
   "properties": {
    "id": "EST-ARANJUEZ",
    "name": "Aranjuez",
    "province": "Madrid",
    "marker-symbol": "rail",
    "marker-size": "small",
    "marker-color": "#666666"
   }
  },
  {
   "type": "Feature",
   "geometry": {
    "type": "Point",
    "coordinates": [
     -4.83566,
     41.36766
    ]
   },
   "properties": {
    "id": "EST-POZALDEZ",
    "name": "Pozaldez",
    "province": "Valladolid",
    "marker-symbol": "rail",
    "marker-size": "small",
    "marker-color": "#666666"
   }
  },
  {
   "type": "Feature",
   "geometry": {
    "type": "Point",
    "coordinates": [
     -6.77299,
     37.92738
    ]
   },
   "properties": {
    "id": "EST-JABUGOGALAROZA",
    "name": "Jabugo-Galaroza",
    "province": "Huelva",
    "marker-symbol": "rail",
    "marker-size": "small",
    "marker-color": "#666666"
   }
  },
  {
   "type": "Feature",
   "geometry": {
    "type": "Point",
    "coordinates": [
     -6.27205,
     36.50292
    ]
   },
   "properties": {
    "id": "EST-ESTADIO",
    "name": "Estadio",
    "province": "Cádiz",
    "marker-symbol": "rail",
    "marker-size": "small",
    "marker-color": "#666666"
   }
  },
  {
   "type": "Feature",
   "geometry": {
    "type": "Point",
    "coordinates": [
     -6.94763,
     37.46184
    ]
   },
   "properties": {
    "id": "EST-BELMONTE",
    "name": "Belmonte",
    "province": "Huelva",
    "marker-symbol": "rail",
    "marker-size": "small",
    "marker-color": "#666666"
   }
  },
  {
   "type": "Feature",
   "geometry": {
    "type": "Point",
    "coordinates": [
     -16.25579,
     28.4673
    ]
   },
   "properties": {
    "id": "EST-WEYLER",
    "name": "Weyler",
    "province": "Santa Cruz de Tenerife",
    "marker-symbol": "rail",
    "marker-size": "small",
    "marker-color": "#666666"
   }
  },
  {
   "type": "Feature",
   "geometry": {
    "type": "Point",
    "coordinates": [
     -3.70596,
     40.40407
    ]
   },
   "properties": {
    "id": "EST-ACACIAS",
    "name": "Acacias",
    "province": "Madrid",
    "marker-symbol": "rail",
    "marker-size": "small",
    "marker-color": "#666666"
   }
  },
  {
   "type": "Feature",
   "geometry": {
    "type": "Point",
    "coordinates": [
     2.11015,
     41.51152
    ]
   },
   "properties": {
    "id": "EST-SANTPAURIUSEC",
    "name": "Sant Pau-Riu Sec",
    "province": "Barcelona",
    "marker-symbol": "rail",
    "marker-size": "small",
    "marker-color": "#666666"
   }
  },
  {
   "type": "Feature",
   "geometry": {
    "type": "Point",
    "coordinates": [
     2.17096,
     41.39502
    ]
   },
   "properties": {
    "id": "EST-GIRONA",
    "name": "Girona",
    "province": "Girona",
    "marker-symbol": "rail",
    "marker-size": "small",
    "marker-color": "#666666"
   }
  },
  {
   "type": "Feature",
   "geometry": {
    "type": "Point",
    "coordinates": [
     -2.91995,
     43.26684
    ]
   },
   "properties": {
    "id": "EST-URIBARRIBILBAO",
    "name": "Uribarri-Bilbao",
    "province": "Bizkaia",
    "marker-symbol": "rail",
    "marker-size": "small",
    "marker-color": "#666666"
   }
  },
  {
   "type": "Feature",
   "geometry": {
    "type": "Point",
    "coordinates": [
     -3.83199,
     40.34994
    ]
   },
   "properties": {
    "id": "EST-ALCORCON",
    "name": "Alcorcón",
    "province": "Madrid",
    "marker-symbol": "rail",
    "marker-size": "small",
    "marker-color": "#666666"
   }
  },
  {
   "type": "Feature",
   "geometry": {
    "type": "Point",
    "coordinates": [
     -0.36931,
     41.93795
    ]
   },
   "properties": {
    "id": "EST-GRANEN",
    "name": "Grañén",
    "province": "Huesca",
    "marker-symbol": "rail",
    "marker-size": "small",
    "marker-color": "#666666"
   }
  },
  {
   "type": "Feature",
   "geometry": {
    "type": "Point",
    "coordinates": [
     -0.36451,
     38.45014
    ]
   },
   "properties": {
    "id": "EST-COVETAFUMA",
    "name": "Coveta Fumà",
    "province": "Alicante",
    "marker-symbol": "rail",
    "marker-size": "small",
    "marker-color": "#666666"
   }
  },
  {
   "type": "Feature",
   "geometry": {
    "type": "Point",
    "coordinates": [
     -5.16196,
     36.74859
    ]
   },
   "properties": {
    "id": "EST-RONDA",
    "name": "Ronda",
    "province": "Málaga",
    "marker-symbol": "rail",
    "marker-size": "small",
    "marker-color": "#666666"
   }
  },
  {
   "type": "Feature",
   "geometry": {
    "type": "Point",
    "coordinates": [
     -4.19355,
     43.32301
    ]
   },
   "properties": {
    "id": "EST-VIRGENDELAPENA",
    "name": "Virgen de la Peña",
    "province": "Cantabria",
    "marker-symbol": "rail",
    "marker-size": "small",
    "marker-color": "#666666"
   }
  },
  {
   "type": "Feature",
   "geometry": {
    "type": "Point",
    "coordinates": [
     -2.91995,
     43.26684
    ]
   },
   "properties": {
    "id": "EST-URIBARRI",
    "name": "Uribarri",
    "province": "Bizkaia",
    "marker-symbol": "rail",
    "marker-size": "small",
    "marker-color": "#666666"
   }
  },
  {
   "type": "Feature",
   "geometry": {
    "type": "Point",
    "coordinates": [
     -0.33467,
     39.47007
    ]
   },
   "properties": {
    "id": "EST-VALENCIACABANYAL",
    "name": "València-Cabanyal",
    "province": "Valencia",
    "marker-symbol": "rail",
    "marker-size": "small",
    "marker-color": "#666666"
   }
  },
  {
   "type": "Feature",
   "geometry": {
    "type": "Point",
    "coordinates": [
     -0.34822,
     39.70629
    ]
   },
   "properties": {
    "id": "EST-ESTIVELLAALBALATDELSTARONGERS",
    "name": "Estivella-Albalat dels Tarongers",
    "province": "Valencia",
    "marker-symbol": "rail",
    "marker-size": "small",
    "marker-color": "#666666"
   }
  },
  {
   "type": "Feature",
   "geometry": {
    "type": "Point",
    "coordinates": [
     2.18694,
     41.41604
    ]
   },
   "properties": {
    "id": "EST-NAVAS",
    "name": "Navas",
    "province": "Barcelona",
    "marker-symbol": "rail",
    "marker-size": "small",
    "marker-color": "#666666"
   }
  },
  {
   "type": "Feature",
   "geometry": {
    "type": "Point",
    "coordinates": [
     -6.87629,
     37.65178
    ]
   },
   "properties": {
    "id": "EST-CALANAS",
    "name": "Calañas",
    "province": "Huelva",
    "marker-symbol": "rail",
    "marker-size": "small",
    "marker-color": "#666666"
   }
  },
  {
   "type": "Feature",
   "geometry": {
    "type": "Point",
    "coordinates": [
     -3.82781,
     43.45404
    ]
   },
   "properties": {
    "id": "EST-VALDECILLA",
    "name": "Valdecilla",
    "province": "Cantabria",
    "marker-symbol": "rail",
    "marker-size": "small",
    "marker-color": "#666666"
   }
  },
  {
   "type": "Feature",
   "geometry": {
    "type": "Point",
    "coordinates": [
     2.24422,
     41.44896
    ]
   },
   "properties": {
    "id": "EST-BADALONAPOMPEUFABRA",
    "name": "Badalona Pompeu Fabra",
    "province": "Barcelona",
    "marker-symbol": "rail",
    "marker-size": "small",
    "marker-color": "#666666"
   }
  },
  {
   "type": "Feature",
   "geometry": {
    "type": "Point",
    "coordinates": [
     -1.23436,
     41.68962
    ]
   },
   "properties": {
    "id": "EST-PLASENCIADEJALON",
    "name": "Plasencia de Jalón",
    "province": "Zaragoza",
    "marker-symbol": "rail",
    "marker-size": "small",
    "marker-color": "#666666"
   }
  },
  {
   "type": "Feature",
   "geometry": {
    "type": "Point",
    "coordinates": [
     2.18495,
     41.45124
    ]
   },
   "properties": {
    "id": "EST-CASADELAIGUA",
    "name": "Casa de l'Aigua",
    "province": "Barcelona",
    "marker-symbol": "rail",
    "marker-size": "small",
    "marker-color": "#666666"
   }
  },
  {
   "type": "Feature",
   "geometry": {
    "type": "Point",
    "coordinates": [
     -5.00559,
     42.77981
    ]
   },
   "properties": {
    "id": "EST-CEREZALDELAGUZPENA",
    "name": "Cerezal de la Guzpeña",
    "province": "León",
    "marker-symbol": "rail",
    "marker-size": "small",
    "marker-color": "#666666"
   }
  },
  {
   "type": "Feature",
   "geometry": {
    "type": "Point",
    "coordinates": [
     -0.40262,
     39.45107
    ]
   },
   "properties": {
    "id": "EST-VALENCIASANTISIDRE",
    "name": "València-Sant Isidre",
    "province": "Valencia",
    "marker-symbol": "rail",
    "marker-size": "small",
    "marker-color": "#666666"
   }
  },
  {
   "type": "Feature",
   "geometry": {
    "type": "Point",
    "coordinates": [
     -4.53652,
     36.59908
    ]
   },
   "properties": {
    "id": "EST-BENALMADENAARROYODELAMIEL",
    "name": "Benalmádena-Arroyo de la Miel",
    "province": "Málaga",
    "marker-symbol": "rail",
    "marker-size": "small",
    "marker-color": "#666666"
   }
  },
  {
   "type": "Feature",
   "geometry": {
    "type": "Point",
    "coordinates": [
     0.85864,
     41.13316
    ]
   },
   "properties": {
    "id": "EST-PRADELL",
    "name": "Pradell",
    "province": "Tarragona",
    "marker-symbol": "rail",
    "marker-size": "small",
    "marker-color": "#666666"
   }
  },
  {
   "type": "Feature",
   "geometry": {
    "type": "Point",
    "coordinates": [
     -3.79259,
     40.41574
    ]
   },
   "properties": {
    "id": "EST-SOMOSAGUASSUR",
    "name": "Somosaguas Sur",
    "province": "Madrid",
    "marker-symbol": "rail",
    "marker-size": "small",
    "marker-color": "#666666"
   }
  },
  {
   "type": "Feature",
   "geometry": {
    "type": "Point",
    "coordinates": [
     -2.17106,
     43.28421
    ]
   },
   "properties": {
    "id": "EST-SANPELAIOZARAUTZ",
    "name": "San Pelaio-Zarautz",
    "province": "Gipuzkoa",
    "marker-symbol": "rail",
    "marker-size": "small",
    "marker-color": "#666666"
   }
  },
  {
   "type": "Feature",
   "geometry": {
    "type": "Point",
    "coordinates": [
     -2.8652,
     43.28426
    ]
   },
   "properties": {
    "id": "EST-ZAMUDIO",
    "name": "Zamudio",
    "province": "Bizkaia",
    "marker-symbol": "rail",
    "marker-size": "small",
    "marker-color": "#666666"
   }
  },
  {
   "type": "Feature",
   "geometry": {
    "type": "Point",
    "coordinates": [
     -0.9498,
     38.08126
    ]
   },
   "properties": {
    "id": "EST-ORIHUELAMIGUELHERNANDEZ",
    "name": "Orihuela-Miguel Hernández",
    "province": "Alicante",
    "marker-symbol": "rail",
    "marker-size": "small",
    "marker-color": "#666666"
   }
  },
  {
   "type": "Feature",
   "geometry": {
    "type": "Point",
    "coordinates": [
     -1.89869,
     43.31101
    ]
   },
   "properties": {
    "id": "EST-ERRENTERIA",
    "name": "Errenteria",
    "province": "Gipuzkoa",
    "marker-symbol": "rail",
    "marker-size": "small",
    "marker-color": "#666666"
   }
  },
  {
   "type": "Feature",
   "geometry": {
    "type": "Point",
    "coordinates": [
     -5.93834,
     37.32941
    ]
   },
   "properties": {
    "id": "EST-OLIVARDEQUINTOS",
    "name": "Olivar de Quintos",
    "province": "Sevilla",
    "marker-symbol": "rail",
    "marker-size": "small",
    "marker-color": "#666666"
   }
  },
  {
   "type": "Feature",
   "geometry": {
    "type": "Point",
    "coordinates": [
     -3.84153,
     43.4104
    ]
   },
   "properties": {
    "id": "EST-BOO",
    "name": "Boo",
    "province": "Cantabria",
    "marker-symbol": "rail",
    "marker-size": "small",
    "marker-color": "#666666"
   }
  },
  {
   "type": "Feature",
   "geometry": {
    "type": "Point",
    "coordinates": [
     -6.00476,
     37.37649
    ]
   },
   "properties": {
    "id": "EST-PARQUEDELOSPRINCIPES",
    "name": "Parque de los Príncipes",
    "province": "Sevilla",
    "marker-symbol": "rail",
    "marker-size": "small",
    "marker-color": "#666666"
   }
  },
  {
   "type": "Feature",
   "geometry": {
    "type": "Point",
    "coordinates": [
     -6.00656,
     43.3071
    ]
   },
   "properties": {
    "id": "EST-BARROS",
    "name": "Barros",
    "province": "Asturias",
    "marker-symbol": "rail",
    "marker-size": "small",
    "marker-color": "#666666"
   }
  },
  {
   "type": "Feature",
   "geometry": {
    "type": "Point",
    "coordinates": [
     2.95717,
     42.04749
    ]
   },
   "properties": {
    "id": "EST-FLACA",
    "name": "Flaçà",
    "province": "Girona",
    "marker-symbol": "rail",
    "marker-size": "small",
    "marker-color": "#666666"
   }
  },
  {
   "type": "Feature",
   "geometry": {
    "type": "Point",
    "coordinates": [
     -4.8635,
     37.03203
    ]
   },
   "properties": {
    "id": "EST-CAMPILLOS",
    "name": "Campillos",
    "province": "Málaga",
    "marker-symbol": "rail",
    "marker-size": "small",
    "marker-color": "#666666"
   }
  },
  {
   "type": "Feature",
   "geometry": {
    "type": "Point",
    "coordinates": [
     1.8125,
     41.50296
    ]
   },
   "properties": {
    "id": "EST-MASQUEFA",
    "name": "Masquefa",
    "province": "Barcelona",
    "marker-symbol": "rail",
    "marker-size": "small",
    "marker-color": "#666666"
   }
  },
  {
   "type": "Feature",
   "geometry": {
    "type": "Point",
    "coordinates": [
     2.15215,
     41.39976
    ]
   },
   "properties": {
    "id": "EST-CANFEUGRACIA",
    "name": "Can Feu | Gràcia",
    "province": "Barcelona",
    "marker-symbol": "rail",
    "marker-size": "small",
    "marker-color": "#666666"
   }
  },
  {
   "type": "Feature",
   "geometry": {
    "type": "Point",
    "coordinates": [
     -2.59851,
     39.26072
    ]
   },
   "properties": {
    "id": "EST-VILLARROBLEDO",
    "name": "Villarrobledo",
    "province": "Albacete",
    "marker-symbol": "rail",
    "marker-size": "small",
    "marker-color": "#666666"
   }
  },
  {
   "type": "Feature",
   "geometry": {
    "type": "Point",
    "coordinates": [
     -6.21605,
     36.58471
    ]
   },
   "properties": {
    "id": "EST-VALDELAGRANA",
    "name": "Valdelagrana",
    "province": "Cádiz",
    "marker-symbol": "rail",
    "marker-size": "small",
    "marker-color": "#666666"
   }
  },
  {
   "type": "Feature",
   "geometry": {
    "type": "Point",
    "coordinates": [
     -3.70339,
     40.41694
    ]
   },
   "properties": {
    "id": "EST-AVENIDASISTEMASOLAR",
    "name": "Avenida Sistema Solar",
    "province": "Madrid",
    "marker-symbol": "rail",
    "marker-size": "small",
    "marker-color": "#666666"
   }
  },
  {
   "type": "Feature",
   "geometry": {
    "type": "Point",
    "coordinates": [
     2.10875,
     41.54746
    ]
   },
   "properties": {
    "id": "EST-SABADELLPLACAMAJOR",
    "name": "Sabadell Plaça Major",
    "province": "Barcelona",
    "marker-symbol": "rail",
    "marker-size": "small",
    "marker-color": "#666666"
   }
  },
  {
   "type": "Feature",
   "geometry": {
    "type": "Point",
    "coordinates": [
     2.10517,
     41.52866
    ]
   },
   "properties": {
    "id": "EST-SABADELLSUD",
    "name": "Sabadell Sud",
    "province": "Barcelona",
    "marker-symbol": "rail",
    "marker-size": "small",
    "marker-color": "#666666"
   }
  },
  {
   "type": "Feature",
   "geometry": {
    "type": "Point",
    "coordinates": [
     -4.51544,
     36.60989
    ]
   },
   "properties": {
    "id": "EST-ELPINILLO",
    "name": "El Pinillo",
    "province": "Málaga",
    "marker-symbol": "rail",
    "marker-size": "small",
    "marker-color": "#666666"
   }
  },
  {
   "type": "Feature",
   "geometry": {
    "type": "Point",
    "coordinates": [
     -5.52525,
     43.3688
    ]
   },
   "properties": {
    "id": "EST-LLAMES",
    "name": "Llames",
    "province": "Asturias",
    "marker-symbol": "rail",
    "marker-size": "small",
    "marker-color": "#666666"
   }
  },
  {
   "type": "Feature",
   "geometry": {
    "type": "Point",
    "coordinates": [
     -5.80333,
     38.09037
    ]
   },
   "properties": {
    "id": "EST-GUADALCANAL",
    "name": "Guadalcanal",
    "province": "Sevilla",
    "marker-symbol": "rail",
    "marker-size": "small",
    "marker-color": "#666666"
   }
  },
  {
   "type": "Feature",
   "geometry": {
    "type": "Point",
    "coordinates": [
     -2.50117,
     43.18483
    ]
   },
   "properties": {
    "id": "EST-SANLORENTZOERMUA",
    "name": "San Lorentzo-Ermua",
    "province": "Bizkaia",
    "marker-symbol": "rail",
    "marker-size": "small",
    "marker-color": "#666666"
   }
  },
  {
   "type": "Feature",
   "geometry": {
    "type": "Point",
    "coordinates": [
     -2.46567,
     43.18711
    ]
   },
   "properties": {
    "id": "EST-EIBAR",
    "name": "Eibar",
    "province": "Gipuzkoa",
    "marker-symbol": "rail",
    "marker-size": "small",
    "marker-color": "#666666"
   }
  },
  {
   "type": "Feature",
   "geometry": {
    "type": "Point",
    "coordinates": [
     2.10594,
     41.37606
    ]
   },
   "properties": {
    "id": "EST-CANRIGAL",
    "name": "Can Rigal",
    "province": "Barcelona",
    "marker-symbol": "rail",
    "marker-size": "small",
    "marker-color": "#666666"
   }
  },
  {
   "type": "Feature",
   "geometry": {
    "type": "Point",
    "coordinates": [
     -6.69002,
     38.92177
    ]
   },
   "properties": {
    "id": "EST-GUADIANA",
    "name": "Guadiana",
    "province": "Badajoz",
    "marker-symbol": "rail",
    "marker-size": "small",
    "marker-color": "#666666"
   }
  },
  {
   "type": "Feature",
   "geometry": {
    "type": "Point",
    "coordinates": [
     -3.79828,
     40.28229
    ]
   },
   "properties": {
    "id": "EST-FUENLABRADACENTRAL",
    "name": "Fuenlabrada Central",
    "province": "Madrid",
    "marker-symbol": "rail",
    "marker-size": "small",
    "marker-color": "#666666"
   }
  },
  {
   "type": "Feature",
   "geometry": {
    "type": "Point",
    "coordinates": [
     2.12622,
     41.38794
    ]
   },
   "properties": {
    "id": "EST-MARIACRISTINA",
    "name": "Maria Cristina",
    "province": "Barcelona",
    "marker-symbol": "rail",
    "marker-size": "small",
    "marker-color": "#666666"
   }
  },
  {
   "type": "Feature",
   "geometry": {
    "type": "Point",
    "coordinates": [
     2.66095,
     39.6203
    ]
   },
   "properties": {
    "id": "EST-SONSARDINA",
    "name": "Son Sardina",
    "province": "Baleares",
    "marker-symbol": "rail",
    "marker-size": "small",
    "marker-color": "#666666"
   }
  },
  {
   "type": "Feature",
   "geometry": {
    "type": "Point",
    "coordinates": [
     -2.84328,
     40.95385
    ]
   },
   "properties": {
    "id": "EST-MATILLAS",
    "name": "Matillas",
    "province": "Guadalajara",
    "marker-symbol": "rail",
    "marker-size": "small",
    "marker-color": "#666666"
   }
  },
  {
   "type": "Feature",
   "geometry": {
    "type": "Point",
    "coordinates": [
     -0.82358,
     40.14615
    ]
   },
   "properties": {
    "id": "EST-SARRION",
    "name": "Sarrión",
    "province": "Teruel",
    "marker-symbol": "rail",
    "marker-size": "small",
    "marker-color": "#666666"
   }
  },
  {
   "type": "Feature",
   "geometry": {
    "type": "Point",
    "coordinates": [
     -3.52536,
     40.42337
    ]
   },
   "properties": {
    "id": "EST-JARAMA",
    "name": "Jarama",
    "province": "Madrid",
    "marker-symbol": "rail",
    "marker-size": "small",
    "marker-color": "#666666"
   }
  },
  {
   "type": "Feature",
   "geometry": {
    "type": "Point",
    "coordinates": [
     2.18556,
     41.38439
    ]
   },
   "properties": {
    "id": "EST-BARCELONAESTACIODEFRANCA",
    "name": "Barcelona Estació de França",
    "province": "Barcelona",
    "marker-symbol": "rail",
    "marker-size": "small",
    "marker-color": "#666666"
   }
  },
  {
   "type": "Feature",
   "geometry": {
    "type": "Point",
    "coordinates": [
     -0.43178,
     39.81256
    ]
   },
   "properties": {
    "id": "EST-SONEJA",
    "name": "Soneja",
    "province": "Castellón",
    "marker-symbol": "rail",
    "marker-size": "small",
    "marker-color": "#666666"
   }
  },
  {
   "type": "Feature",
   "geometry": {
    "type": "Point",
    "coordinates": [
     -3.59616,
     37.15114
    ]
   },
   "properties": {
    "id": "EST-NUEVOLOSCARMENES",
    "name": "Nuevo Los Cármenes",
    "province": "Granada",
    "marker-symbol": "rail",
    "marker-size": "small",
    "marker-color": "#666666"
   }
  },
  {
   "type": "Feature",
   "geometry": {
    "type": "Point",
    "coordinates": [
     -5.75485,
     43.17602
    ]
   },
   "properties": {
    "id": "EST-CABORANA",
    "name": "Caborana",
    "province": "Asturias",
    "marker-symbol": "rail",
    "marker-size": "small",
    "marker-color": "#666666"
   }
  },
  {
   "type": "Feature",
   "geometry": {
    "type": "Point",
    "coordinates": [
     -5.82634,
     43.46151
    ]
   },
   "properties": {
    "id": "EST-VILLABONADEASTURIAS",
    "name": "Villabona de Asturias",
    "province": "Asturias",
    "marker-symbol": "rail",
    "marker-size": "small",
    "marker-color": "#666666"
   }
  },
  {
   "type": "Feature",
   "geometry": {
    "type": "Point",
    "coordinates": [
     -3.79304,
     40.43909
    ]
   },
   "properties": {
    "id": "EST-AVENIDADEEUROPA",
    "name": "Avenida de Europa",
    "province": "Madrid",
    "marker-symbol": "rail",
    "marker-size": "small",
    "marker-color": "#666666"
   }
  },
  {
   "type": "Feature",
   "geometry": {
    "type": "Point",
    "coordinates": [
     2.21668,
     41.41178
    ]
   },
   "properties": {
    "id": "EST-ELMARESMEFORUM",
    "name": "El Maresme | Fòrum",
    "province": "Barcelona",
    "marker-symbol": "rail",
    "marker-size": "small",
    "marker-color": "#666666"
   }
  },
  {
   "type": "Feature",
   "geometry": {
    "type": "Point",
    "coordinates": [
     -1.26904,
     40.95765
    ]
   },
   "properties": {
    "id": "EST-LECHAGO",
    "name": "Lechago",
    "province": "Teruel",
    "marker-symbol": "rail",
    "marker-size": "small",
    "marker-color": "#666666"
   }
  },
  {
   "type": "Feature",
   "geometry": {
    "type": "Point",
    "coordinates": [
     2.18627,
     41.395
    ]
   },
   "properties": {
    "id": "EST-MARINA",
    "name": "Marina",
    "province": "Barcelona",
    "marker-symbol": "rail",
    "marker-size": "small",
    "marker-color": "#666666"
   }
  },
  {
   "type": "Feature",
   "geometry": {
    "type": "Point",
    "coordinates": [
     -2.88877,
     43.21008
    ]
   },
   "properties": {
    "id": "EST-ARRIGORRIAGA",
    "name": "Arrigorriaga",
    "province": "Bizkaia",
    "marker-symbol": "rail",
    "marker-size": "small",
    "marker-color": "#666666"
   }
  },
  {
   "type": "Feature",
   "geometry": {
    "type": "Point",
    "coordinates": [
     -3.63039,
     37.20713
    ]
   },
   "properties": {
    "id": "EST-MARACENA",
    "name": "Maracena",
    "province": "Granada",
    "marker-symbol": "rail",
    "marker-size": "small",
    "marker-color": "#666666"
   }
  },
  {
   "type": "Feature",
   "geometry": {
    "type": "Point",
    "coordinates": [
     -3.74811,
     40.34409
    ]
   },
   "properties": {
    "id": "EST-LEGANESNORTE",
    "name": "Leganés Norte",
    "province": "Madrid",
    "marker-symbol": "rail",
    "marker-size": "small",
    "marker-color": "#666666"
   }
  },
  {
   "type": "Feature",
   "geometry": {
    "type": "Point",
    "coordinates": [
     -2.65785,
     42.84324
    ]
   },
   "properties": {
    "id": "EST-SANTALUZIA",
    "name": "Santa Luzia",
    "province": "Álava",
    "marker-symbol": "rail",
    "marker-size": "small",
    "marker-color": "#666666"
   }
  },
  {
   "type": "Feature",
   "geometry": {
    "type": "Point",
    "coordinates": [
     -3.58797,
     40.45758
    ]
   },
   "properties": {
    "id": "EST-ALAMEDADEOSUNA",
    "name": "Alameda de Osuna",
    "province": "Madrid",
    "marker-symbol": "rail",
    "marker-size": "small",
    "marker-color": "#666666"
   }
  },
  {
   "type": "Feature",
   "geometry": {
    "type": "Point",
    "coordinates": [
     -4.5095,
     36.61365
    ]
   },
   "properties": {
    "id": "EST-MONTEMARALTO",
    "name": "Montemar Alto",
    "province": "Málaga",
    "marker-symbol": "rail",
    "marker-size": "small",
    "marker-color": "#666666"
   }
  },
  {
   "type": "Feature",
   "geometry": {
    "type": "Point",
    "coordinates": [
     -6.6309,
     38.05308
    ]
   },
   "properties": {
    "id": "EST-CUMBRESMAYORES",
    "name": "Cumbres Mayores",
    "province": "Huelva",
    "marker-symbol": "rail",
    "marker-size": "small",
    "marker-color": "#666666"
   }
  },
  {
   "type": "Feature",
   "geometry": {
    "type": "Point",
    "coordinates": [
     -0.86795,
     38.63227
    ]
   },
   "properties": {
    "id": "EST-VILLENA",
    "name": "Villena",
    "province": "Alicante",
    "marker-symbol": "rail",
    "marker-size": "small",
    "marker-color": "#666666"
   }
  },
  {
   "type": "Feature",
   "geometry": {
    "type": "Point",
    "coordinates": [
     -0.52366,
     39.11701
    ]
   },
   "properties": {
    "id": "EST-ALBERIC",
    "name": "Alberic",
    "province": "Valencia",
    "marker-symbol": "rail",
    "marker-size": "small",
    "marker-color": "#666666"
   }
  },
  {
   "type": "Feature",
   "geometry": {
    "type": "Point",
    "coordinates": [
     2.11589,
     41.54641
    ]
   },
   "properties": {
    "id": "EST-SABADELLCENTRE",
    "name": "Sabadell Centre",
    "province": "Barcelona",
    "marker-symbol": "rail",
    "marker-size": "small",
    "marker-color": "#666666"
   }
  },
  {
   "type": "Feature",
   "geometry": {
    "type": "Point",
    "coordinates": [
     -3.66135,
     40.41128
    ]
   },
   "properties": {
    "id": "EST-ESTRELLAPOLAR",
    "name": "Estrella Polar",
    "province": "Madrid",
    "marker-symbol": "rail",
    "marker-size": "small",
    "marker-color": "#666666"
   }
  },
  {
   "type": "Feature",
   "geometry": {
    "type": "Point",
    "coordinates": [
     -2.73646,
     43.21676
    ]
   },
   "properties": {
    "id": "EST-AMOREBIETA",
    "name": "Amorebieta",
    "province": "Bizkaia",
    "marker-symbol": "rail",
    "marker-size": "small",
    "marker-color": "#666666"
   }
  },
  {
   "type": "Feature",
   "geometry": {
    "type": "Point",
    "coordinates": [
     -5.98243,
     43.58343
    ]
   },
   "properties": {
    "id": "EST-SANJUANDENIEVA",
    "name": "San Juan de Nieva",
    "province": "Asturias",
    "marker-symbol": "rail",
    "marker-size": "small",
    "marker-color": "#666666"
   }
  },
  {
   "type": "Feature",
   "geometry": {
    "type": "Point",
    "coordinates": [
     -2.57443,
     43.16846
    ]
   },
   "properties": {
    "id": "EST-BERRIZ",
    "name": "Berriz",
    "province": "Bizkaia",
    "marker-symbol": "rail",
    "marker-size": "small",
    "marker-color": "#666666"
   }
  },
  {
   "type": "Feature",
   "geometry": {
    "type": "Point",
    "coordinates": [
     -0.55516,
     42.64995
    ]
   },
   "properties": {
    "id": "EST-CASTIELLOPUEBLO",
    "name": "Castiello Pueblo",
    "province": "Huesca",
    "marker-symbol": "rail",
    "marker-size": "small",
    "marker-color": "#666666"
   }
  },
  {
   "type": "Feature",
   "geometry": {
    "type": "Point",
    "coordinates": [
     1.85031,
     41.60912
    ]
   },
   "properties": {
    "id": "EST-MONISTROLDEMONTSERRAT",
    "name": "Monistrol de Montserrat",
    "province": "Barcelona",
    "marker-symbol": "rail",
    "marker-size": "small",
    "marker-color": "#666666"
   }
  },
  {
   "type": "Feature",
   "geometry": {
    "type": "Point",
    "coordinates": [
     -3.6773,
     40.43765
    ]
   },
   "properties": {
    "id": "EST-AVENIDADEAMERICA",
    "name": "Avenida de América",
    "province": "Madrid",
    "marker-symbol": "rail",
    "marker-size": "small",
    "marker-color": "#666666"
   }
  },
  {
   "type": "Feature",
   "geometry": {
    "type": "Point",
    "coordinates": [
     -3.76144,
     40.38571
    ]
   },
   "properties": {
    "id": "EST-ALUCHE",
    "name": "Aluche",
    "province": "Madrid",
    "marker-symbol": "rail",
    "marker-size": "small",
    "marker-color": "#666666"
   }
  },
  {
   "type": "Feature",
   "geometry": {
    "type": "Point",
    "coordinates": [
     2.94268,
     42.2647
    ]
   },
   "properties": {
    "id": "EST-FIGUERESVILAFANT",
    "name": "Figueres Vilafant",
    "province": "Girona",
    "marker-symbol": "rail",
    "marker-size": "small",
    "marker-color": "#666666"
   }
  },
  {
   "type": "Feature",
   "geometry": {
    "type": "Point",
    "coordinates": [
     -3.60284,
     40.42356
    ]
   },
   "properties": {
    "id": "EST-LASROSAS",
    "name": "Las Rosas",
    "province": "Madrid",
    "marker-symbol": "rail",
    "marker-size": "small",
    "marker-color": "#666666"
   }
  },
  {
   "type": "Feature",
   "geometry": {
    "type": "Point",
    "coordinates": [
     -0.49062,
     38.34603
    ]
   },
   "properties": {
    "id": "EST-LUCEROS",
    "name": "Luceros",
    "province": "Alicante",
    "marker-symbol": "rail",
    "marker-size": "small",
    "marker-color": "#666666"
   }
  },
  {
   "type": "Feature",
   "geometry": {
    "type": "Point",
    "coordinates": [
     1.87254,
     41.49773
    ]
   },
   "properties": {
    "id": "EST-SANTESTEVESESROVIRES",
    "name": "Sant Esteve Sesrovires",
    "province": "Barcelona",
    "marker-symbol": "rail",
    "marker-size": "small",
    "marker-color": "#666666"
   }
  },
  {
   "type": "Feature",
   "geometry": {
    "type": "Point",
    "coordinates": [
     -0.77347,
     40.11784
    ]
   },
   "properties": {
    "id": "EST-MORADERUBIELOS",
    "name": "Mora de Rubielos",
    "province": "Teruel",
    "marker-symbol": "rail",
    "marker-size": "small",
    "marker-color": "#666666"
   }
  },
  {
   "type": "Feature",
   "geometry": {
    "type": "Point",
    "coordinates": [
     2.21757,
     41.43372
    ]
   },
   "properties": {
    "id": "EST-ARTIGUESSANTADRIA",
    "name": "Artigues | Sant Adrià",
    "province": "Barcelona",
    "marker-symbol": "rail",
    "marker-size": "small",
    "marker-color": "#666666"
   }
  },
  {
   "type": "Feature",
   "geometry": {
    "type": "Point",
    "coordinates": [
     -5.6975,
     43.22639
    ]
   },
   "properties": {
    "id": "EST-MOREDAASTURIAS",
    "name": "Moreda",
    "province": "Asturias",
    "marker-symbol": "rail",
    "marker-size": "small",
    "marker-color": "#666666"
   }
  },
  {
   "type": "Feature",
   "geometry": {
    "type": "Point",
    "coordinates": [
     2.10274,
     41.36768
    ]
   },
   "properties": {
    "id": "EST-CANSERRA",
    "name": "Can Serra",
    "province": "Barcelona",
    "marker-symbol": "rail",
    "marker-size": "small",
    "marker-color": "#666666"
   }
  },
  {
   "type": "Feature",
   "geometry": {
    "type": "Point",
    "coordinates": [
     -3.62953,
     40.44637
    ]
   },
   "properties": {
    "id": "EST-QUINTADELOSMOLINOS",
    "name": "Quinta de los Molinos",
    "province": "Madrid",
    "marker-symbol": "rail",
    "marker-size": "small",
    "marker-color": "#666666"
   }
  },
  {
   "type": "Feature",
   "geometry": {
    "type": "Point",
    "coordinates": [
     -3.15032,
     43.19989
    ]
   },
   "properties": {
    "id": "EST-BOLUNBURU",
    "name": "Bolunburu",
    "province": "Bizkaia",
    "marker-symbol": "rail",
    "marker-size": "small",
    "marker-color": "#666666"
   }
  },
  {
   "type": "Feature",
   "geometry": {
    "type": "Point",
    "coordinates": [
     -3.43834,
     43.28247
    ]
   },
   "properties": {
    "id": "EST-RAMALES",
    "name": "Ramales",
    "province": "Cantabria",
    "marker-symbol": "rail",
    "marker-size": "small",
    "marker-color": "#666666"
   }
  },
  {
   "type": "Feature",
   "geometry": {
    "type": "Point",
    "coordinates": [
     -3.77236,
     40.32809
    ]
   },
   "properties": {
    "id": "EST-LEGANES",
    "name": "Leganés",
    "province": "Madrid",
    "marker-symbol": "rail",
    "marker-size": "small",
    "marker-color": "#666666"
   }
  },
  {
   "type": "Feature",
   "geometry": {
    "type": "Point",
    "coordinates": [
     2.17008,
     41.38655
    ]
   },
   "properties": {
    "id": "EST-PLACACATALUNYA",
    "name": "Plaça Catalunya",
    "province": "Barcelona",
    "marker-symbol": "rail",
    "marker-size": "small",
    "marker-color": "#666666"
   }
  },
  {
   "type": "Feature",
   "geometry": {
    "type": "Point",
    "coordinates": [
     -2.68028,
     42.8695
    ]
   },
   "properties": {
    "id": "EST-ARTAPADURA",
    "name": "Artapadura",
    "province": "Álava",
    "marker-symbol": "rail",
    "marker-size": "small",
    "marker-color": "#666666"
   }
  },
  {
   "type": "Feature",
   "geometry": {
    "type": "Point",
    "coordinates": [
     -6.11062,
     43.49114
    ]
   },
   "properties": {
    "id": "EST-SANESTEBANDEPRAVIA",
    "name": "San Esteban de Pravia",
    "province": "Asturias",
    "marker-symbol": "rail",
    "marker-size": "small",
    "marker-color": "#666666"
   }
  },
  {
   "type": "Feature",
   "geometry": {
    "type": "Point",
    "coordinates": [
     2.94268,
     42.2647
    ]
   },
   "properties": {
    "id": "EST-FIGUERASVILAFANT",
    "name": "Figueras-Vilafant",
    "province": "Girona",
    "marker-symbol": "rail",
    "marker-size": "small",
    "marker-color": "#666666"
   }
  },
  {
   "type": "Feature",
   "geometry": {
    "type": "Point",
    "coordinates": [
     -8.5452,
     42.87044
    ]
   },
   "properties": {
    "id": "EST-SANTIAGODECOMPOSTELA",
    "name": "Santiago de Compostela",
    "province": "A Coruña",
    "marker-symbol": "rail",
    "marker-size": "small",
    "marker-color": "#666666"
   }
  },
  {
   "type": "Feature",
   "geometry": {
    "type": "Point",
    "coordinates": [
     -6.14472,
     36.42054
    ]
   },
   "properties": {
    "id": "EST-NUESTRASENORADELOSREMEDIOS",
    "name": "Nuestra Señora de Los Remedios",
    "province": "Cádiz",
    "marker-symbol": "rail",
    "marker-size": "small",
    "marker-color": "#666666"
   }
  },
  {
   "type": "Feature",
   "geometry": {
    "type": "Point",
    "coordinates": [
     2.19986,
     41.51043
    ]
   },
   "properties": {
    "id": "EST-LALLAGOSTA",
    "name": "La Llagosta",
    "province": "Barcelona",
    "marker-symbol": "rail",
    "marker-size": "small",
    "marker-color": "#666666"
   }
  },
  {
   "type": "Feature",
   "geometry": {
    "type": "Point",
    "coordinates": [
     -4.04995,
     43.18477
    ]
   },
   "properties": {
    "id": "EST-ARENASDEIGUNA",
    "name": "Arenas de Iguña",
    "province": "Cantabria",
    "marker-symbol": "rail",
    "marker-size": "small",
    "marker-color": "#666666"
   }
  },
  {
   "type": "Feature",
   "geometry": {
    "type": "Point",
    "coordinates": [
     -3.65439,
     40.5474
    ]
   },
   "properties": {
    "id": "EST-VALDELASFUENTES",
    "name": "Valdelasfuentes",
    "province": "Madrid",
    "marker-symbol": "rail",
    "marker-size": "small",
    "marker-color": "#666666"
   }
  },
  {
   "type": "Feature",
   "geometry": {
    "type": "Point",
    "coordinates": [
     -3.39614,
     38.76328
    ]
   },
   "properties": {
    "id": "EST-VALDEPENAS",
    "name": "Valdepeñas",
    "province": "Ciudad Real",
    "marker-symbol": "rail",
    "marker-size": "small",
    "marker-color": "#666666"
   }
  },
  {
   "type": "Feature",
   "geometry": {
    "type": "Point",
    "coordinates": [
     -4.4297,
     36.71599
    ]
   },
   "properties": {
    "id": "EST-GUADALMEDINA",
    "name": "Guadalmedina",
    "province": "Málaga",
    "marker-symbol": "rail",
    "marker-size": "small",
    "marker-color": "#666666"
   }
  },
  {
   "type": "Feature",
   "geometry": {
    "type": "Point",
    "coordinates": [
     -5.33263,
     36.59738
    ]
   },
   "properties": {
    "id": "EST-CORTESDELAFRONTERA",
    "name": "Cortes de la Frontera",
    "province": "Málaga",
    "marker-symbol": "rail",
    "marker-size": "small",
    "marker-color": "#666666"
   }
  },
  {
   "type": "Feature",
   "geometry": {
    "type": "Point",
    "coordinates": [
     -5.721,
     43.32126
    ]
   },
   "properties": {
    "id": "EST-PENARUBIA",
    "name": "Peña Rubia",
    "province": "Asturias",
    "marker-symbol": "rail",
    "marker-size": "small",
    "marker-color": "#666666"
   }
  },
  {
   "type": "Feature",
   "geometry": {
    "type": "Point",
    "coordinates": [
     0.63304,
     41.62073
    ]
   },
   "properties": {
    "id": "EST-LLEIDAPIRINEUS",
    "name": "Lleida Pirineus",
    "province": "Lleida",
    "marker-symbol": "rail",
    "marker-size": "small",
    "marker-color": "#666666"
   }
  },
  {
   "type": "Feature",
   "geometry": {
    "type": "Point",
    "coordinates": [
     -4.16506,
     42.87121
    ]
   },
   "properties": {
    "id": "EST-MATAPORQUERA",
    "name": "Mataporquera",
    "province": "Cantabria",
    "marker-symbol": "rail",
    "marker-size": "small",
    "marker-color": "#666666"
   }
  },
  {
   "type": "Feature",
   "geometry": {
    "type": "Point",
    "coordinates": [
     -4.21543,
     43.3153
    ]
   },
   "properties": {
    "id": "EST-ONTORIA",
    "name": "Ontoria",
    "province": "Cantabria",
    "marker-symbol": "rail",
    "marker-size": "small",
    "marker-color": "#666666"
   }
  },
  {
   "type": "Feature",
   "geometry": {
    "type": "Point",
    "coordinates": [
     -3.53451,
     40.41761
    ]
   },
   "properties": {
    "id": "EST-HOSPITALDELHENARES",
    "name": "Hospital del Henares",
    "province": "Madrid",
    "marker-symbol": "rail",
    "marker-size": "small",
    "marker-color": "#666666"
   }
  },
  {
   "type": "Feature",
   "geometry": {
    "type": "Point",
    "coordinates": [
     -0.53595,
     39.56162
    ]
   },
   "properties": {
    "id": "EST-LELIANA",
    "name": "L'Eliana",
    "province": "Valencia",
    "marker-symbol": "rail",
    "marker-size": "small",
    "marker-color": "#666666"
   }
  },
  {
   "type": "Feature",
   "geometry": {
    "type": "Point",
    "coordinates": [
     -0.39919,
     39.40007
    ]
   },
   "properties": {
    "id": "EST-CATARROJA",
    "name": "Catarroja",
    "province": "Valencia",
    "marker-symbol": "rail",
    "marker-size": "small",
    "marker-color": "#666666"
   }
  },
  {
   "type": "Feature",
   "geometry": {
    "type": "Point",
    "coordinates": [
     -3.09533,
     43.20896
    ]
   },
   "properties": {
    "id": "EST-GUENES",
    "name": "Güeñes",
    "province": "Bizkaia",
    "marker-symbol": "rail",
    "marker-size": "small",
    "marker-color": "#666666"
   }
  },
  {
   "type": "Feature",
   "geometry": {
    "type": "Point",
    "coordinates": [
     -3.81582,
     40.28585
    ]
   },
   "properties": {
    "id": "EST-HOSPITALDEFUENLABRADA",
    "name": "Hospital de Fuenlabrada",
    "province": "Madrid",
    "marker-symbol": "rail",
    "marker-size": "small",
    "marker-color": "#666666"
   }
  },
  {
   "type": "Feature",
   "geometry": {
    "type": "Point",
    "coordinates": [
     2.22458,
     41.44273
    ]
   },
   "properties": {
    "id": "EST-LASALUT",
    "name": "La Salut",
    "province": "Barcelona",
    "marker-symbol": "rail",
    "marker-size": "small",
    "marker-color": "#666666"
   }
  },
  {
   "type": "Feature",
   "geometry": {
    "type": "Point",
    "coordinates": [
     -0.21498,
     39.02621
    ]
   },
   "properties": {
    "id": "EST-XERACO",
    "name": "Xeraco",
    "province": "Valencia",
    "marker-symbol": "rail",
    "marker-size": "small",
    "marker-color": "#666666"
   }
  },
  {
   "type": "Feature",
   "geometry": {
    "type": "Point",
    "coordinates": [
     -4.90968,
     41.31726
    ]
   },
   "properties": {
    "id": "EST-MEDINADELCAMPO",
    "name": "Medina del Campo",
    "province": "Valladolid",
    "marker-symbol": "rail",
    "marker-size": "small",
    "marker-color": "#666666"
   }
  },
  {
   "type": "Feature",
   "geometry": {
    "type": "Point",
    "coordinates": [
     2.13492,
     41.41318
    ]
   },
   "properties": {
    "id": "EST-ROMANMACAYA",
    "name": "Roman Macaya",
    "province": "Barcelona",
    "marker-symbol": "rail",
    "marker-size": "small",
    "marker-color": "#666666"
   }
  },
  {
   "type": "Feature",
   "geometry": {
    "type": "Point",
    "coordinates": [
     -2.79761,
     43.20612
    ]
   },
   "properties": {
    "id": "EST-BEDIA",
    "name": "Bedia",
    "province": "Bizkaia",
    "marker-symbol": "rail",
    "marker-size": "small",
    "marker-color": "#666666"
   }
  },
  {
   "type": "Feature",
   "geometry": {
    "type": "Point",
    "coordinates": [
     -0.73147,
     42.34424
    ]
   },
   "properties": {
    "id": "EST-RIGLOSCONCILIO",
    "name": "Riglos Concilio",
    "province": "Huesca",
    "marker-symbol": "rail",
    "marker-size": "small",
    "marker-color": "#666666"
   }
  },
  {
   "type": "Feature",
   "geometry": {
    "type": "Point",
    "coordinates": [
     1.53813,
     41.2209
    ]
   },
   "properties": {
    "id": "EST-ELVENDRELL",
    "name": "El Vendrell",
    "province": "Tarragona",
    "marker-symbol": "rail",
    "marker-size": "small",
    "marker-color": "#666666"
   }
  },
  {
   "type": "Feature",
   "geometry": {
    "type": "Point",
    "coordinates": [
     1.95707,
     41.56389
    ]
   },
   "properties": {
    "id": "EST-VILADECAVALLS",
    "name": "Viladecavalls",
    "province": "Barcelona",
    "marker-symbol": "rail",
    "marker-size": "small",
    "marker-color": "#666666"
   }
  },
  {
   "type": "Feature",
   "geometry": {
    "type": "Point",
    "coordinates": [
     1.99557,
     41.42078
    ]
   },
   "properties": {
    "id": "EST-PALLEJA",
    "name": "Pallejà",
    "province": "Barcelona",
    "marker-symbol": "rail",
    "marker-size": "small",
    "marker-color": "#666666"
   }
  },
  {
   "type": "Feature",
   "geometry": {
    "type": "Point",
    "coordinates": [
     -5.18621,
     39.92185
    ]
   },
   "properties": {
    "id": "EST-OROPESADETOLEDO",
    "name": "Oropesa de Toledo",
    "province": "Toledo",
    "marker-symbol": "rail",
    "marker-size": "small",
    "marker-color": "#666666"
   }
  },
  {
   "type": "Feature",
   "geometry": {
    "type": "Point",
    "coordinates": [
     -3.83579,
     40.39794
    ]
   },
   "properties": {
    "id": "EST-MONTEPRINCIPE",
    "name": "Montepríncipe",
    "province": "Madrid",
    "marker-symbol": "rail",
    "marker-size": "small",
    "marker-color": "#666666"
   }
  },
  {
   "type": "Feature",
   "geometry": {
    "type": "Point",
    "coordinates": [
     -2.63455,
     43.1694
    ]
   },
   "properties": {
    "id": "EST-DURANGO",
    "name": "Durango",
    "province": "Bizkaia",
    "marker-symbol": "rail",
    "marker-size": "small",
    "marker-color": "#666666"
   }
  },
  {
   "type": "Feature",
   "geometry": {
    "type": "Point",
    "coordinates": [
     -3.50392,
     43.20202
    ]
   },
   "properties": {
    "id": "EST-REGULES",
    "name": "Regules",
    "province": "Cantabria",
    "marker-symbol": "rail",
    "marker-size": "small",
    "marker-color": "#666666"
   }
  },
  {
   "type": "Feature",
   "geometry": {
    "type": "Point",
    "coordinates": [
     -3.64045,
     40.43031
    ]
   },
   "properties": {
    "id": "EST-ASCAO",
    "name": "Ascao",
    "province": "Madrid",
    "marker-symbol": "rail",
    "marker-size": "small",
    "marker-color": "#666666"
   }
  },
  {
   "type": "Feature",
   "geometry": {
    "type": "Point",
    "coordinates": [
     -1.85687,
     38.99485
    ]
   },
   "properties": {
    "id": "EST-ALBACETELOSLLANOS",
    "name": "Albacete-Los Llanos",
    "province": "Albacete",
    "marker-symbol": "rail",
    "marker-size": "small",
    "marker-color": "#666666"
   }
  },
  {
   "type": "Feature",
   "geometry": {
    "type": "Point",
    "coordinates": [
     -3.60408,
     39.06141
    ]
   },
   "properties": {
    "id": "EST-DAIMIEL",
    "name": "Daimiel",
    "province": "Ciudad Real",
    "marker-symbol": "rail",
    "marker-size": "small",
    "marker-color": "#666666"
   }
  },
  {
   "type": "Feature",
   "geometry": {
    "type": "Point",
    "coordinates": [
     2.14838,
     41.43554
    ]
   },
   "properties": {
    "id": "EST-MUNDET",
    "name": "Mundet",
    "province": "Barcelona",
    "marker-symbol": "rail",
    "marker-size": "small",
    "marker-color": "#666666"
   }
  },
  {
   "type": "Feature",
   "geometry": {
    "type": "Point",
    "coordinates": [
     0.22868,
     40.30465
    ]
   },
   "properties": {
    "id": "EST-ALCALADEXIVERT",
    "name": "Alcalà de Xivert",
    "province": "Castellón",
    "marker-symbol": "rail",
    "marker-size": "small",
    "marker-color": "#666666"
   }
  },
  {
   "type": "Feature",
   "geometry": {
    "type": "Point",
    "coordinates": [
     -3.73751,
     40.28824
    ]
   },
   "properties": {
    "id": "EST-GETAFESECTOR3",
    "name": "Getafe Sector 3",
    "province": "Madrid",
    "marker-symbol": "rail",
    "marker-size": "small",
    "marker-color": "#666666"
   }
  },
  {
   "type": "Feature",
   "geometry": {
    "type": "Point",
    "coordinates": [
     -2.98467,
     43.30053
    ]
   },
   "properties": {
    "id": "EST-DESERTUBARAKALDO",
    "name": "Desertu-Barakaldo",
    "province": "Bizkaia",
    "marker-symbol": "rail",
    "marker-size": "small",
    "marker-color": "#666666"
   }
  },
  {
   "type": "Feature",
   "geometry": {
    "type": "Point",
    "coordinates": [
     2.15688,
     41.438
    ]
   },
   "properties": {
    "id": "EST-VALLDAURA",
    "name": "Valldaura",
    "province": "Barcelona",
    "marker-symbol": "rail",
    "marker-size": "small",
    "marker-color": "#666666"
   }
  },
  {
   "type": "Feature",
   "geometry": {
    "type": "Point",
    "coordinates": [
     0.763,
     41.7165
    ]
   },
   "properties": {
    "id": "EST-TERMENS",
    "name": "Térmens",
    "province": "Lleida",
    "marker-symbol": "rail",
    "marker-size": "small",
    "marker-color": "#666666"
   }
  },
  {
   "type": "Feature",
   "geometry": {
    "type": "Point",
    "coordinates": [
     -1.23859,
     41.06384
    ]
   },
   "properties": {
    "id": "EST-FERRERUELA",
    "name": "Ferreruela",
    "province": "Teruel",
    "marker-symbol": "rail",
    "marker-size": "small",
    "marker-color": "#666666"
   }
  },
  {
   "type": "Feature",
   "geometry": {
    "type": "Point",
    "coordinates": [
     -3.66871,
     40.42814
    ]
   },
   "properties": {
    "id": "EST-MANUELBECERRA",
    "name": "Manuel Becerra",
    "province": "Madrid",
    "marker-symbol": "rail",
    "marker-size": "small",
    "marker-color": "#666666"
   }
  },
  {
   "type": "Feature",
   "geometry": {
    "type": "Point",
    "coordinates": [
     -0.32066,
     39.67941
    ]
   },
   "properties": {
    "id": "EST-GILET",
    "name": "Gilet",
    "province": "Valencia",
    "marker-symbol": "rail",
    "marker-size": "small",
    "marker-color": "#666666"
   }
  },
  {
   "type": "Feature",
   "geometry": {
    "type": "Point",
    "coordinates": [
     -4.85188,
     42.79097
    ]
   },
   "properties": {
    "id": "EST-GUARDOAPEADERO",
    "name": "Guardo-Apeadero",
    "province": "Palencia",
    "marker-symbol": "rail",
    "marker-size": "small",
    "marker-color": "#666666"
   }
  },
  {
   "type": "Feature",
   "geometry": {
    "type": "Point",
    "coordinates": [
     1.92456,
     42.42937
    ]
   },
   "properties": {
    "id": "EST-PUIGCERDA",
    "name": "Puigcerdà",
    "province": "Girona",
    "marker-symbol": "rail",
    "marker-size": "small",
    "marker-color": "#666666"
   }
  },
  {
   "type": "Feature",
   "geometry": {
    "type": "Point",
    "coordinates": [
     -0.0791,
     38.57474
    ]
   },
   "properties": {
    "id": "EST-VENTORRILLO",
    "name": "Ventorrillo",
    "province": "Alicante",
    "marker-symbol": "rail",
    "marker-size": "small",
    "marker-color": "#666666"
   }
  },
  {
   "type": "Feature",
   "geometry": {
    "type": "Point",
    "coordinates": [
     -16.31677,
     28.4809
    ]
   },
   "properties": {
    "id": "EST-PADREANCHIETA",
    "name": "Padre Anchieta",
    "province": "Santa Cruz de Tenerife",
    "marker-symbol": "rail",
    "marker-size": "small",
    "marker-color": "#666666"
   }
  },
  {
   "type": "Feature",
   "geometry": {
    "type": "Point",
    "coordinates": [
     2.2124,
     41.45476
    ]
   },
   "properties": {
    "id": "EST-ESGLESIAMAJOR",
    "name": "Església Major",
    "province": "Barcelona",
    "marker-symbol": "rail",
    "marker-size": "small",
    "marker-color": "#666666"
   }
  },
  {
   "type": "Feature",
   "geometry": {
    "type": "Point",
    "coordinates": [
     -1.27885,
     41.16561
    ]
   },
   "properties": {
    "id": "EST-VILLADOZ",
    "name": "Villadoz",
    "province": "Zaragoza",
    "marker-symbol": "rail",
    "marker-size": "small",
    "marker-color": "#666666"
   }
  },
  {
   "type": "Feature",
   "geometry": {
    "type": "Point",
    "coordinates": [
     -6.01017,
     43.38989
    ]
   },
   "properties": {
    "id": "EST-VEGADEANZO",
    "name": "Vega de Anzo",
    "province": "Asturias",
    "marker-symbol": "rail",
    "marker-size": "small",
    "marker-color": "#666666"
   }
  },
  {
   "type": "Feature",
   "geometry": {
    "type": "Point",
    "coordinates": [
     2.16057,
     41.37498
    ]
   },
   "properties": {
    "id": "EST-POBLESEC",
    "name": "Poble Sec",
    "province": "Barcelona",
    "marker-symbol": "rail",
    "marker-size": "small",
    "marker-color": "#666666"
   }
  },
  {
   "type": "Feature",
   "geometry": {
    "type": "Point",
    "coordinates": [
     -3.6069,
     37.14901
    ]
   },
   "properties": {
    "id": "EST-PARQUETECNOLOGICO",
    "name": "Parque Tecnológico",
    "province": "Granada",
    "marker-symbol": "rail",
    "marker-size": "small",
    "marker-color": "#666666"
   }
  },
  {
   "type": "Feature",
   "geometry": {
    "type": "Point",
    "coordinates": [
     -0.99549,
     38.04715
    ]
   },
   "properties": {
    "id": "EST-BENIEL",
    "name": "Beniel",
    "province": "Murcia",
    "marker-symbol": "rail",
    "marker-size": "small",
    "marker-color": "#666666"
   }
  },
  {
   "type": "Feature",
   "geometry": {
    "type": "Point",
    "coordinates": [
     -4.28316,
     39.97881
    ]
   },
   "properties": {
    "id": "EST-TORRIJOS",
    "name": "Torrijos",
    "province": "Toledo",
    "marker-symbol": "rail",
    "marker-size": "small",
    "marker-color": "#666666"
   }
  },
  {
   "type": "Feature",
   "geometry": {
    "type": "Point",
    "coordinates": [
     1.9267,
     41.47909
    ]
   },
   "properties": {
    "id": "EST-MARTORELLCENTRAL",
    "name": "Martorell Central",
    "province": "Barcelona",
    "marker-symbol": "rail",
    "marker-size": "small",
    "marker-color": "#666666"
   }
  },
  {
   "type": "Feature",
   "geometry": {
    "type": "Point",
    "coordinates": [
     -6.26811,
     36.49436
    ]
   },
   "properties": {
    "id": "EST-CORTADURA",
    "name": "Cortadura",
    "province": "Cádiz",
    "marker-symbol": "rail",
    "marker-size": "small",
    "marker-color": "#666666"
   }
  },
  {
   "type": "Feature",
   "geometry": {
    "type": "Point",
    "coordinates": [
     -6.14451,
     36.44051
    ]
   },
   "properties": {
    "id": "EST-PINARDELOSFRANCESES",
    "name": "Pinar de los Franceses",
    "province": "Cádiz",
    "marker-symbol": "rail",
    "marker-size": "small",
    "marker-color": "#666666"
   }
  },
  {
   "type": "Feature",
   "geometry": {
    "type": "Point",
    "coordinates": [
     -0.35754,
     39.47241
    ]
   },
   "properties": {
    "id": "EST-ALBORAYAPERISARAGO",
    "name": "Alboraya Peris Aragó",
    "province": "Valencia",
    "marker-symbol": "rail",
    "marker-size": "small",
    "marker-color": "#666666"
   }
  },
  {
   "type": "Feature",
   "geometry": {
    "type": "Point",
    "coordinates": [
     2.96897,
     42.265
    ]
   },
   "properties": {
    "id": "EST-FIGUERES",
    "name": "Figueres",
    "province": "Girona",
    "marker-symbol": "rail",
    "marker-size": "small",
    "marker-color": "#666666"
   }
  },
  {
   "type": "Feature",
   "geometry": {
    "type": "Point",
    "coordinates": [
     -3.2317,
     37.77714
    ]
   },
   "properties": {
    "id": "EST-LARVA",
    "name": "Larva",
    "province": "Jaén",
    "marker-symbol": "rail",
    "marker-size": "small",
    "marker-color": "#666666"
   }
  },
  {
   "type": "Feature",
   "geometry": {
    "type": "Point",
    "coordinates": [
     -6.34305,
     38.92159
    ]
   },
   "properties": {
    "id": "EST-MERIDA",
    "name": "Mérida",
    "province": "Badajoz",
    "marker-symbol": "rail",
    "marker-size": "small",
    "marker-color": "#666666"
   }
  },
  {
   "type": "Feature",
   "geometry": {
    "type": "Point",
    "coordinates": [
     -3.67012,
     40.40781
    ]
   },
   "properties": {
    "id": "EST-CONDEDECASAL",
    "name": "Conde de Casal",
    "province": "Madrid",
    "marker-symbol": "rail",
    "marker-size": "small",
    "marker-color": "#666666"
   }
  },
  {
   "type": "Feature",
   "geometry": {
    "type": "Point",
    "coordinates": [
     -1.96379,
     43.2724
    ]
   },
   "properties": {
    "id": "EST-HERNANIERDIA",
    "name": "Hernani-Erdia",
    "province": "Gipuzkoa",
    "marker-symbol": "rail",
    "marker-size": "small",
    "marker-color": "#666666"
   }
  },
  {
   "type": "Feature",
   "geometry": {
    "type": "Point",
    "coordinates": [
     -2.12646,
     43.27421
    ]
   },
   "properties": {
    "id": "EST-AIAORIO",
    "name": "Aia-Orio",
    "province": "Gipuzkoa",
    "marker-symbol": "rail",
    "marker-size": "small",
    "marker-color": "#666666"
   }
  },
  {
   "type": "Feature",
   "geometry": {
    "type": "Point",
    "coordinates": [
     -3.80377,
     43.39373
    ]
   },
   "properties": {
    "id": "EST-SANSALVADOR",
    "name": "San Salvador",
    "province": "Cantabria",
    "marker-symbol": "rail",
    "marker-size": "small",
    "marker-color": "#666666"
   }
  },
  {
   "type": "Feature",
   "geometry": {
    "type": "Point",
    "coordinates": [
     2.18129,
     41.42342
    ]
   },
   "properties": {
    "id": "EST-CONGRES",
    "name": "Congrés",
    "province": "Barcelona",
    "marker-symbol": "rail",
    "marker-size": "small",
    "marker-color": "#666666"
   }
  },
  {
   "type": "Feature",
   "geometry": {
    "type": "Point",
    "coordinates": [
     -3.78717,
     40.28666
    ]
   },
   "properties": {
    "id": "EST-PARQUEDELOSESTADOS",
    "name": "Parque de los Estados",
    "province": "Madrid",
    "marker-symbol": "rail",
    "marker-size": "small",
    "marker-color": "#666666"
   }
  },
  {
   "type": "Feature",
   "geometry": {
    "type": "Point",
    "coordinates": [
     1.88791,
     41.54147
    ]
   },
   "properties": {
    "id": "EST-OLESA",
    "name": "Olesa",
    "province": "Barcelona",
    "marker-symbol": "rail",
    "marker-size": "small",
    "marker-color": "#666666"
   }
  },
  {
   "type": "Feature",
   "geometry": {
    "type": "Point",
    "coordinates": [
     2.54942,
     41.57741
    ]
   },
   "properties": {
    "id": "EST-ARENYSDEMAR",
    "name": "Arenys de Mar",
    "province": "Barcelona",
    "marker-symbol": "rail",
    "marker-size": "small",
    "marker-color": "#666666"
   }
  },
  {
   "type": "Feature",
   "geometry": {
    "type": "Point",
    "coordinates": [
     0.52288,
     40.80712
    ]
   },
   "properties": {
    "id": "EST-LALDEAAMPOSTATORTOSA",
    "name": "L'Aldea-Amposta-Tortosa",
    "province": "Tarragona",
    "marker-symbol": "rail",
    "marker-size": "small",
    "marker-color": "#666666"
   }
  },
  {
   "type": "Feature",
   "geometry": {
    "type": "Point",
    "coordinates": [
     -3.29857,
     40.53463
    ]
   },
   "properties": {
    "id": "EST-MECO",
    "name": "Meco",
    "province": "Madrid",
    "marker-symbol": "rail",
    "marker-size": "small",
    "marker-color": "#666666"
   }
  },
  {
   "type": "Feature",
   "geometry": {
    "type": "Point",
    "coordinates": [
     -2.48727,
     43.18069
    ]
   },
   "properties": {
    "id": "EST-UNIBERTSITATEA",
    "name": "Unibertsitatea",
    "province": "Álava",
    "marker-symbol": "rail",
    "marker-size": "small",
    "marker-color": "#666666"
   }
  },
  {
   "type": "Feature",
   "geometry": {
    "type": "Point",
    "coordinates": [
     -3.61013,
     40.15906
    ]
   },
   "properties": {
    "id": "EST-CIEMPOZUELOS",
    "name": "Ciempozuelos",
    "province": "Madrid",
    "marker-symbol": "rail",
    "marker-size": "small",
    "marker-color": "#666666"
   }
  },
  {
   "type": "Feature",
   "geometry": {
    "type": "Point",
    "coordinates": [
     -5.28134,
     36.66064
    ]
   },
   "properties": {
    "id": "EST-JIMERADELIBAR",
    "name": "Jimera de Líbar",
    "province": "Málaga",
    "marker-symbol": "rail",
    "marker-size": "small",
    "marker-color": "#666666"
   }
  },
  {
   "type": "Feature",
   "geometry": {
    "type": "Point",
    "coordinates": [
     -6.07716,
     43.44886
    ]
   },
   "properties": {
    "id": "EST-SANROMAN",
    "name": "San Román",
    "province": "Asturias",
    "marker-symbol": "rail",
    "marker-size": "small",
    "marker-color": "#666666"
   }
  },
  {
   "type": "Feature",
   "geometry": {
    "type": "Point",
    "coordinates": [
     -1.95892,
     43.32033
    ]
   },
   "properties": {
    "id": "EST-ATEGORRIETA",
    "name": "Ategorrieta",
    "province": "Gipuzkoa",
    "marker-symbol": "rail",
    "marker-size": "small",
    "marker-color": "#666666"
   }
  },
  {
   "type": "Feature",
   "geometry": {
    "type": "Point",
    "coordinates": [
     -2.94186,
     43.26129
    ]
   },
   "properties": {
    "id": "EST-INDAUTXU",
    "name": "Indautxu",
    "province": "Bizkaia",
    "marker-symbol": "rail",
    "marker-size": "small",
    "marker-color": "#666666"
   }
  },
  {
   "type": "Feature",
   "geometry": {
    "type": "Point",
    "coordinates": [
     -4.13438,
     43.00076
    ]
   },
   "properties": {
    "id": "EST-RIOEBRO",
    "name": "Río Ebro",
    "province": "Cantabria",
    "marker-symbol": "rail",
    "marker-size": "small",
    "marker-color": "#666666"
   }
  },
  {
   "type": "Feature",
   "geometry": {
    "type": "Point",
    "coordinates": [
     -0.5722,
     39.94728
    ]
   },
   "properties": {
    "id": "EST-CAUDIEL",
    "name": "Caudiel",
    "province": "Castellón",
    "marker-symbol": "rail",
    "marker-size": "small",
    "marker-color": "#666666"
   }
  },
  {
   "type": "Feature",
   "geometry": {
    "type": "Point",
    "coordinates": [
     2.00256,
     41.4355
    ]
   },
   "properties": {
    "id": "EST-ELPAPIOL",
    "name": "El Papiol",
    "province": "Barcelona",
    "marker-symbol": "rail",
    "marker-size": "small",
    "marker-color": "#666666"
   }
  },
  {
   "type": "Feature",
   "geometry": {
    "type": "Point",
    "coordinates": [
     2.11123,
     41.33357
    ]
   },
   "properties": {
    "id": "EST-MERCABARNA",
    "name": "Mercabarna",
    "province": "Barcelona",
    "marker-symbol": "rail",
    "marker-size": "small",
    "marker-color": "#666666"
   }
  },
  {
   "type": "Feature",
   "geometry": {
    "type": "Point",
    "coordinates": [
     -3.76493,
     37.82378
    ]
   },
   "properties": {
    "id": "EST-VACIACOSTALES",
    "name": "Vaciacostales",
    "province": "Jaén",
    "marker-symbol": "rail",
    "marker-size": "small",
    "marker-color": "#666666"
   }
  },
  {
   "type": "Feature",
   "geometry": {
    "type": "Point",
    "coordinates": [
     -5.81284,
     43.27667
    ]
   },
   "properties": {
    "id": "EST-LAPEREDA",
    "name": "La Pereda",
    "province": "Asturias",
    "marker-symbol": "rail",
    "marker-size": "small",
    "marker-color": "#666666"
   }
  },
  {
   "type": "Feature",
   "geometry": {
    "type": "Point",
    "coordinates": [
     -4.82654,
     39.97063
    ]
   },
   "properties": {
    "id": "EST-TALAVERADELAREINA",
    "name": "Talavera de la Reina",
    "province": "Toledo",
    "marker-symbol": "rail",
    "marker-size": "small",
    "marker-color": "#666666"
   }
  },
  {
   "type": "Feature",
   "geometry": {
    "type": "Point",
    "coordinates": [
     1.90683,
     41.52259
    ]
   },
   "properties": {
    "id": "EST-CABRERADEMAR",
    "name": "Cabrera de Mar",
    "province": "Barcelona",
    "marker-symbol": "rail",
    "marker-size": "small",
    "marker-color": "#666666"
   }
  },
  {
   "type": "Feature",
   "geometry": {
    "type": "Point",
    "coordinates": [
     -6.19554,
     36.46625
    ]
   },
   "properties": {
    "id": "EST-PLAZADELAIGLESIA",
    "name": "Plaza de la Iglesia",
    "province": "Cádiz",
    "marker-symbol": "rail",
    "marker-size": "small",
    "marker-color": "#666666"
   }
  },
  {
   "type": "Feature",
   "geometry": {
    "type": "Point",
    "coordinates": [
     -1.16265,
     38.01253
    ]
   },
   "properties": {
    "id": "EST-LOSRECTORESTERRANATURA",
    "name": "Los Rectores - Terra Natura",
    "province": "Murcia",
    "marker-symbol": "rail",
    "marker-size": "small",
    "marker-color": "#666666"
   }
  },
  {
   "type": "Feature",
   "geometry": {
    "type": "Point",
    "coordinates": [
     2.19426,
     41.52172
    ]
   },
   "properties": {
    "id": "EST-SANTAPERPETUADEMOGODA",
    "name": "Santa Perpètua de Mogoda La Florida",
    "province": "Barcelona",
    "marker-symbol": "rail",
    "marker-size": "small",
    "marker-color": "#666666"
   }
  },
  {
   "type": "Feature",
   "geometry": {
    "type": "Point",
    "coordinates": [
     -4.72798,
     37.03764
    ]
   },
   "properties": {
    "id": "EST-BOBADILLA",
    "name": "Bobadilla",
    "province": "Málaga",
    "marker-symbol": "rail",
    "marker-size": "small",
    "marker-color": "#666666"
   }
  },
  {
   "type": "Feature",
   "geometry": {
    "type": "Point",
    "coordinates": [
     -3.72559,
     40.4953
    ]
   },
   "properties": {
    "id": "EST-PITIS",
    "name": "Pitis",
    "province": "Madrid",
    "marker-symbol": "rail",
    "marker-size": "small",
    "marker-color": "#666666"
   }
  },
  {
   "type": "Feature",
   "geometry": {
    "type": "Point",
    "coordinates": [
     2.08735,
     41.31671
    ]
   },
   "properties": {
    "id": "EST-PARCNOU",
    "name": "Parc Nou",
    "province": "Barcelona",
    "marker-symbol": "rail",
    "marker-size": "small",
    "marker-color": "#666666"
   }
  },
  {
   "type": "Feature",
   "geometry": {
    "type": "Point",
    "coordinates": [
     -5.24614,
     36.71371
    ]
   },
   "properties": {
    "id": "EST-BENAOJANMONTEJAQUE",
    "name": "Benaoján-Montejaque",
    "province": "Málaga",
    "marker-symbol": "rail",
    "marker-size": "small",
    "marker-color": "#666666"
   }
  },
  {
   "type": "Feature",
   "geometry": {
    "type": "Point",
    "coordinates": [
     -5.3476,
     37.7164
    ]
   },
   "properties": {
    "id": "EST-PENAFLOR",
    "name": "Peñaflor",
    "province": "Sevilla",
    "marker-symbol": "rail",
    "marker-size": "small",
    "marker-color": "#666666"
   }
  },
  {
   "type": "Feature",
   "geometry": {
    "type": "Point",
    "coordinates": [
     -3.64947,
     40.427
    ]
   },
   "properties": {
    "id": "EST-LAELIPA",
    "name": "La Elipa",
    "province": "Madrid",
    "marker-symbol": "rail",
    "marker-size": "small",
    "marker-color": "#666666"
   }
  },
  {
   "type": "Feature",
   "geometry": {
    "type": "Point",
    "coordinates": [
     -0.58651,
     38.96917
    ]
   },
   "properties": {
    "id": "EST-ALCUDIADECRESPINS",
    "name": "Alcúdia de Crespins",
    "province": "Valencia",
    "marker-symbol": "rail",
    "marker-size": "small",
    "marker-color": "#666666"
   }
  },
  {
   "type": "Feature",
   "geometry": {
    "type": "Point",
    "coordinates": [
     -3.65844,
     40.4976
    ]
   },
   "properties": {
    "id": "EST-MARIATUDOR",
    "name": "María Tudor",
    "province": "Madrid",
    "marker-symbol": "rail",
    "marker-size": "small",
    "marker-color": "#666666"
   }
  },
  {
   "type": "Feature",
   "geometry": {
    "type": "Point",
    "coordinates": [
     -6.01012,
     37.40724
    ]
   },
   "properties": {
    "id": "EST-CARTUJA",
    "name": "Cartuja",
    "province": "Sevilla",
    "marker-symbol": "rail",
    "marker-size": "small",
    "marker-color": "#666666"
   }
  },
  {
   "type": "Feature",
   "geometry": {
    "type": "Point",
    "coordinates": [
     2.18692,
     41.41014
    ]
   },
   "properties": {
    "id": "EST-ELCLOTARAGO",
    "name": "El Clot-Aragó",
    "province": "Barcelona",
    "marker-symbol": "rail",
    "marker-size": "small",
    "marker-color": "#666666"
   }
  },
  {
   "type": "Feature",
   "geometry": {
    "type": "Point",
    "coordinates": [
     -4.97248,
     42.7876
    ]
   },
   "properties": {
    "id": "EST-PUENTEALMUHEY",
    "name": "Puente Almuhey",
    "province": "León",
    "marker-symbol": "rail",
    "marker-size": "small",
    "marker-color": "#666666"
   }
  },
  {
   "type": "Feature",
   "geometry": {
    "type": "Point",
    "coordinates": [
     1.86232,
     41.66886
    ]
   },
   "properties": {
    "id": "EST-SANTVICENCDECASTELLET",
    "name": "Sant Vicente de Castellet",
    "province": "Barcelona",
    "marker-symbol": "rail",
    "marker-size": "small",
    "marker-color": "#666666"
   }
  },
  {
   "type": "Feature",
   "geometry": {
    "type": "Point",
    "coordinates": [
     -3.60093,
     37.14922
    ]
   },
   "properties": {
    "id": "EST-DILAR",
    "name": "Dílar",
    "province": "Granada",
    "marker-symbol": "rail",
    "marker-size": "small",
    "marker-color": "#666666"
   }
  },
  {
   "type": "Feature",
   "geometry": {
    "type": "Point",
    "coordinates": [
     -6.19845,
     36.54413
    ]
   },
   "properties": {
    "id": "EST-LASALETAS",
    "name": "Las Aletas",
    "province": "Cádiz",
    "marker-symbol": "rail",
    "marker-size": "small",
    "marker-color": "#666666"
   }
  },
  {
   "type": "Feature",
   "geometry": {
    "type": "Point",
    "coordinates": [
     -2.95527,
     43.26419
    ]
   },
   "properties": {
    "id": "EST-OLABEAGA",
    "name": "Olabeaga",
    "province": "Bizkaia",
    "marker-symbol": "rail",
    "marker-size": "small",
    "marker-color": "#666666"
   }
  },
  {
   "type": "Feature",
   "geometry": {
    "type": "Point",
    "coordinates": [
     -3.00569,
     43.30917
    ]
   },
   "properties": {
    "id": "EST-SESTAO",
    "name": "Sestao",
    "province": "Bizkaia",
    "marker-symbol": "rail",
    "marker-size": "small",
    "marker-color": "#666666"
   }
  },
  {
   "type": "Feature",
   "geometry": {
    "type": "Point",
    "coordinates": [
     -0.30799,
     39.2058
    ]
   },
   "properties": {
    "id": "EST-SUECA",
    "name": "Sueca",
    "province": "Valencia",
    "marker-symbol": "rail",
    "marker-size": "small",
    "marker-color": "#666666"
   }
  },
  {
   "type": "Feature",
   "geometry": {
    "type": "Point",
    "coordinates": [
     -0.56939,
     39.91496
    ]
   },
   "properties": {
    "id": "EST-JERICAVIVER",
    "name": "Jérica-Viver",
    "province": "Castellón",
    "marker-symbol": "rail",
    "marker-size": "small",
    "marker-color": "#666666"
   }
  },
  {
   "type": "Feature",
   "geometry": {
    "type": "Point",
    "coordinates": [
     2.14304,
     41.40331
    ]
   },
   "properties": {
    "id": "EST-PADUA",
    "name": "Pàdua",
    "province": "Barcelona",
    "marker-symbol": "rail",
    "marker-size": "small",
    "marker-color": "#666666"
   }
  },
  {
   "type": "Feature",
   "geometry": {
    "type": "Point",
    "coordinates": [
     -3.69926,
     40.43845
    ]
   },
   "properties": {
    "id": "EST-ALONSOCANO",
    "name": "Alonso Cano",
    "province": "Madrid",
    "marker-symbol": "rail",
    "marker-size": "small",
    "marker-color": "#666666"
   }
  },
  {
   "type": "Feature",
   "geometry": {
    "type": "Point",
    "coordinates": [
     -3.69439,
     40.36999
    ]
   },
   "properties": {
    "id": "EST-SANFERMINORCASUR",
    "name": "San Fermín-Orcasur",
    "province": "Madrid",
    "marker-symbol": "rail",
    "marker-size": "small",
    "marker-color": "#666666"
   }
  },
  {
   "type": "Feature",
   "geometry": {
    "type": "Point",
    "coordinates": [
     2.13874,
     41.36049
    ]
   },
   "properties": {
    "id": "EST-FONERIA",
    "name": "Foneria",
    "province": "Barcelona",
    "marker-symbol": "rail",
    "marker-size": "small",
    "marker-color": "#666666"
   }
  },
  {
   "type": "Feature",
   "geometry": {
    "type": "Point",
    "coordinates": [
     1.13883,
     41.6503
    ]
   },
   "properties": {
    "id": "EST-TARREGA",
    "name": "Tàrrega",
    "province": "Lleida",
    "marker-symbol": "rail",
    "marker-size": "small",
    "marker-color": "#666666"
   }
  },
  {
   "type": "Feature",
   "geometry": {
    "type": "Point",
    "coordinates": [
     -5.77268,
     43.58458
    ]
   },
   "properties": {
    "id": "EST-CANDASAPEADERO",
    "name": "Candás Apeadero",
    "province": "Asturias",
    "marker-symbol": "rail",
    "marker-size": "small",
    "marker-color": "#666666"
   }
  },
  {
   "type": "Feature",
   "geometry": {
    "type": "Point",
    "coordinates": [
     -2.14369,
     40.03396
    ]
   },
   "properties": {
    "id": "EST-CUENCAFERNANDOZOBEL",
    "name": "Cuenca-Fernando Zóbel",
    "province": "Cuenca",
    "marker-symbol": "rail",
    "marker-size": "small",
    "marker-color": "#666666"
   }
  },
  {
   "type": "Feature",
   "geometry": {
    "type": "Point",
    "coordinates": [
     -2.46567,
     43.18711
    ]
   },
   "properties": {
    "id": "EST-ARDANTZAEIBAR",
    "name": "Ardantza-Eibar",
    "province": "Gipuzkoa",
    "marker-symbol": "rail",
    "marker-size": "small",
    "marker-color": "#666666"
   }
  },
  {
   "type": "Feature",
   "geometry": {
    "type": "Point",
    "coordinates": [
     1.76807,
     41.39578
    ]
   },
   "properties": {
    "id": "EST-LAVERNSUBIRATS",
    "name": "Lavern-Subirats",
    "province": "Barcelona",
    "marker-symbol": "rail",
    "marker-size": "small",
    "marker-color": "#666666"
   }
  },
  {
   "type": "Feature",
   "geometry": {
    "type": "Point",
    "coordinates": [
     -3.65584,
     40.49367
    ]
   },
   "properties": {
    "id": "EST-BLASCOIBANEZ",
    "name": "Blasco Ibáñez",
    "province": "Madrid",
    "marker-symbol": "rail",
    "marker-size": "small",
    "marker-color": "#666666"
   }
  },
  {
   "type": "Feature",
   "geometry": {
    "type": "Point",
    "coordinates": [
     -3.72713,
     40.41383
    ]
   },
   "properties": {
    "id": "EST-PUERTADELANGEL",
    "name": "Puerta del Ángel",
    "province": "Madrid",
    "marker-symbol": "rail",
    "marker-size": "small",
    "marker-color": "#666666"
   }
  },
  {
   "type": "Feature",
   "geometry": {
    "type": "Point",
    "coordinates": [
     -4.74178,
     42.80196
    ]
   },
   "properties": {
    "id": "EST-SANTIBAÑEZDELAPENA",
    "name": "Santibáñez de la Peña",
    "province": "Palencia",
    "marker-symbol": "rail",
    "marker-size": "small",
    "marker-color": "#666666"
   }
  },
  {
   "type": "Feature",
   "geometry": {
    "type": "Point",
    "coordinates": [
     -4.60194,
     42.81211
    ]
   },
   "properties": {
    "id": "EST-CASTREJONDELAPENA",
    "name": "Castrejón de la Peña",
    "province": "Palencia",
    "marker-symbol": "rail",
    "marker-size": "small",
    "marker-color": "#666666"
   }
  },
  {
   "type": "Feature",
   "geometry": {
    "type": "Point",
    "coordinates": [
     -0.18006,
     38.97035
    ]
   },
   "properties": {
    "id": "EST-GANDIA",
    "name": "Gandia",
    "province": "Valencia",
    "marker-symbol": "rail",
    "marker-size": "small",
    "marker-color": "#666666"
   }
  },
  {
   "type": "Feature",
   "geometry": {
    "type": "Point",
    "coordinates": [
     2.66579,
     39.58417
    ]
   },
   "properties": {
    "id": "EST-SONCOSTASONFORTESA",
    "name": "Son Costa-Son Fortesa",
    "province": "Baleares",
    "marker-symbol": "rail",
    "marker-size": "small",
    "marker-color": "#666666"
   }
  },
  {
   "type": "Feature",
   "geometry": {
    "type": "Point",
    "coordinates": [
     -5.21402,
     42.80889
    ]
   },
   "properties": {
    "id": "EST-LAERCINA",
    "name": "La Ercina",
    "province": "León",
    "marker-symbol": "rail",
    "marker-size": "small",
    "marker-color": "#666666"
   }
  },
  {
   "type": "Feature",
   "geometry": {
    "type": "Point",
    "coordinates": [
     -3.59573,
     40.40124
    ]
   },
   "properties": {
    "id": "EST-PUERTADEARGANDA",
    "name": "Puerta de Arganda",
    "province": "Madrid",
    "marker-symbol": "rail",
    "marker-size": "small",
    "marker-color": "#666666"
   }
  },
  {
   "type": "Feature",
   "geometry": {
    "type": "Point",
    "coordinates": [
     -5.52217,
     42.84114
    ]
   },
   "properties": {
    "id": "EST-MATALLANA",
    "name": "Matallana",
    "province": "León",
    "marker-symbol": "rail",
    "marker-size": "small",
    "marker-color": "#666666"
   }
  },
  {
   "type": "Feature",
   "geometry": {
    "type": "Point",
    "coordinates": [
     -5.72969,
     43.38174
    ]
   },
   "properties": {
    "id": "EST-FONCIELLO",
    "name": "Fonciello",
    "province": "Asturias",
    "marker-symbol": "rail",
    "marker-size": "small",
    "marker-color": "#666666"
   }
  },
  {
   "type": "Feature",
   "geometry": {
    "type": "Point",
    "coordinates": [
     -2.67622,
     43.31396
    ]
   },
   "properties": {
    "id": "EST-GERNIKAKOARBOLA",
    "name": "Gernikako Arbola",
    "province": "Bizkaia",
    "marker-symbol": "rail",
    "marker-size": "small",
    "marker-color": "#666666"
   }
  },
  {
   "type": "Feature",
   "geometry": {
    "type": "Point",
    "coordinates": [
     -3.76238,
     40.24538
    ]
   },
   "properties": {
    "id": "EST-JULIOROMERODETORRES",
    "name": "Julio Romero de Torres",
    "province": "Madrid",
    "marker-symbol": "rail",
    "marker-size": "small",
    "marker-color": "#666666"
   }
  },
  {
   "type": "Feature",
   "geometry": {
    "type": "Point",
    "coordinates": [
     2.58115,
     41.58645
    ]
   },
   "properties": {
    "id": "EST-CANETDEMAR",
    "name": "Canet de Mar",
    "province": "Barcelona",
    "marker-symbol": "rail",
    "marker-size": "small",
    "marker-color": "#666666"
   }
  },
  {
   "type": "Feature",
   "geometry": {
    "type": "Point",
    "coordinates": [
     -3.76863,
     40.38355
    ]
   },
   "properties": {
    "id": "EST-MAESTRAJUSTAFREIREPOLIDEPORTIVOALUCHE",
    "name": "Maestra Justa Freire-Polideportivo Aluche",
    "province": "Madrid",
    "marker-symbol": "rail",
    "marker-size": "small",
    "marker-color": "#666666"
   }
  },
  {
   "type": "Feature",
   "geometry": {
    "type": "Point",
    "coordinates": [
     -3.69469,
     40.50097
    ]
   },
   "properties": {
    "id": "EST-TRESOLIVOS",
    "name": "Tres Olivos",
    "province": "Madrid",
    "marker-symbol": "rail",
    "marker-size": "small",
    "marker-color": "#666666"
   }
  },
  {
   "type": "Feature",
   "geometry": {
    "type": "Point",
    "coordinates": [
     -0.41812,
     39.47399
    ]
   },
   "properties": {
    "id": "EST-MISLATA",
    "name": "Mislata",
    "province": "Valencia",
    "marker-symbol": "rail",
    "marker-size": "small",
    "marker-color": "#666666"
   }
  },
  {
   "type": "Feature",
   "geometry": {
    "type": "Point",
    "coordinates": [
     -5.43053,
     40.97228
    ]
   },
   "properties": {
    "id": "EST-BABILAFUENTE",
    "name": "Babilafuente",
    "province": "Salamanca",
    "marker-symbol": "rail",
    "marker-size": "small",
    "marker-color": "#666666"
   }
  },
  {
   "type": "Feature",
   "geometry": {
    "type": "Point",
    "coordinates": [
     -3.18225,
     40.64408
    ]
   },
   "properties": {
    "id": "EST-GUADALAJARAYEBES",
    "name": "Guadalajara-Yebes",
    "province": "Guadalajara",
    "marker-symbol": "rail",
    "marker-size": "small",
    "marker-color": "#666666"
   }
  },
  {
   "type": "Feature",
   "geometry": {
    "type": "Point",
    "coordinates": [
     1.86459,
     41.44059
    ]
   },
   "properties": {
    "id": "EST-GELIDASUPERIOR",
    "name": "Gelida Superior",
    "province": "Barcelona",
    "marker-symbol": "rail",
    "marker-size": "small",
    "marker-color": "#666666"
   }
  },
  {
   "type": "Feature",
   "geometry": {
    "type": "Point",
    "coordinates": [
     -0.03255,
     38.61265
    ]
   },
   "properties": {
    "id": "EST-CAPNEGRET",
    "name": "Cap Negret",
    "province": "Alicante",
    "marker-symbol": "rail",
    "marker-size": "small",
    "marker-color": "#666666"
   }
  },
  {
   "type": "Feature",
   "geometry": {
    "type": "Point",
    "coordinates": [
     -0.19882,
     38.53085
    ]
   },
   "properties": {
    "id": "EST-HOSPITALVILA",
    "name": "Hospital Vila",
    "province": "Alicante",
    "marker-symbol": "rail",
    "marker-size": "small",
    "marker-color": "#666666"
   }
  },
  {
   "type": "Feature",
   "geometry": {
    "type": "Point",
    "coordinates": [
     -0.22614,
     39.07899
    ]
   },
   "properties": {
    "id": "EST-TAVERNESDELAVALLDIGNA",
    "name": "Tavernes de la Valldigna",
    "province": "Valencia",
    "marker-symbol": "rail",
    "marker-size": "small",
    "marker-color": "#666666"
   }
  },
  {
   "type": "Feature",
   "geometry": {
    "type": "Point",
    "coordinates": [
     -0.38465,
     39.45936
    ]
   },
   "properties": {
    "id": "EST-JESUS",
    "name": "Jesús",
    "province": "Valencia",
    "marker-symbol": "rail",
    "marker-size": "small",
    "marker-color": "#666666"
   }
  },
  {
   "type": "Feature",
   "geometry": {
    "type": "Point",
    "coordinates": [
     -5.90041,
     38.16367
    ]
   },
   "properties": {
    "id": "EST-FUENTEDELARCO",
    "name": "Fuente del Arco",
    "province": "Badajoz",
    "marker-symbol": "rail",
    "marker-size": "small",
    "marker-color": "#666666"
   }
  },
  {
   "type": "Feature",
   "geometry": {
    "type": "Point",
    "coordinates": [
     -8.44821,
     43.03786
    ]
   },
   "properties": {
    "id": "EST-ORDES",
    "name": "Ordes",
    "province": "A Coruña",
    "marker-symbol": "rail",
    "marker-size": "small",
    "marker-color": "#666666"
   }
  },
  {
   "type": "Feature",
   "geometry": {
    "type": "Point",
    "coordinates": [
     -3.14487,
     43.20392
    ]
   },
   "properties": {
    "id": "EST-IBARRA",
    "name": "Ibarra",
    "province": "Bizkaia",
    "marker-symbol": "rail",
    "marker-size": "small",
    "marker-color": "#666666"
   }
  },
  {
   "type": "Feature",
   "geometry": {
    "type": "Point",
    "coordinates": [
     -3.84769,
     40.39502
    ]
   },
   "properties": {
    "id": "EST-PRADODELESPINO",
    "name": "Prado del Espino",
    "province": "Madrid",
    "marker-symbol": "rail",
    "marker-size": "small",
    "marker-color": "#666666"
   }
  },
  {
   "type": "Feature",
   "geometry": {
    "type": "Point",
    "coordinates": [
     -5.81561,
     43.18324
    ]
   },
   "properties": {
    "id": "EST-VILLALLANA",
    "name": "Villallana",
    "province": "Asturias",
    "marker-symbol": "rail",
    "marker-size": "small",
    "marker-color": "#666666"
   }
  },
  {
   "type": "Feature",
   "geometry": {
    "type": "Point",
    "coordinates": [
     -5.69716,
     43.53537
    ]
   },
   "properties": {
    "id": "EST-CALZADADEASTURIAS",
    "name": "Calzada de Asturias",
    "province": "Asturias",
    "marker-symbol": "rail",
    "marker-size": "small",
    "marker-color": "#666666"
   }
  },
  {
   "type": "Feature",
   "geometry": {
    "type": "Point",
    "coordinates": [
     -3.73488,
     40.41651
    ]
   },
   "properties": {
    "id": "EST-LAGO",
    "name": "Lago",
    "province": "Madrid",
    "marker-symbol": "rail",
    "marker-size": "small",
    "marker-color": "#666666"
   }
  },
  {
   "type": "Feature",
   "geometry": {
    "type": "Point",
    "coordinates": [
     -0.49928,
     42.39785
    ]
   },
   "properties": {
    "id": "EST-CALDEARENASAQUILUE",
    "name": "Caldearenas-Aquilué",
    "province": "Huesca",
    "marker-symbol": "rail",
    "marker-size": "small",
    "marker-color": "#666666"
   }
  },
  {
   "type": "Feature",
   "geometry": {
    "type": "Point",
    "coordinates": [
     -3.70758,
     40.30551
    ]
   },
   "properties": {
    "id": "EST-GETAFEINDUSTRIAL",
    "name": "Getafe Industrial",
    "province": "Madrid",
    "marker-symbol": "rail",
    "marker-size": "small",
    "marker-color": "#666666"
   }
  },
  {
   "type": "Feature",
   "geometry": {
    "type": "Point",
    "coordinates": [
     -6.14829,
     37.40722
    ]
   },
   "properties": {
    "id": "EST-VILLANUEVADELARISCALOLIVARES",
    "name": "Villanueva del Ariscal-Olivares",
    "province": "Sevilla",
    "marker-symbol": "rail",
    "marker-size": "small",
    "marker-color": "#666666"
   }
  },
  {
   "type": "Feature",
   "geometry": {
    "type": "Point",
    "coordinates": [
     0.45545,
     40.47175
    ]
   },
   "properties": {
    "id": "EST-VINAROS",
    "name": "Vinaròs",
    "province": "Castellón",
    "marker-symbol": "rail",
    "marker-size": "small",
    "marker-color": "#666666"
   }
  },
  {
   "type": "Feature",
   "geometry": {
    "type": "Point",
    "coordinates": [
     -4.02208,
     40.63905
    ]
   },
   "properties": {
    "id": "EST-LOSNEGRALES",
    "name": "Los Negrales",
    "province": "Madrid",
    "marker-symbol": "rail",
    "marker-size": "small",
    "marker-color": "#666666"
   }
  },
  {
   "type": "Feature",
   "geometry": {
    "type": "Point",
    "coordinates": [
     -4.83032,
     43.2577
    ]
   },
   "properties": {
    "id": "EST-PONCEBOS",
    "name": "Poncebos",
    "province": "Asturias",
    "marker-symbol": "rail",
    "marker-size": "small",
    "marker-color": "#666666"
   }
  },
  {
   "type": "Feature",
   "geometry": {
    "type": "Point",
    "coordinates": [
     -0.77347,
     40.11784
    ]
   },
   "properties": {
    "id": "EST-RUBIELOSDEMORA",
    "name": "Rubielos de Mora",
    "province": "Teruel",
    "marker-symbol": "rail",
    "marker-size": "small",
    "marker-color": "#666666"
   }
  },
  {
   "type": "Feature",
   "geometry": {
    "type": "Point",
    "coordinates": [
     -3.68966,
     40.46628
    ]
   },
   "properties": {
    "id": "EST-PLAZADECASTILLA",
    "name": "Plaza de Castilla",
    "province": "Madrid",
    "marker-symbol": "rail",
    "marker-size": "small",
    "marker-color": "#666666"
   }
  },
  {
   "type": "Feature",
   "geometry": {
    "type": "Point",
    "coordinates": [
     -5.92296,
     43.56148
    ]
   },
   "properties": {
    "id": "EST-AVILESAPEADERO",
    "name": "Avilés Apeadero",
    "province": "Asturias",
    "marker-symbol": "rail",
    "marker-size": "small",
    "marker-color": "#666666"
   }
  },
  {
   "type": "Feature",
   "geometry": {
    "type": "Point",
    "coordinates": [
     -5.70247,
     43.38248
    ]
   },
   "properties": {
    "id": "EST-ELBERRON",
    "name": "El Berrón",
    "province": "Asturias",
    "marker-symbol": "rail",
    "marker-size": "small",
    "marker-color": "#666666"
   }
  },
  {
   "type": "Feature",
   "geometry": {
    "type": "Point",
    "coordinates": [
     2.17994,
     41.45922
    ]
   },
   "properties": {
    "id": "EST-TORREBAROVALLBONA",
    "name": "Torre Baró | Vallbona",
    "province": "Barcelona",
    "marker-symbol": "rail",
    "marker-size": "small",
    "marker-color": "#666666"
   }
  },
  {
   "type": "Feature",
   "geometry": {
    "type": "Point",
    "coordinates": [
     2.09058,
     41.50084
    ]
   },
   "properties": {
    "id": "EST-BELLATERRA",
    "name": "Bellaterra",
    "province": "Barcelona",
    "marker-symbol": "rail",
    "marker-size": "small",
    "marker-color": "#666666"
   }
  },
  {
   "type": "Feature",
   "geometry": {
    "type": "Point",
    "coordinates": [
     -5.56233,
     43.24887
    ]
   },
   "properties": {
    "id": "EST-LAVIANA",
    "name": "Laviana",
    "province": "Asturias",
    "marker-symbol": "rail",
    "marker-size": "small",
    "marker-color": "#666666"
   }
  },
  {
   "type": "Feature",
   "geometry": {
    "type": "Point",
    "coordinates": [
     -5.3345,
     42.86463
    ]
   },
   "properties": {
    "id": "EST-BARRIODELASOLLAS",
    "name": "Barrio de las Ollas",
    "province": "León",
    "marker-symbol": "rail",
    "marker-size": "small",
    "marker-color": "#666666"
   }
  },
  {
   "type": "Feature",
   "geometry": {
    "type": "Point",
    "coordinates": [
     -5.69475,
     43.52856
    ]
   },
   "properties": {
    "id": "EST-TREMANESCARRENO",
    "name": "Tremañes-Carreño",
    "province": "Asturias",
    "marker-symbol": "rail",
    "marker-size": "small",
    "marker-color": "#666666"
   }
  },
  {
   "type": "Feature",
   "geometry": {
    "type": "Point",
    "coordinates": [
     -3.67761,
     40.45133
    ]
   },
   "properties": {
    "id": "EST-CONCHAESPINA",
    "name": "Concha Espina",
    "province": "Madrid",
    "marker-symbol": "rail",
    "marker-size": "small",
    "marker-color": "#666666"
   }
  },
  {
   "type": "Feature",
   "geometry": {
    "type": "Point",
    "coordinates": [
     2.21354,
     41.41715
    ]
   },
   "properties": {
    "id": "EST-ALFONSELMAGNANIM",
    "name": "Alfons el Magnànim",
    "province": "Barcelona",
    "marker-symbol": "rail",
    "marker-size": "small",
    "marker-color": "#666666"
   }
  },
  {
   "type": "Feature",
   "geometry": {
    "type": "Point",
    "coordinates": [
     0.08739,
     38.77522
    ]
   },
   "properties": {
    "id": "EST-GATA",
    "name": "Gata",
    "province": "Alicante",
    "marker-symbol": "rail",
    "marker-size": "small",
    "marker-color": "#666666"
   }
  },
  {
   "type": "Feature",
   "geometry": {
    "type": "Point",
    "coordinates": [
     -1.95782,
     42.3107
    ]
   },
   "properties": {
    "id": "EST-CALAHORRA",
    "name": "Calahorra",
    "province": "La Rioja",
    "marker-symbol": "rail",
    "marker-size": "small",
    "marker-color": "#666666"
   }
  },
  {
   "type": "Feature",
   "geometry": {
    "type": "Point",
    "coordinates": [
     -3.70965,
     38.89551
    ]
   },
   "properties": {
    "id": "EST-ALMAGRO",
    "name": "Almagro",
    "province": "Ciudad Real",
    "marker-symbol": "rail",
    "marker-size": "small",
    "marker-color": "#666666"
   }
  },
  {
   "type": "Feature",
   "geometry": {
    "type": "Point",
    "coordinates": [
     2.21609,
     41.41509
    ]
   },
   "properties": {
    "id": "EST-BESOSMAR",
    "name": "Besòs Mar",
    "province": "Barcelona",
    "marker-symbol": "rail",
    "marker-size": "small",
    "marker-color": "#666666"
   }
  },
  {
   "type": "Feature",
   "geometry": {
    "type": "Point",
    "coordinates": [
     2.29497,
     41.62985
    ]
   },
   "properties": {
    "id": "EST-LESFRANQUESESDELVALLES",
    "name": "Les Franqueses del Vallès",
    "province": "Barcelona",
    "marker-symbol": "rail",
    "marker-size": "small",
    "marker-color": "#666666"
   }
  },
  {
   "type": "Feature",
   "geometry": {
    "type": "Point",
    "coordinates": [
     -3.59212,
     40.35999
    ]
   },
   "properties": {
    "id": "EST-VALDECARROS",
    "name": "Valdecarros",
    "province": "Madrid",
    "marker-symbol": "rail",
    "marker-size": "small",
    "marker-color": "#666666"
   }
  },
  {
   "type": "Feature",
   "geometry": {
    "type": "Point",
    "coordinates": [
     -2.92252,
     43.25672
    ]
   },
   "properties": {
    "id": "EST-LACASILLA",
    "name": "La Casilla",
    "province": "Bizkaia",
    "marker-symbol": "rail",
    "marker-size": "small",
    "marker-color": "#666666"
   }
  },
  {
   "type": "Feature",
   "geometry": {
    "type": "Point",
    "coordinates": [
     -2.98998,
     43.24782
    ]
   },
   "properties": {
    "id": "EST-IRAUREGUI",
    "name": "Irauregui",
    "province": "Bizkaia",
    "marker-symbol": "rail",
    "marker-size": "small",
    "marker-color": "#666666"
   }
  },
  {
   "type": "Feature",
   "geometry": {
    "type": "Point",
    "coordinates": [
     2.18548,
     41.38212
    ]
   },
   "properties": {
    "id": "EST-BARCELONETA",
    "name": "Barceloneta",
    "province": "Barcelona",
    "marker-symbol": "rail",
    "marker-size": "small",
    "marker-color": "#666666"
   }
  },
  {
   "type": "Feature",
   "geometry": {
    "type": "Point",
    "coordinates": [
     -3.59544,
     37.15817
    ]
   },
   "properties": {
    "id": "EST-ANDRESSEGOVIA",
    "name": "Andrés Segovia",
    "province": "Granada",
    "marker-symbol": "rail",
    "marker-size": "small",
    "marker-color": "#666666"
   }
  },
  {
   "type": "Feature",
   "geometry": {
    "type": "Point",
    "coordinates": [
     -2.90599,
     43.29444
    ]
   },
   "properties": {
    "id": "EST-ELOTXELERRILOIU",
    "name": "Elotxelerri-Loiu",
    "province": "Bizkaia",
    "marker-symbol": "rail",
    "marker-size": "small",
    "marker-color": "#666666"
   }
  },
  {
   "type": "Feature",
   "geometry": {
    "type": "Point",
    "coordinates": [
     -5.13091,
     42.80318
    ]
   },
   "properties": {
    "id": "EST-CISTIERNA",
    "name": "Cistierna",
    "province": "León",
    "marker-symbol": "rail",
    "marker-size": "small",
    "marker-color": "#666666"
   }
  },
  {
   "type": "Feature",
   "geometry": {
    "type": "Point",
    "coordinates": [
     -3.88008,
     40.40717
    ]
   },
   "properties": {
    "id": "EST-BOADILLACENTRO",
    "name": "Boadilla Centro",
    "province": "Madrid",
    "marker-symbol": "rail",
    "marker-size": "small",
    "marker-color": "#666666"
   }
  },
  {
   "type": "Feature",
   "geometry": {
    "type": "Point",
    "coordinates": [
     -1.81706,
     43.33036
    ]
   },
   "properties": {
    "id": "EST-BENTAK",
    "name": "Bentak",
    "province": "Gipuzkoa",
    "marker-symbol": "rail",
    "marker-size": "small",
    "marker-color": "#666666"
   }
  },
  {
   "type": "Feature",
   "geometry": {
    "type": "Point",
    "coordinates": [
     -3.83216,
     38.01026
    ]
   },
   "properties": {
    "id": "EST-ESPELUY",
    "name": "Espeluy",
    "province": "Jaén",
    "marker-symbol": "rail",
    "marker-size": "small",
    "marker-color": "#666666"
   }
  },
  {
   "type": "Feature",
   "geometry": {
    "type": "Point",
    "coordinates": [
     -3.18653,
     37.71728
    ]
   },
   "properties": {
    "id": "EST-HUESA",
    "name": "Huesa",
    "province": "Jaén",
    "marker-symbol": "rail",
    "marker-size": "small",
    "marker-color": "#666666"
   }
  },
  {
   "type": "Feature",
   "geometry": {
    "type": "Point",
    "coordinates": [
     -3.79079,
     37.77998
    ]
   },
   "properties": {
    "id": "EST-JAEN",
    "name": "Jaén",
    "province": "Jaén",
    "marker-symbol": "rail",
    "marker-size": "small",
    "marker-color": "#666666"
   }
  },
  {
   "type": "Feature",
   "geometry": {
    "type": "Point",
    "coordinates": [
     -4.40239,
     42.26487
    ]
   },
   "properties": {
    "id": "EST-FROMISTA",
    "name": "Frómista",
    "province": "Palencia",
    "marker-symbol": "rail",
    "marker-size": "small",
    "marker-color": "#666666"
   }
  },
  {
   "type": "Feature",
   "geometry": {
    "type": "Point",
    "coordinates": [
     -3.67696,
     40.45712
    ]
   },
   "properties": {
    "id": "EST-COLOMBIA",
    "name": "Colombia",
    "province": "Madrid",
    "marker-symbol": "rail",
    "marker-size": "small",
    "marker-color": "#666666"
   }
  },
  {
   "type": "Feature",
   "geometry": {
    "type": "Point",
    "coordinates": [
     -1.40317,
     39.64495
    ]
   },
   "properties": {
    "id": "EST-CAMPORROBLES",
    "name": "Camporrobles",
    "province": "Valencia",
    "marker-symbol": "rail",
    "marker-size": "small",
    "marker-color": "#666666"
   }
  },
  {
   "type": "Feature",
   "geometry": {
    "type": "Point",
    "coordinates": [
     -1.31292,
     40.57306
    ]
   },
   "properties": {
    "id": "EST-SANTAEULALIADELCAMPO",
    "name": "Santa Eulalia del Campo",
    "province": "Teruel",
    "marker-symbol": "rail",
    "marker-size": "small",
    "marker-color": "#666666"
   }
  },
  {
   "type": "Feature",
   "geometry": {
    "type": "Point",
    "coordinates": [
     -5.74855,
     43.38092
    ]
   },
   "properties": {
    "id": "EST-MERES",
    "name": "Meres",
    "province": "Asturias",
    "marker-symbol": "rail",
    "marker-size": "small",
    "marker-color": "#666666"
   }
  },
  {
   "type": "Feature",
   "geometry": {
    "type": "Point",
    "coordinates": [
     -4.19855,
     42.07996
    ]
   },
   "properties": {
    "id": "EST-QUINTANADELPUENTE",
    "name": "Quintana del Puente",
    "province": "Palencia",
    "marker-symbol": "rail",
    "marker-size": "small",
    "marker-color": "#666666"
   }
  },
  {
   "type": "Feature",
   "geometry": {
    "type": "Point",
    "coordinates": [
     -5.81284,
     43.27667
    ]
   },
   "properties": {
    "id": "EST-LAPEREDARIOSA",
    "name": "La Pereda-Riosa",
    "province": "Asturias",
    "marker-symbol": "rail",
    "marker-size": "small",
    "marker-color": "#666666"
   }
  },
  {
   "type": "Feature",
   "geometry": {
    "type": "Point",
    "coordinates": [
     -0.45068,
     39.1532
    ]
   },
   "properties": {
    "id": "EST-ALZIRA",
    "name": "Alzira",
    "province": "Valencia",
    "marker-symbol": "rail",
    "marker-size": "small",
    "marker-color": "#666666"
   }
  },
  {
   "type": "Feature",
   "geometry": {
    "type": "Point",
    "coordinates": [
     2.35618,
     41.63642
    ]
   },
   "properties": {
    "id": "EST-CARDEDEU",
    "name": "Cardedeu",
    "province": "Barcelona",
    "marker-symbol": "rail",
    "marker-size": "small",
    "marker-color": "#666666"
   }
  },
  {
   "type": "Feature",
   "geometry": {
    "type": "Point",
    "coordinates": [
     -5.9329,
     37.48631
    ]
   },
   "properties": {
    "id": "EST-ELCANAMO",
    "name": "El Cáñamo",
    "province": "Sevilla",
    "marker-symbol": "rail",
    "marker-size": "small",
    "marker-color": "#666666"
   }
  },
  {
   "type": "Feature",
   "geometry": {
    "type": "Point",
    "coordinates": [
     -2.97857,
     42.98457
    ]
   },
   "properties": {
    "id": "EST-ARTOMANA",
    "name": "Artomaña",
    "province": "Álava",
    "marker-symbol": "rail",
    "marker-size": "small",
    "marker-color": "#666666"
   }
  },
  {
   "type": "Feature",
   "geometry": {
    "type": "Point",
    "coordinates": [
     -2.65071,
     42.85044
    ]
   },
   "properties": {
    "id": "EST-SALBURUA",
    "name": "Salburua",
    "province": "Álava",
    "marker-symbol": "rail",
    "marker-size": "small",
    "marker-color": "#666666"
   }
  },
  {
   "type": "Feature",
   "geometry": {
    "type": "Point",
    "coordinates": [
     2.28686,
     41.46874
    ]
   },
   "properties": {
    "id": "EST-MONTGATNORD",
    "name": "Montgat Nord",
    "province": "Barcelona",
    "marker-symbol": "rail",
    "marker-size": "small",
    "marker-color": "#666666"
   }
  },
  {
   "type": "Feature",
   "geometry": {
    "type": "Point",
    "coordinates": [
     -1.95994,
     41.29604
    ]
   },
   "properties": {
    "id": "EST-CETINA",
    "name": "Cetina",
    "province": "Zaragoza",
    "marker-symbol": "rail",
    "marker-size": "small",
    "marker-color": "#666666"
   }
  },
  {
   "type": "Feature",
   "geometry": {
    "type": "Point",
    "coordinates": [
     -3.68226,
     40.47206
    ]
   },
   "properties": {
    "id": "EST-MADRIDCHAMARTINCLARACAMPOAMOR",
    "name": "Madrid-Chamartín-Clara Campoamor",
    "province": "Madrid",
    "marker-symbol": "rail",
    "marker-size": "small",
    "marker-color": "#666666"
   }
  },
  {
   "type": "Feature",
   "geometry": {
    "type": "Point",
    "coordinates": [
     -8.65241,
     42.73898
    ]
   },
   "properties": {
    "id": "EST-PADRONBARBANZA",
    "name": "Padrón-Barbanza",
    "province": "A Coruña",
    "marker-symbol": "rail",
    "marker-size": "small",
    "marker-color": "#666666"
   }
  },
  {
   "type": "Feature",
   "geometry": {
    "type": "Point",
    "coordinates": [
     0.41986,
     40.47243
    ]
   },
   "properties": {
    "id": "EST-BENICARLOPENISCOLA",
    "name": "Benicarló-Peñíscola",
    "province": "Castellón",
    "marker-symbol": "rail",
    "marker-size": "small",
    "marker-color": "#666666"
   }
  },
  {
   "type": "Feature",
   "geometry": {
    "type": "Point",
    "coordinates": [
     -0.40669,
     38.39693
    ]
   },
   "properties": {
    "id": "EST-MUCHAVISTA",
    "name": "Muchavista",
    "province": "Alicante",
    "marker-symbol": "rail",
    "marker-size": "small",
    "marker-color": "#666666"
   }
  },
  {
   "type": "Feature",
   "geometry": {
    "type": "Point",
    "coordinates": [
     -2.69862,
     42.86419
    ]
   },
   "properties": {
    "id": "EST-LAKUABIZKARRA",
    "name": "Lakuabizkarra",
    "province": "Álava",
    "marker-symbol": "rail",
    "marker-size": "small",
    "marker-color": "#666666"
   }
  },
  {
   "type": "Feature",
   "geometry": {
    "type": "Point",
    "coordinates": [
     -2.91074,
     43.25115
    ]
   },
   "properties": {
    "id": "EST-BASARRATE",
    "name": "Basarrate",
    "province": "Bizkaia",
    "marker-symbol": "rail",
    "marker-size": "small",
    "marker-color": "#666666"
   }
  },
  {
   "type": "Feature",
   "geometry": {
    "type": "Point",
    "coordinates": [
     -0.45455,
     39.12051
    ]
   },
   "properties": {
    "id": "EST-CARCAIXENT",
    "name": "Carcaixent",
    "province": "Valencia",
    "marker-symbol": "rail",
    "marker-size": "small",
    "marker-color": "#666666"
   }
  },
  {
   "type": "Feature",
   "geometry": {
    "type": "Point",
    "coordinates": [
     1.83302,
     41.73222
    ]
   },
   "properties": {
    "id": "EST-MANRESAALTA",
    "name": "Manresa Alta",
    "province": "Barcelona",
    "marker-symbol": "rail",
    "marker-size": "small",
    "marker-color": "#666666"
   }
  },
  {
   "type": "Feature",
   "geometry": {
    "type": "Point",
    "coordinates": [
     -3.69073,
     40.45237
    ]
   },
   "properties": {
    "id": "EST-SANTIAGOBERNABEU",
    "name": "Santiago Bernabéu",
    "province": "Madrid",
    "marker-symbol": "rail",
    "marker-size": "small",
    "marker-color": "#666666"
   }
  },
  {
   "type": "Feature",
   "geometry": {
    "type": "Point",
    "coordinates": [
     -5.575,
     43.25985
    ]
   },
   "properties": {
    "id": "EST-BARREDOS",
    "name": "Barredos",
    "province": "Asturias",
    "marker-symbol": "rail",
    "marker-size": "small",
    "marker-color": "#666666"
   }
  },
  {
   "type": "Feature",
   "geometry": {
    "type": "Point",
    "coordinates": [
     -4.05404,
     43.32439
    ]
   },
   "properties": {
    "id": "EST-VIERNOLES",
    "name": "Viérnoles",
    "province": "Cantabria",
    "marker-symbol": "rail",
    "marker-size": "small",
    "marker-color": "#666666"
   }
  },
  {
   "type": "Feature",
   "geometry": {
    "type": "Point",
    "coordinates": [
     -0.42999,
     39.2842
    ]
   },
   "properties": {
    "id": "EST-BENIFAIOALMUSSAFES",
    "name": "Benifaió-Almussafes",
    "province": "Valencia",
    "marker-symbol": "rail",
    "marker-size": "small",
    "marker-color": "#666666"
   }
  },
  {
   "type": "Feature",
   "geometry": {
    "type": "Point",
    "coordinates": [
     -0.68627,
     39.49078
    ]
   },
   "properties": {
    "id": "EST-CHESTE",
    "name": "Cheste",
    "province": "Valencia",
    "marker-symbol": "rail",
    "marker-size": "small",
    "marker-color": "#666666"
   }
  },
  {
   "type": "Feature",
   "geometry": {
    "type": "Point",
    "coordinates": [
     -2.94354,
     43.14502
    ]
   },
   "properties": {
    "id": "EST-ARETA",
    "name": "Areta",
    "province": "Álava",
    "marker-symbol": "rail",
    "marker-size": "small",
    "marker-color": "#666666"
   }
  },
  {
   "type": "Feature",
   "geometry": {
    "type": "Point",
    "coordinates": [
     1.42063,
     41.65585
    ]
   },
   "properties": {
    "id": "EST-SANTGUIMDEFREIXENET",
    "name": "Sant Guim de Freixenet",
    "province": "Lleida",
    "marker-symbol": "rail",
    "marker-size": "small",
    "marker-color": "#666666"
   }
  },
  {
   "type": "Feature",
   "geometry": {
    "type": "Point",
    "coordinates": [
     -3.01127,
     43.35644
    ]
   },
   "properties": {
    "id": "EST-BIDEZABAL",
    "name": "Bidezabal",
    "province": "Bizkaia",
    "marker-symbol": "rail",
    "marker-size": "small",
    "marker-color": "#666666"
   }
  },
  {
   "type": "Feature",
   "geometry": {
    "type": "Point",
    "coordinates": [
     -8.60372,
     42.28549
    ]
   },
   "properties": {
    "id": "EST-REDONDELA",
    "name": "Redondela",
    "province": "Pontevedra",
    "marker-symbol": "rail",
    "marker-size": "small",
    "marker-color": "#666666"
   }
  },
  {
   "type": "Feature",
   "geometry": {
    "type": "Point",
    "coordinates": [
     -2.87469,
     43.28673
    ]
   },
   "properties": {
    "id": "EST-LEKUNBIZZAMUDIO",
    "name": "Lekunbiz-Zamudio",
    "province": "Bizkaia",
    "marker-symbol": "rail",
    "marker-size": "small",
    "marker-color": "#666666"
   }
  },
  {
   "type": "Feature",
   "geometry": {
    "type": "Point",
    "coordinates": [
     -5.33952,
     42.85855
    ]
   },
   "properties": {
    "id": "EST-LAMATADELARIBA",
    "name": "La Mata de la Riba",
    "province": "León",
    "marker-symbol": "rail",
    "marker-size": "small",
    "marker-color": "#666666"
   }
  },
  {
   "type": "Feature",
   "geometry": {
    "type": "Point",
    "coordinates": [
     -4.89364,
     37.22227
    ]
   },
   "properties": {
    "id": "EST-PEDRERA",
    "name": "Pedrera",
    "province": "Sevilla",
    "marker-symbol": "rail",
    "marker-size": "small",
    "marker-color": "#666666"
   }
  },
  {
   "type": "Feature",
   "geometry": {
    "type": "Point",
    "coordinates": [
     -3.62085,
     37.1475
    ]
   },
   "properties": {
    "id": "EST-FERNANDODELOSRIOS",
    "name": "Fernando de los Ríos",
    "province": "Granada",
    "marker-symbol": "rail",
    "marker-size": "small",
    "marker-color": "#666666"
   }
  },
  {
   "type": "Feature",
   "geometry": {
    "type": "Point",
    "coordinates": [
     -0.7874,
     39.4271
    ]
   },
   "properties": {
    "id": "EST-BUNOL",
    "name": "Buñol",
    "province": "Valencia",
    "marker-symbol": "rail",
    "marker-size": "small",
    "marker-color": "#666666"
   }
  },
  {
   "type": "Feature",
   "geometry": {
    "type": "Point",
    "coordinates": [
     -5.74625,
     43.52082
    ]
   },
   "properties": {
    "id": "EST-MONTEANA",
    "name": "Monteana",
    "province": "Asturias",
    "marker-symbol": "rail",
    "marker-size": "small",
    "marker-color": "#666666"
   }
  },
  {
   "type": "Feature",
   "geometry": {
    "type": "Point",
    "coordinates": [
     -3.80745,
     40.28522
    ]
   },
   "properties": {
    "id": "EST-PARQUEEUROPA",
    "name": "Parque Europa",
    "province": "Madrid",
    "marker-symbol": "rail",
    "marker-size": "small",
    "marker-color": "#666666"
   }
  },
  {
   "type": "Feature",
   "geometry": {
    "type": "Point",
    "coordinates": [
     2.19151,
     41.40439
    ]
   },
   "properties": {
    "id": "EST-CALARANYO",
    "name": "Ca l'Aranyó",
    "province": "Barcelona",
    "marker-symbol": "rail",
    "marker-size": "small",
    "marker-color": "#666666"
   }
  },
  {
   "type": "Feature",
   "geometry": {
    "type": "Point",
    "coordinates": [
     -5.18003,
     42.80978
    ]
   },
   "properties": {
    "id": "EST-YUGUEROS",
    "name": "Yugueros",
    "province": "León",
    "marker-symbol": "rail",
    "marker-size": "small",
    "marker-color": "#666666"
   }
  },
  {
   "type": "Feature",
   "geometry": {
    "type": "Point",
    "coordinates": [
     0.07606,
     41.22955
    ]
   },
   "properties": {
    "id": "EST-VALDEPILAS",
    "name": "Val de Pilas",
    "province": "Zaragoza",
    "marker-symbol": "rail",
    "marker-size": "small",
    "marker-color": "#666666"
   }
  },
  {
   "type": "Feature",
   "geometry": {
    "type": "Point",
    "coordinates": [
     2.19344,
     41.42976
    ]
   },
   "properties": {
    "id": "EST-ONZEDESETEMBRE",
    "name": "Onze de Setembre",
    "province": "Barcelona",
    "marker-symbol": "rail",
    "marker-size": "small",
    "marker-color": "#666666"
   }
  },
  {
   "type": "Feature",
   "geometry": {
    "type": "Point",
    "coordinates": [
     -3.64185,
     40.40526
    ]
   },
   "properties": {
    "id": "EST-ARTILLEROS",
    "name": "Artilleros",
    "province": "Madrid",
    "marker-symbol": "rail",
    "marker-size": "small",
    "marker-color": "#666666"
   }
  },
  {
   "type": "Feature",
   "geometry": {
    "type": "Point",
    "coordinates": [
     -2.9325,
     43.25647
    ]
   },
   "properties": {
    "id": "EST-ZABALBURU",
    "name": "Zabalburu",
    "province": "Bizkaia",
    "marker-symbol": "rail",
    "marker-size": "small",
    "marker-color": "#666666"
   }
  },
  {
   "type": "Feature",
   "geometry": {
    "type": "Point",
    "coordinates": [
     -8.76228,
     42.60199
    ]
   },
   "properties": {
    "id": "EST-VILAGARCIADEAROUSA",
    "name": "Vilagarcía de Arousa",
    "province": "Pontevedra",
    "marker-symbol": "rail",
    "marker-size": "small",
    "marker-color": "#666666"
   }
  },
  {
   "type": "Feature",
   "geometry": {
    "type": "Point",
    "coordinates": [
     -1.25479,
     41.00931
    ]
   },
   "properties": {
    "id": "EST-CUENCABUENA",
    "name": "Cuencabuena",
    "province": "Teruel",
    "marker-symbol": "rail",
    "marker-size": "small",
    "marker-color": "#666666"
   }
  },
  {
   "type": "Feature",
   "geometry": {
    "type": "Point",
    "coordinates": [
     1.97399,
     41.56912
    ]
   },
   "properties": {
    "id": "EST-SANTMIQUELDEGONTERES",
    "name": "St. Miquel de Gonteres-Viladecavalls",
    "province": "Barcelona",
    "marker-symbol": "rail",
    "marker-size": "small",
    "marker-color": "#666666"
   }
  },
  {
   "type": "Feature",
   "geometry": {
    "type": "Point",
    "coordinates": [
     2.15996,
     41.39596
    ]
   },
   "properties": {
    "id": "EST-DIAGONAL",
    "name": "Diagonal",
    "province": "Barcelona",
    "marker-symbol": "rail",
    "marker-size": "small",
    "marker-color": "#666666"
   }
  },
  {
   "type": "Feature",
   "geometry": {
    "type": "Point",
    "coordinates": [
     -0.68243,
     42.27552
    ]
   },
   "properties": {
    "id": "EST-AYERBE",
    "name": "Ayerbe",
    "province": "Huesca",
    "marker-symbol": "rail",
    "marker-size": "small",
    "marker-color": "#666666"
   }
  },
  {
   "type": "Feature",
   "geometry": {
    "type": "Point",
    "coordinates": [
     2.13653,
     41.39047
    ]
   },
   "properties": {
    "id": "EST-LILLA",
    "name": "L'Illa",
    "province": "Barcelona",
    "marker-symbol": "rail",
    "marker-size": "small",
    "marker-color": "#666666"
   }
  },
  {
   "type": "Feature",
   "geometry": {
    "type": "Point",
    "coordinates": [
     -3.69938,
     40.33163
    ]
   },
   "properties": {
    "id": "EST-SANCRISTOBALINDUSTRIAL",
    "name": "San Cristóbal Industrial",
    "province": "Madrid",
    "marker-symbol": "rail",
    "marker-size": "small",
    "marker-color": "#666666"
   }
  },
  {
   "type": "Feature",
   "geometry": {
    "type": "Point",
    "coordinates": [
     -5.93461,
     37.34212
    ]
   },
   "properties": {
    "id": "EST-MONTEQUINTO",
    "name": "Montequinto",
    "province": "Sevilla",
    "marker-symbol": "rail",
    "marker-size": "small",
    "marker-color": "#666666"
   }
  },
  {
   "type": "Feature",
   "geometry": {
    "type": "Point",
    "coordinates": [
     -3.02489,
     43.22282
    ]
   },
   "properties": {
    "id": "EST-LAQUADRA",
    "name": "La Quadra",
    "province": "Bizkaia",
    "marker-symbol": "rail",
    "marker-size": "small",
    "marker-color": "#666666"
   }
  },
  {
   "type": "Feature",
   "geometry": {
    "type": "Point",
    "coordinates": [
     -0.92998,
     41.62357
    ]
   },
   "properties": {
    "id": "EST-CANTANDOBAJOLALLUVIA",
    "name": "Cantando bajo la Lluvia",
    "province": "Zaragoza",
    "marker-symbol": "rail",
    "marker-size": "small",
    "marker-color": "#666666"
   }
  },
  {
   "type": "Feature",
   "geometry": {
    "type": "Point",
    "coordinates": [
     2.65413,
     39.5763
    ]
   },
   "properties": {
    "id": "EST-ESTACIOINTERMODAL",
    "name": "Estació Intermodal",
    "province": "Baleares",
    "marker-symbol": "rail",
    "marker-size": "small",
    "marker-color": "#666666"
   }
  },
  {
   "type": "Feature",
   "geometry": {
    "type": "Point",
    "coordinates": [
     -7.11325,
     42.39261
    ]
   },
   "properties": {
    "id": "EST-ARUAPETIN",
    "name": "A Rúa-Petín",
    "province": "Ourense",
    "marker-symbol": "rail",
    "marker-size": "small",
    "marker-color": "#666666"
   }
  },
  {
   "type": "Feature",
   "geometry": {
    "type": "Point",
    "coordinates": [
     -3.77236,
     40.32809
    ]
   },
   "properties": {
    "id": "EST-LEGANESCENTRAL",
    "name": "Leganés Central",
    "province": "Madrid",
    "marker-symbol": "rail",
    "marker-size": "small",
    "marker-color": "#666666"
   }
  },
  {
   "type": "Feature",
   "geometry": {
    "type": "Point",
    "coordinates": [
     -0.3336,
     39.45005
    ]
   },
   "properties": {
    "id": "EST-NATZARET",
    "name": "Natzaret",
    "province": "Valencia",
    "marker-symbol": "rail",
    "marker-size": "small",
    "marker-color": "#666666"
   }
  },
  {
   "type": "Feature",
   "geometry": {
    "type": "Point",
    "coordinates": [
     0.81469,
     41.78922
    ]
   },
   "properties": {
    "id": "EST-BALAGUER",
    "name": "Balaguer",
    "province": "Lleida",
    "marker-symbol": "rail",
    "marker-size": "small",
    "marker-color": "#666666"
   }
  },
  {
   "type": "Feature",
   "geometry": {
    "type": "Point",
    "coordinates": [
     -3.70066,
     40.40845
    ]
   },
   "properties": {
    "id": "EST-LAVAPIES",
    "name": "Lavapiés",
    "province": "Madrid",
    "marker-symbol": "rail",
    "marker-size": "small",
    "marker-color": "#666666"
   }
  },
  {
   "type": "Feature",
   "geometry": {
    "type": "Point",
    "coordinates": [
     -0.69581,
     42.38025
    ]
   },
   "properties": {
    "id": "EST-SANTAMARIAYLAPENA",
    "name": "Santa María y La Peña",
    "province": "Huesca",
    "marker-symbol": "rail",
    "marker-size": "small",
    "marker-color": "#666666"
   }
  },
  {
   "type": "Feature",
   "geometry": {
    "type": "Point",
    "coordinates": [
     -16.29013,
     28.48398
    ]
   },
   "properties": {
    "id": "EST-LACUESTA",
    "name": "La Cuesta",
    "province": "Santa Cruz de Tenerife",
    "marker-symbol": "rail",
    "marker-size": "small",
    "marker-color": "#666666"
   }
  },
  {
   "type": "Feature",
   "geometry": {
    "type": "Point",
    "coordinates": [
     -4.38611,
     42.85131
    ]
   },
   "properties": {
    "id": "EST-SALINASDEPISUERGA",
    "name": "Salinas de Pisuerga",
    "province": "Palencia",
    "marker-symbol": "rail",
    "marker-size": "small",
    "marker-color": "#666666"
   }
  },
  {
   "type": "Feature",
   "geometry": {
    "type": "Point",
    "coordinates": [
     -6.32569,
     39.81206
    ]
   },
   "properties": {
    "id": "EST-CASASDEMILLAN",
    "name": "Casas de Millán",
    "province": "Cáceres",
    "marker-symbol": "rail",
    "marker-size": "small",
    "marker-color": "#666666"
   }
  },
  {
   "type": "Feature",
   "geometry": {
    "type": "Point",
    "coordinates": [
     -3.7894,
     37.77665
    ]
   },
   "properties": {
    "id": "EST-LOSPERFUMES",
    "name": "Los Perfumes",
    "province": "Jaén",
    "marker-symbol": "rail",
    "marker-size": "small",
    "marker-color": "#666666"
   }
  },
  {
   "type": "Feature",
   "geometry": {
    "type": "Point",
    "coordinates": [
     -5.67464,
     43.38669
    ]
   },
   "properties": {
    "id": "EST-LACARRERA",
    "name": "La Carrera",
    "province": "Asturias",
    "marker-symbol": "rail",
    "marker-size": "small",
    "marker-color": "#666666"
   }
  },
  {
   "type": "Feature",
   "geometry": {
    "type": "Point",
    "coordinates": [
     -0.37414,
     39.48003
    ]
   },
   "properties": {
    "id": "EST-PONTDEFUSTA",
    "name": "Pont de Fusta",
    "province": "Valencia",
    "marker-symbol": "rail",
    "marker-size": "small",
    "marker-color": "#666666"
   }
  },
  {
   "type": "Feature",
   "geometry": {
    "type": "Point",
    "coordinates": [
     -2.44082,
     42.45757
    ]
   },
   "properties": {
    "id": "EST-LOGRONO",
    "name": "Logroño",
    "province": "La Rioja",
    "marker-symbol": "rail",
    "marker-size": "small",
    "marker-color": "#666666"
   }
  },
  {
   "type": "Feature",
   "geometry": {
    "type": "Point",
    "coordinates": [
     -7.23072,
     39.42694
    ]
   },
   "properties": {
    "id": "EST-VALENCIADEALCANTARA",
    "name": "Valencia de Alcántara",
    "province": "Cáceres",
    "marker-symbol": "rail",
    "marker-size": "small",
    "marker-color": "#666666"
   }
  },
  {
   "type": "Feature",
   "geometry": {
    "type": "Point",
    "coordinates": [
     -5.07096,
     42.76789
    ]
   },
   "properties": {
    "id": "EST-VALLEDELASCASAS",
    "name": "Valle de las Casas",
    "province": "León",
    "marker-symbol": "rail",
    "marker-size": "small",
    "marker-color": "#666666"
   }
  },
  {
   "type": "Feature",
   "geometry": {
    "type": "Point",
    "coordinates": [
     -2.31988,
     43.08701
    ]
   },
   "properties": {
    "id": "EST-ZUMARRAGA",
    "name": "Zumárraga",
    "province": "Gipuzkoa",
    "marker-symbol": "rail",
    "marker-size": "small",
    "marker-color": "#666666"
   }
  },
  {
   "type": "Feature",
   "geometry": {
    "type": "Point",
    "coordinates": [
     -3.79248,
     40.29672
    ]
   },
   "properties": {
    "id": "EST-LASERNA",
    "name": "La Serna",
    "province": "Madrid",
    "marker-symbol": "rail",
    "marker-size": "small",
    "marker-color": "#666666"
   }
  },
  {
   "type": "Feature",
   "geometry": {
    "type": "Point",
    "coordinates": [
     -5.9325,
     43.54431
    ]
   },
   "properties": {
    "id": "EST-RAICES",
    "name": "Raíces",
    "province": "Asturias",
    "marker-symbol": "rail",
    "marker-size": "small",
    "marker-color": "#666666"
   }
  },
  {
   "type": "Feature",
   "geometry": {
    "type": "Point",
    "coordinates": [
     -1.99851,
     41.80555
    ]
   },
   "properties": {
    "id": "EST-OLVEGA",
    "name": "Ólvega",
    "province": "Soria",
    "marker-symbol": "rail",
    "marker-size": "small",
    "marker-color": "#666666"
   }
  },
  {
   "type": "Feature",
   "geometry": {
    "type": "Point",
    "coordinates": [
     2.53893,
     41.71796
    ]
   },
   "properties": {
    "id": "EST-GUALBA",
    "name": "Gualba",
    "province": "Barcelona",
    "marker-symbol": "rail",
    "marker-size": "small",
    "marker-color": "#666666"
   }
  },
  {
   "type": "Feature",
   "geometry": {
    "type": "Point",
    "coordinates": [
     1.83336,
     41.58876
    ]
   },
   "properties": {
    "id": "EST-SANTJOANBAPTISTA",
    "name": "Sant Joan Baptista",
    "province": "Barcelona",
    "marker-symbol": "rail",
    "marker-size": "small",
    "marker-color": "#666666"
   }
  },
  {
   "type": "Feature",
   "geometry": {
    "type": "Point",
    "coordinates": [
     -3.68271,
     40.47395
    ]
   },
   "properties": {
    "id": "EST-CHAMARTIN",
    "name": "Chamartín",
    "province": "Madrid",
    "marker-symbol": "rail",
    "marker-size": "small",
    "marker-color": "#666666"
   }
  },
  {
   "type": "Feature",
   "geometry": {
    "type": "Point",
    "coordinates": [
     -1.7319,
     37.58099
    ]
   },
   "properties": {
    "id": "EST-PUERTOLUMBRERAS",
    "name": "Puerto Lumbreras",
    "province": "Murcia",
    "marker-symbol": "rail",
    "marker-size": "small",
    "marker-color": "#666666"
   }
  },
  {
   "type": "Feature",
   "geometry": {
    "type": "Point",
    "coordinates": [
     -3.00184,
     43.04886
    ]
   },
   "properties": {
    "id": "EST-AMURRIO",
    "name": "Amurrio",
    "province": "Álava",
    "marker-symbol": "rail",
    "marker-size": "small",
    "marker-color": "#666666"
   }
  },
  {
   "type": "Feature",
   "geometry": {
    "type": "Point",
    "coordinates": [
     -2.6727,
     42.8413
    ]
   },
   "properties": {
    "id": "EST-VITORIAGASTEIZ",
    "name": "Vitoria-Gasteiz",
    "province": "Álava",
    "marker-symbol": "rail",
    "marker-size": "small",
    "marker-color": "#666666"
   }
  },
  {
   "type": "Feature",
   "geometry": {
    "type": "Point",
    "coordinates": [
     -5.78239,
     43.25004
    ]
   },
   "properties": {
    "id": "EST-MIERESPUENTE",
    "name": "Mieres-Puente",
    "province": "Asturias",
    "marker-symbol": "rail",
    "marker-size": "small",
    "marker-color": "#666666"
   }
  },
  {
   "type": "Feature",
   "geometry": {
    "type": "Point",
    "coordinates": [
     -3.60889,
     40.4042
    ]
   },
   "properties": {
    "id": "EST-VICALVARO",
    "name": "Vicálvaro",
    "province": "Madrid",
    "marker-symbol": "rail",
    "marker-size": "small",
    "marker-color": "#666666"
   }
  },
  {
   "type": "Feature",
   "geometry": {
    "type": "Point",
    "coordinates": [
     2.20073,
     41.41906
    ]
   },
   "properties": {
    "id": "EST-SANTMARTIDELERM",
    "name": "Sant Martí de l'Erm",
    "province": "Barcelona",
    "marker-symbol": "rail",
    "marker-size": "small",
    "marker-color": "#666666"
   }
  },
  {
   "type": "Feature",
   "geometry": {
    "type": "Point",
    "coordinates": [
     2.07104,
     41.28826
    ]
   },
   "properties": {
    "id": "EST-AEROPORTT1",
    "name": "Aeroport T1",
    "province": "Barcelona",
    "marker-symbol": "rail",
    "marker-size": "small",
    "marker-color": "#666666"
   }
  },
  {
   "type": "Feature",
   "geometry": {
    "type": "Point",
    "coordinates": [
     -3.74577,
     40.29325
    ]
   },
   "properties": {
    "id": "EST-CONSERVATORIO-Madrid-Getafe",
    "name": "Conservatorio",
    "province": "Madrid",
    "marker-symbol": "rail",
    "marker-size": "small",
    "marker-color": "#666666"
   }
  },
  {
   "type": "Feature",
   "geometry": {
    "type": "Point",
    "coordinates": [
     -3.81568,
     40.35655
    ]
   },
   "properties": {
    "id": "EST-SANJOSEDEVALDERAS",
    "name": "San José de Valderas",
    "province": "Madrid",
    "marker-symbol": "rail",
    "marker-size": "small",
    "marker-color": "#666666"
   }
  },
  {
   "type": "Feature",
   "geometry": {
    "type": "Point",
    "coordinates": [
     -2.99261,
     43.30573
    ]
   },
   "properties": {
    "id": "EST-URBINAGA",
    "name": "Urbinaga",
    "province": "Bizkaia",
    "marker-symbol": "rail",
    "marker-size": "small",
    "marker-color": "#666666"
   }
  },
  {
   "type": "Feature",
   "geometry": {
    "type": "Point",
    "coordinates": [
     -0.16236,
     39.82088
    ]
   },
   "properties": {
    "id": "EST-MONCOFA",
    "name": "Moncofa",
    "province": "Castellón",
    "marker-symbol": "rail",
    "marker-size": "small",
    "marker-color": "#666666"
   }
  },
  {
   "type": "Feature",
   "geometry": {
    "type": "Point",
    "coordinates": [
     -0.39259,
     39.42233
    ]
   },
   "properties": {
    "id": "EST-ALFAFARBENETUSSER",
    "name": "Alfafar-Benetússer",
    "province": "Valencia",
    "marker-symbol": "rail",
    "marker-size": "small",
    "marker-color": "#666666"
   }
  },
  {
   "type": "Feature",
   "geometry": {
    "type": "Point",
    "coordinates": [
     -2.14096,
     43.0858
    ]
   },
   "properties": {
    "id": "EST-LEGORRETA",
    "name": "Legorreta",
    "province": "Gipuzkoa",
    "marker-symbol": "rail",
    "marker-size": "small",
    "marker-color": "#666666"
   }
  },
  {
   "type": "Feature",
   "geometry": {
    "type": "Point",
    "coordinates": [
     2.24919,
     41.76072
    ]
   },
   "properties": {
    "id": "EST-SANTMARTIDECENTELLES",
    "name": "Sant Martí de Centelles",
    "province": "Barcelona",
    "marker-symbol": "rail",
    "marker-size": "small",
    "marker-color": "#666666"
   }
  },
  {
   "type": "Feature",
   "geometry": {
    "type": "Point",
    "coordinates": [
     -1.80058,
     43.33921
    ]
   },
   "properties": {
    "id": "EST-BELASKOENEAIRUN",
    "name": "Belaskoenea-Irun",
    "province": "Gipuzkoa",
    "marker-symbol": "rail",
    "marker-size": "small",
    "marker-color": "#666666"
   }
  },
  {
   "type": "Feature",
   "geometry": {
    "type": "Point",
    "coordinates": [
     -0.34718,
     39.45305
    ]
   },
   "properties": {
    "id": "EST-OCEANOGRAFIC",
    "name": "Oceanogràfic",
    "province": "Valencia",
    "marker-symbol": "rail",
    "marker-size": "small",
    "marker-color": "#666666"
   }
  },
  {
   "type": "Feature",
   "geometry": {
    "type": "Point",
    "coordinates": [
     -2.64622,
     41.07145
    ]
   },
   "properties": {
    "id": "EST-SIGUENZA",
    "name": "Sigüenza",
    "province": "Guadalajara",
    "marker-symbol": "rail",
    "marker-size": "small",
    "marker-color": "#666666"
   }
  },
  {
   "type": "Feature",
   "geometry": {
    "type": "Point",
    "coordinates": [
     2.01335,
     41.5804
    ]
   },
   "properties": {
    "id": "EST-TERRASSANACIONSUNIDES",
    "name": "Terrassa Nacions Unides",
    "province": "Barcelona",
    "marker-symbol": "rail",
    "marker-size": "small",
    "marker-color": "#666666"
   }
  },
  {
   "type": "Feature",
   "geometry": {
    "type": "Point",
    "coordinates": [
     -6.10125,
     39.93762
    ]
   },
   "properties": {
    "id": "EST-MONFRAGUE",
    "name": "Monfragüe",
    "province": "Cáceres",
    "marker-symbol": "rail",
    "marker-size": "small",
    "marker-color": "#666666"
   }
  },
  {
   "type": "Feature",
   "geometry": {
    "type": "Point",
    "coordinates": [
     -4.48756,
     39.94935
    ]
   },
   "properties": {
    "id": "EST-ERUSTES",
    "name": "Erustes",
    "province": "Toledo",
    "marker-symbol": "rail",
    "marker-size": "small",
    "marker-color": "#666666"
   }
  },
  {
   "type": "Feature",
   "geometry": {
    "type": "Point",
    "coordinates": [
     2.17578,
     41.44736
    ]
   },
   "properties": {
    "id": "EST-ROQUETES",
    "name": "Roquetes",
    "province": "Barcelona",
    "marker-symbol": "rail",
    "marker-size": "small",
    "marker-color": "#666666"
   }
  },
  {
   "type": "Feature",
   "geometry": {
    "type": "Point",
    "coordinates": [
     -6.03857,
     37.3617
    ]
   },
   "properties": {
    "id": "EST-SANJUANALTO",
    "name": "San Juan Alto",
    "province": "Sevilla",
    "marker-symbol": "rail",
    "marker-size": "small",
    "marker-color": "#666666"
   }
  },
  {
   "type": "Feature",
   "geometry": {
    "type": "Point",
    "coordinates": [
     -3.71194,
     40.40204
    ]
   },
   "properties": {
    "id": "EST-PIRAMIDES",
    "name": "Pirámides",
    "province": "Madrid",
    "marker-symbol": "rail",
    "marker-size": "small",
    "marker-color": "#666666"
   }
  },
  {
   "type": "Feature",
   "geometry": {
    "type": "Point",
    "coordinates": [
     -0.56173,
     39.58233
    ]
   },
   "properties": {
    "id": "EST-LAPOBLADEVALLBONA",
    "name": "La Pobla de Vallbona",
    "province": "Valencia",
    "marker-symbol": "rail",
    "marker-size": "small",
    "marker-color": "#666666"
   }
  },
  {
   "type": "Feature",
   "geometry": {
    "type": "Point",
    "coordinates": [
     -6.63754,
     38.16771
    ]
   },
   "properties": {
    "id": "EST-FREGENALDELASIERRA",
    "name": "Fregenal de la Sierra",
    "province": "Badajoz",
    "marker-symbol": "rail",
    "marker-size": "small",
    "marker-color": "#666666"
   }
  },
  {
   "type": "Feature",
   "geometry": {
    "type": "Point",
    "coordinates": [
     2.00758,
     41.5603
    ]
   },
   "properties": {
    "id": "EST-TERRASSARAMBLA",
    "name": "Terrassa Rambla",
    "province": "Barcelona",
    "marker-symbol": "rail",
    "marker-size": "small",
    "marker-color": "#666666"
   }
  },
  {
   "type": "Feature",
   "geometry": {
    "type": "Point",
    "coordinates": [
     -2.00642,
     43.31915
    ]
   },
   "properties": {
    "id": "EST-DONOSTIA",
    "name": "Donostia",
    "province": "Gipuzkoa",
    "marker-symbol": "rail",
    "marker-size": "small",
    "marker-color": "#666666"
   }
  },
  {
   "type": "Feature",
   "geometry": {
    "type": "Point",
    "coordinates": [
     -6.02515,
     37.36702
    ]
   },
   "properties": {
    "id": "EST-SANJUANBAJO",
    "name": "San Juan Bajo",
    "province": "Sevilla",
    "marker-symbol": "rail",
    "marker-size": "small",
    "marker-color": "#666666"
   }
  },
  {
   "type": "Feature",
   "geometry": {
    "type": "Point",
    "coordinates": [
     -4.61459,
     36.55462
    ]
   },
   "properties": {
    "id": "EST-LOSBOLICHES",
    "name": "Los Boliches",
    "province": "Málaga",
    "marker-symbol": "rail",
    "marker-size": "small",
    "marker-color": "#666666"
   }
  },
  {
   "type": "Feature",
   "geometry": {
    "type": "Point",
    "coordinates": [
     -3.70929,
     40.41816
    ]
   },
   "properties": {
    "id": "EST-PARQUEPARLAESTE",
    "name": "Isabel II",
    "province": "Madrid",
    "marker-symbol": "rail",
    "marker-size": "small",
    "marker-color": "#666666"
   }
  },
  {
   "type": "Feature",
   "geometry": {
    "type": "Point",
    "coordinates": [
     -3.65919,
     40.39301
    ]
   },
   "properties": {
    "id": "EST-PORTAZGO",
    "name": "Portazgo",
    "province": "Madrid",
    "marker-symbol": "rail",
    "marker-size": "small",
    "marker-color": "#666666"
   }
  },
  {
   "type": "Feature",
   "geometry": {
    "type": "Point",
    "coordinates": [
     -3.00269,
     43.34406
    ]
   },
   "properties": {
    "id": "EST-AIBOA",
    "name": "Aiboa",
    "province": "Bizkaia",
    "marker-symbol": "rail",
    "marker-size": "small",
    "marker-color": "#666666"
   }
  },
  {
   "type": "Feature",
   "geometry": {
    "type": "Point",
    "coordinates": [
     -0.92406,
     41.62076
    ]
   },
   "properties": {
    "id": "EST-LAVENTANAINDISCRETA",
    "name": "La Ventana Indiscreta",
    "province": "Zaragoza",
    "marker-symbol": "rail",
    "marker-size": "small",
    "marker-color": "#666666"
   }
  },
  {
   "type": "Feature",
   "geometry": {
    "type": "Point",
    "coordinates": [
     -5.43417,
     36.42426
    ]
   },
   "properties": {
    "id": "EST-JIMENADELAFRONTERA",
    "name": "Jimena de la Frontera",
    "province": "Cádiz",
    "marker-symbol": "rail",
    "marker-size": "small",
    "marker-color": "#666666"
   }
  },
  {
   "type": "Feature",
   "geometry": {
    "type": "Point",
    "coordinates": [
     2.72547,
     39.62539
    ]
   },
   "properties": {
    "id": "EST-POLIGONDEMARRATXI",
    "name": "Polígon de Marratxí",
    "province": "Baleares",
    "marker-symbol": "rail",
    "marker-size": "small",
    "marker-color": "#666666"
   }
  },
  {
   "type": "Feature",
   "geometry": {
    "type": "Point",
    "coordinates": [
     -5.50736,
     42.84072
    ]
   },
   "properties": {
    "id": "EST-ROBLES",
    "name": "Robles",
    "province": "León",
    "marker-symbol": "rail",
    "marker-size": "small",
    "marker-color": "#666666"
   }
  },
  {
   "type": "Feature",
   "geometry": {
    "type": "Point",
    "coordinates": [
     2.4046,
     41.63791
    ]
   },
   "properties": {
    "id": "EST-LLINARSDELVALLES",
    "name": "Llinars del Vallès",
    "province": "Barcelona",
    "marker-symbol": "rail",
    "marker-size": "small",
    "marker-color": "#666666"
   }
  },
  {
   "type": "Feature",
   "geometry": {
    "type": "Point",
    "coordinates": [
     -1.66149,
     42.82505
    ]
   },
   "properties": {
    "id": "EST-PAMPLONA",
    "name": "Pamplona",
    "province": "Navarra",
    "marker-symbol": "rail",
    "marker-size": "small",
    "marker-color": "#666666"
   }
  },
  {
   "type": "Feature",
   "geometry": {
    "type": "Point",
    "coordinates": [
     0.92079,
     41.14362
    ]
   },
   "properties": {
    "id": "EST-DUESAIGUESLARGENTERA",
    "name": "Duesaigües-L'Argentera",
    "province": "Tarragona",
    "marker-symbol": "rail",
    "marker-size": "small",
    "marker-color": "#666666"
   }
  },
  {
   "type": "Feature",
   "geometry": {
    "type": "Point",
    "coordinates": [
     1.86895,
     41.62884
    ]
   },
   "properties": {
    "id": "EST-CASTELLBELL",
    "name": "Castellbell",
    "province": "Barcelona",
    "marker-symbol": "rail",
    "marker-size": "small",
    "marker-color": "#666666"
   }
  },
  {
   "type": "Feature",
   "geometry": {
    "type": "Point",
    "coordinates": [
     -0.41494,
     39.36175
    ]
   },
   "properties": {
    "id": "EST-SILLA",
    "name": "Silla",
    "province": "Valencia",
    "marker-symbol": "rail",
    "marker-size": "small",
    "marker-color": "#666666"
   }
  },
  {
   "type": "Feature",
   "geometry": {
    "type": "Point",
    "coordinates": [
     -0.44093,
     39.19315
    ]
   },
   "properties": {
    "id": "EST-ALGEMESI",
    "name": "Algemesí",
    "province": "Valencia",
    "marker-symbol": "rail",
    "marker-size": "small",
    "marker-color": "#666666"
   }
  },
  {
   "type": "Feature",
   "geometry": {
    "type": "Point",
    "coordinates": [
     -6.38572,
     39.46118
    ]
   },
   "properties": {
    "id": "EST-CACERES",
    "name": "Cáceres",
    "province": "Cáceres",
    "marker-symbol": "rail",
    "marker-size": "small",
    "marker-color": "#666666"
   }
  },
  {
   "type": "Feature",
   "geometry": {
    "type": "Point",
    "coordinates": [
     2.03737,
     41.47531
    ]
   },
   "properties": {
    "id": "EST-RUBI",
    "name": "Rubí Centre",
    "province": "Barcelona",
    "marker-symbol": "rail",
    "marker-size": "small",
    "marker-color": "#666666"
   }
  },
  {
   "type": "Feature",
   "geometry": {
    "type": "Point",
    "coordinates": [
     -0.6951,
     38.27179
    ]
   },
   "properties": {
    "id": "EST-ELXPARC",
    "name": "Elx-Parc",
    "province": "Alicante",
    "marker-symbol": "rail",
    "marker-size": "small",
    "marker-color": "#666666"
   }
  },
  {
   "type": "Feature",
   "geometry": {
    "type": "Point",
    "coordinates": [
     -2.94611,
     43.2586
    ]
   },
   "properties": {
    "id": "EST-AUTONOMIA",
    "name": "Autonomía",
    "province": "Bizkaia",
    "marker-symbol": "rail",
    "marker-size": "small",
    "marker-color": "#666666"
   }
  },
  {
   "type": "Feature",
   "geometry": {
    "type": "Point",
    "coordinates": [
     -4.01083,
     39.86256
    ]
   },
   "properties": {
    "id": "EST-TOLEDO",
    "name": "Toledo",
    "province": "Toledo",
    "marker-symbol": "rail",
    "marker-size": "small",
    "marker-color": "#666666"
   }
  },
  {
   "type": "Feature",
   "geometry": {
    "type": "Point",
    "coordinates": [
     -3.60863,
     37.18369
    ]
   },
   "properties": {
    "id": "EST-GRANADA",
    "name": "Granada",
    "province": "Granada",
    "marker-symbol": "rail",
    "marker-size": "small",
    "marker-color": "#666666"
   }
  },
  {
   "type": "Feature",
   "geometry": {
    "type": "Point",
    "coordinates": [
     -3.33025,
     39.62197
    ]
   },
   "properties": {
    "id": "EST-VILLACANAS",
    "name": "Villacañas",
    "province": "Toledo",
    "marker-symbol": "rail",
    "marker-size": "small",
    "marker-color": "#666666"
   }
  },
  {
   "type": "Feature",
   "geometry": {
    "type": "Point",
    "coordinates": [
     2.22786,
     41.43532
    ]
   },
   "properties": {
    "id": "EST-SANTROC",
    "name": "Sant Roc",
    "province": "Barcelona",
    "marker-symbol": "rail",
    "marker-size": "small",
    "marker-color": "#666666"
   }
  },
  {
   "type": "Feature",
   "geometry": {
    "type": "Point",
    "coordinates": [
     -4.44011,
     36.7107
    ]
   },
   "properties": {
    "id": "EST-LAUNION",
    "name": "La Unión",
    "province": "Málaga",
    "marker-symbol": "rail",
    "marker-size": "small",
    "marker-color": "#666666"
   }
  },
  {
   "type": "Feature",
   "geometry": {
    "type": "Point",
    "coordinates": [
     -0.89084,
     41.67496
    ]
   },
   "properties": {
    "id": "EST-LEGAZLACAMBRA",
    "name": "Legaz Lacambra",
    "province": "Zaragoza",
    "marker-symbol": "rail",
    "marker-size": "small",
    "marker-color": "#666666"
   }
  },
  {
   "type": "Feature",
   "geometry": {
    "type": "Point",
    "coordinates": [
     2.96476,
     42.06828
    ]
   },
   "properties": {
    "id": "EST-SANTJORDIDESVALLS",
    "name": "Sant Jordi Desvalls",
    "province": "Girona",
    "marker-symbol": "rail",
    "marker-size": "small",
    "marker-color": "#666666"
   }
  },
  {
   "type": "Feature",
   "geometry": {
    "type": "Point",
    "coordinates": [
     1.66009,
     41.31459
    ]
   },
   "properties": {
    "id": "EST-ELSMONJOS",
    "name": "Els Monjos",
    "province": "Barcelona",
    "marker-symbol": "rail",
    "marker-size": "small",
    "marker-color": "#666666"
   }
  },
  {
   "type": "Feature",
   "geometry": {
    "type": "Point",
    "coordinates": [
     -0.26349,
     39.17794
    ]
   },
   "properties": {
    "id": "EST-CULLERA",
    "name": "Cullera",
    "province": "Valencia",
    "marker-symbol": "rail",
    "marker-size": "small",
    "marker-color": "#666666"
   }
  },
  {
   "type": "Feature",
   "geometry": {
    "type": "Point",
    "coordinates": [
     -0.05189,
     39.98817
    ]
   },
   "properties": {
    "id": "EST-CASTELLO",
    "name": "Castelló",
    "province": "Valencia",
    "marker-symbol": "rail",
    "marker-size": "small",
    "marker-color": "#666666"
   }
  },
  {
   "type": "Feature",
   "geometry": {
    "type": "Point",
    "coordinates": [
     -3.60832,
     37.18325
    ]
   },
   "properties": {
    "id": "EST-ESTACIONFERROCARRIL",
    "name": "Estación Ferrocarril",
    "province": "Granada",
    "marker-symbol": "rail",
    "marker-size": "small",
    "marker-color": "#666666"
   }
  },
  {
   "type": "Feature",
   "geometry": {
    "type": "Point",
    "coordinates": [
     -1.28168,
     41.63922
    ]
   },
   "properties": {
    "id": "EST-RUEDADEJALONLUMPIAQUE",
    "name": "Rueda de Jalón-Lumpiaque",
    "province": "Zaragoza",
    "marker-symbol": "rail",
    "marker-size": "small",
    "marker-color": "#666666"
   }
  },
  {
   "type": "Feature",
   "geometry": {
    "type": "Point",
    "coordinates": [
     -3.59284,
     40.49243
    ]
   },
   "properties": {
    "id": "EST-AEROPUERTOT4",
    "name": "Aeropuerto T4",
    "province": "Madrid",
    "marker-symbol": "rail",
    "marker-size": "small",
    "marker-color": "#666666"
   }
  },
  {
   "type": "Feature",
   "geometry": {
    "type": "Point",
    "coordinates": [
     1.89392,
     41.60189
    ]
   },
   "properties": {
    "id": "EST-VACARISSES",
    "name": "Vacarisses",
    "province": "Barcelona",
    "marker-symbol": "rail",
    "marker-size": "small",
    "marker-color": "#666666"
   }
  },
  {
   "type": "Feature",
   "geometry": {
    "type": "Point",
    "coordinates": [
     -3.6651,
     40.50546
    ]
   },
   "properties": {
    "id": "EST-PALASDEREY",
    "name": "Palas de Rey",
    "province": "Madrid",
    "marker-symbol": "rail",
    "marker-size": "small",
    "marker-color": "#666666"
   }
  },
  {
   "type": "Feature",
   "geometry": {
    "type": "Point",
    "coordinates": [
     -3.76936,
     40.24105
    ]
   },
   "properties": {
    "id": "EST-POLIGONOINDUSTRIALCIUDADDEPARLA",
    "name": "Polígono Industrial Ciudad de Parla",
    "province": "Madrid",
    "marker-symbol": "rail",
    "marker-size": "small",
    "marker-color": "#666666"
   }
  },
  {
   "type": "Feature",
   "geometry": {
    "type": "Point",
    "coordinates": [
     -4.07376,
     43.08225
    ]
   },
   "properties": {
    "id": "EST-PESQUERA",
    "name": "Pesquera",
    "province": "Cantabria",
    "marker-symbol": "rail",
    "marker-size": "small",
    "marker-color": "#666666"
   }
  },
  {
   "type": "Feature",
   "geometry": {
    "type": "Point",
    "coordinates": [
     -5.95266,
     37.37582
    ]
   },
   "properties": {
    "id": "EST-AMATE",
    "name": "Amate",
    "province": "Sevilla",
    "marker-symbol": "rail",
    "marker-size": "small",
    "marker-color": "#666666"
   }
  },
  {
   "type": "Feature",
   "geometry": {
    "type": "Point",
    "coordinates": [
     -3.6811,
     40.4043
    ]
   },
   "properties": {
    "id": "EST-MENENDEZPELAYO",
    "name": "Menéndez Pelayo",
    "province": "Madrid",
    "marker-symbol": "rail",
    "marker-size": "small",
    "marker-color": "#666666"
   }
  },
  {
   "type": "Feature",
   "geometry": {
    "type": "Point",
    "coordinates": [
     -0.49056,
     38.37658
    ]
   },
   "properties": {
    "id": "EST-VIRGENDELREMEDIO",
    "name": "Virgen del Remedio",
    "province": "Alicante",
    "marker-symbol": "rail",
    "marker-size": "small",
    "marker-color": "#666666"
   }
  },
  {
   "type": "Feature",
   "geometry": {
    "type": "Point",
    "coordinates": [
     2.01608,
     41.5704
    ]
   },
   "properties": {
    "id": "EST-TERRASSAESTACIODELNORD",
    "name": "Terrassa Estació del Nord",
    "province": "Barcelona",
    "marker-symbol": "rail",
    "marker-size": "small",
    "marker-color": "#666666"
   }
  },
  {
   "type": "Feature",
   "geometry": {
    "type": "Point",
    "coordinates": [
     -3.73172,
     40.38864
    ]
   },
   "properties": {
    "id": "EST-OPORTO",
    "name": "Oporto",
    "province": "Madrid",
    "marker-symbol": "rail",
    "marker-size": "small",
    "marker-color": "#666666"
   }
  },
  {
   "type": "Feature",
   "geometry": {
    "type": "Point",
    "coordinates": [
     2.17388,
     41.40403
    ]
   },
   "properties": {
    "id": "EST-SAGRADAFAMILIA-Barcelona-Barcelona",
    "name": "Sagrada Família",
    "province": "Barcelona",
    "marker-symbol": "rail",
    "marker-size": "small",
    "marker-color": "#666666"
   }
  },
  {
   "type": "Feature",
   "geometry": {
    "type": "Point",
    "coordinates": [
     -3.05369,
     43.30858
    ]
   },
   "properties": {
    "id": "EST-SAGRADAFAMILIA-Bizkaia-Ortuella",
    "name": "Sagrada Familia",
    "province": "Bizkaia",
    "marker-symbol": "rail",
    "marker-size": "small",
    "marker-color": "#666666"
   }
  },
  {
   "type": "Feature",
   "geometry": {
    "type": "Point",
    "coordinates": [
     2.14281,
     41.39867
    ]
   },
   "properties": {
    "id": "EST-MUNTANER",
    "name": "Muntaner",
    "province": "Barcelona",
    "marker-symbol": "rail",
    "marker-size": "small",
    "marker-color": "#666666"
   }
  },
  {
   "type": "Feature",
   "geometry": {
    "type": "Point",
    "coordinates": [
     -2.30674,
     42.86923
    ]
   },
   "properties": {
    "id": "EST-ARAIA",
    "name": "Araia",
    "province": "Álava",
    "marker-symbol": "rail",
    "marker-size": "small",
    "marker-color": "#666666"
   }
  },
  {
   "type": "Feature",
   "geometry": {
    "type": "Point",
    "coordinates": [
     -2.66768,
     42.84341
    ]
   },
   "properties": {
    "id": "EST-ANGULEMA",
    "name": "Angulema",
    "province": "Álava",
    "marker-symbol": "rail",
    "marker-size": "small",
    "marker-color": "#666666"
   }
  },
  {
   "type": "Feature",
   "geometry": {
    "type": "Point",
    "coordinates": [
     -3.6647,
     40.19603
    ]
   },
   "properties": {
    "id": "EST-VALDEMORO",
    "name": "Valdemoro",
    "province": "Madrid",
    "marker-symbol": "rail",
    "marker-size": "small",
    "marker-color": "#666666"
   }
  },
  {
   "type": "Feature",
   "geometry": {
    "type": "Point",
    "coordinates": [
     -2.9868,
     43.31462
    ]
   },
   "properties": {
    "id": "EST-ASTRABUDUA",
    "name": "Astrabudua",
    "province": "Bizkaia",
    "marker-symbol": "rail",
    "marker-size": "small",
    "marker-color": "#666666"
   }
  },
  {
   "type": "Feature",
   "geometry": {
    "type": "Point",
    "coordinates": [
     0.56905,
     41.18232
    ]
   },
   "properties": {
    "id": "EST-ASCO",
    "name": "Ascó",
    "province": "Tarragona",
    "marker-symbol": "rail",
    "marker-size": "small",
    "marker-color": "#666666"
   }
  },
  {
   "type": "Feature",
   "geometry": {
    "type": "Point",
    "coordinates": [
     -0.37338,
     38.44482
    ]
   },
   "properties": {
    "id": "EST-AMERADOR",
    "name": "Amerador",
    "province": "Alicante",
    "marker-symbol": "rail",
    "marker-size": "small",
    "marker-color": "#666666"
   }
  },
  {
   "type": "Feature",
   "geometry": {
    "type": "Point",
    "coordinates": [
     2.19954,
     41.44995
    ]
   },
   "properties": {
    "id": "EST-BARODEVIVER",
    "name": "Baró de Viver",
    "province": "Barcelona",
    "marker-symbol": "rail",
    "marker-size": "small",
    "marker-color": "#666666"
   }
  },
  {
   "type": "Feature",
   "geometry": {
    "type": "Point",
    "coordinates": [
     -6.20103,
     36.46048
    ]
   },
   "properties": {
    "id": "EST-COMPANIADEMARIA",
    "name": "Compañía de María",
    "province": "Cádiz",
    "marker-symbol": "rail",
    "marker-size": "small",
    "marker-color": "#666666"
   }
  },
  {
   "type": "Feature",
   "geometry": {
    "type": "Point",
    "coordinates": [
     2.17307,
     41.3814
    ]
   },
   "properties": {
    "id": "EST-LICEU",
    "name": "Liceu",
    "province": "Barcelona",
    "marker-symbol": "rail",
    "marker-size": "small",
    "marker-color": "#666666"
   }
  },
  {
   "type": "Feature",
   "geometry": {
    "type": "Point",
    "coordinates": [
     -3.45135,
     38.64459
    ]
   },
   "properties": {
    "id": "EST-SANTACRUZDEMUDELA",
    "name": "Santa Cruz de Mudela",
    "province": "Ciudad Real",
    "marker-symbol": "rail",
    "marker-size": "small",
    "marker-color": "#666666"
   }
  },
  {
   "type": "Feature",
   "geometry": {
    "type": "Point",
    "coordinates": [
     -2.07,
     43.2
    ]
   },
   "properties": {
    "id": "EST-BILLABONAZIZURKIL",
    "name": "Billabona-Zizurkil",
    "province": "Gipuzkoa",
    "marker-symbol": "rail",
    "marker-size": "small",
    "marker-color": "#666666"
   }
  },
  {
   "type": "Feature",
   "geometry": {
    "type": "Point",
    "coordinates": [
     -3.60096,
     40.4338
    ]
   },
   "properties": {
    "id": "EST-ESTADIOMETROPOLITANO",
    "name": "Estadio Metropolitano",
    "province": "Madrid",
    "marker-symbol": "rail",
    "marker-size": "small",
    "marker-color": "#666666"
   }
  },
  {
   "type": "Feature",
   "geometry": {
    "type": "Point",
    "coordinates": [
     -16.27831,
     28.45428
    ]
   },
   "properties": {
    "id": "EST-CHIMISAY",
    "name": "Chimisay",
    "province": "Santa Cruz de Tenerife",
    "marker-symbol": "rail",
    "marker-size": "small",
    "marker-color": "#666666"
   }
  },
  {
   "type": "Feature",
   "geometry": {
    "type": "Point",
    "coordinates": [
     -2.73646,
     43.21676
    ]
   },
   "properties": {
    "id": "EST-EUBAAMOREBIETA",
    "name": "Euba-Amorebieta",
    "province": "Bizkaia",
    "marker-symbol": "rail",
    "marker-size": "small",
    "marker-color": "#666666"
   }
  },
  {
   "type": "Feature",
   "geometry": {
    "type": "Point",
    "coordinates": [
     -2.48727,
     43.18069
    ]
   },
   "properties": {
    "id": "EST-UNIBERTSITATEAEIBAR",
    "name": "Unibertsitatea-Eibar",
    "province": "Gipuzkoa",
    "marker-symbol": "rail",
    "marker-size": "small",
    "marker-color": "#666666"
   }
  },
  {
   "type": "Feature",
   "geometry": {
    "type": "Point",
    "coordinates": [
     -0.43159,
     39.15229
    ]
   },
   "properties": {
    "id": "EST-DOCTORLLUCH",
    "name": "Doctor Lluch",
    "province": "Valencia",
    "marker-symbol": "rail",
    "marker-size": "small",
    "marker-color": "#666666"
   }
  },
  {
   "type": "Feature",
   "geometry": {
    "type": "Point",
    "coordinates": [
     -5.01989,
     37.00094
    ]
   },
   "properties": {
    "id": "EST-ALMARGENCANETELAREAL",
    "name": "Almargen-Cañete la Real",
    "province": "Málaga",
    "marker-symbol": "rail",
    "marker-size": "small",
    "marker-color": "#666666"
   }
  },
  {
   "type": "Feature",
   "geometry": {
    "type": "Point",
    "coordinates": [
     -3.68271,
     40.47395
    ]
   },
   "properties": {
    "id": "EST-MADRIDCHAMARTIN",
    "name": "Madrid-Chamartín",
    "province": "Madrid",
    "marker-symbol": "rail",
    "marker-size": "small",
    "marker-color": "#666666"
   }
  },
  {
   "type": "Feature",
   "geometry": {
    "type": "Point",
    "coordinates": [
     -4.75913,
     36.90707
    ]
   },
   "properties": {
    "id": "EST-ELCHORROCAMINITODELREY",
    "name": "El Chorro-Caminito del Rey",
    "province": "Málaga",
    "marker-symbol": "rail",
    "marker-size": "small",
    "marker-color": "#666666"
   }
  },
  {
   "type": "Feature",
   "geometry": {
    "type": "Point",
    "coordinates": [
     -4.09476,
     40.91014
    ]
   },
   "properties": {
    "id": "EST-SEGOVIAGUIOMAR",
    "name": "Segovia-Guiomar",
    "province": "Segovia",
    "marker-symbol": "rail",
    "marker-size": "small",
    "marker-color": "#666666"
   }
  },
  {
   "type": "Feature",
   "geometry": {
    "type": "Point",
    "coordinates": [
     0.97578,
     41.14005
    ]
   },
   "properties": {
    "id": "EST-RIUDECANYESBOTARELL",
    "name": "Riudecanyes-Botarell",
    "province": "Tarragona",
    "marker-symbol": "rail",
    "marker-size": "small",
    "marker-color": "#666666"
   }
  },
  {
   "type": "Feature",
   "geometry": {
    "type": "Point",
    "coordinates": [
     2.16843,
     41.40009
    ]
   },
   "properties": {
    "id": "EST-VERDAGUER",
    "name": "Verdaguer",
    "province": "Barcelona",
    "marker-symbol": "rail",
    "marker-size": "small",
    "marker-color": "#666666"
   }
  },
  {
   "type": "Feature",
   "geometry": {
    "type": "Point",
    "coordinates": [
     -5.67945,
     43.29185
    ]
   },
   "properties": {
    "id": "EST-SAMA",
    "name": "Sama",
    "province": "Asturias",
    "marker-symbol": "rail",
    "marker-size": "small",
    "marker-color": "#666666"
   }
  },
  {
   "type": "Feature",
   "geometry": {
    "type": "Point",
    "coordinates": [
     2.01426,
     41.56987
    ]
   },
   "properties": {
    "id": "EST-TERRASSA",
    "name": "Terrassa",
    "province": "Barcelona",
    "marker-symbol": "rail",
    "marker-size": "small",
    "marker-color": "#666666"
   }
  },
  {
   "type": "Feature",
   "geometry": {
    "type": "Point",
    "coordinates": [
     -0.33087,
     39.58797
    ]
   },
   "properties": {
    "id": "EST-RAFELBUNYOL",
    "name": "Rafelbunyol",
    "province": "Valencia",
    "marker-symbol": "rail",
    "marker-size": "small",
    "marker-color": "#666666"
   }
  },
  {
   "type": "Feature",
   "geometry": {
    "type": "Point",
    "coordinates": [
     -0.86106,
     41.72169
    ]
   },
   "properties": {
    "id": "EST-JUSLIBOL",
    "name": "Juslibol",
    "province": "Zaragoza",
    "marker-symbol": "rail",
    "marker-size": "small",
    "marker-color": "#666666"
   }
  },
  {
   "type": "Feature",
   "geometry": {
    "type": "Point",
    "coordinates": [
     -8.41215,
     43.35037
    ]
   },
   "properties": {
    "id": "EST-ACORUNA",
    "name": "A Coruña",
    "province": "A Coruña",
    "marker-symbol": "rail",
    "marker-size": "small",
    "marker-color": "#666666"
   }
  },
  {
   "type": "Feature",
   "geometry": {
    "type": "Point",
    "coordinates": [
     -6.199,
     36.464
    ]
   },
   "properties": {
    "id": "EST-PLAZADELREY",
    "name": "Plaza del Rey",
    "province": "Cádiz",
    "marker-symbol": "rail",
    "marker-size": "small",
    "marker-color": "#666666"
   }
  },
  {
   "type": "Feature",
   "geometry": {
    "type": "Point",
    "coordinates": [
     -2.09722,
     43.10188
    ]
   },
   "properties": {
    "id": "EST-ALEGIA",
    "name": "Alegia",
    "province": "Gipuzkoa",
    "marker-symbol": "rail",
    "marker-size": "small",
    "marker-color": "#666666"
   }
  },
  {
   "type": "Feature",
   "geometry": {
    "type": "Point",
    "coordinates": [
     -2.92411,
     43.24012
    ]
   },
   "properties": {
    "id": "EST-LAPENA",
    "name": "La Peña",
    "province": "Bizkaia",
    "marker-symbol": "rail",
    "marker-size": "small",
    "marker-color": "#666666"
   }
  },
  {
   "type": "Feature",
   "geometry": {
    "type": "Point",
    "coordinates": [
     -5.70425,
     37.9327
    ]
   },
   "properties": {
    "id": "EST-CAZALLACONSTANTINA",
    "name": "Cazalla-Constantina",
    "province": "Sevilla",
    "marker-symbol": "rail",
    "marker-size": "small",
    "marker-color": "#666666"
   }
  },
  {
   "type": "Feature",
   "geometry": {
    "type": "Point",
    "coordinates": [
     -2.92596,
     43.26872
    ]
   },
   "properties": {
    "id": "EST-CASTANOSPLAZADELFUNICULAR",
    "name": "Castaños-Plaza del Funicular",
    "province": "Bizkaia",
    "marker-symbol": "rail",
    "marker-size": "small",
    "marker-color": "#666666"
   }
  },
  {
   "type": "Feature",
   "geometry": {
    "type": "Point",
    "coordinates": [
     -0.31812,
     39.55568
    ]
   },
   "properties": {
    "id": "EST-MASSALFASSAR",
    "name": "Massalfassar",
    "province": "Valencia",
    "marker-symbol": "rail",
    "marker-size": "small",
    "marker-color": "#666666"
   }
  },
  {
   "type": "Feature",
   "geometry": {
    "type": "Point",
    "coordinates": [
     -3.73859,
     39.94957
    ]
   },
   "properties": {
    "id": "EST-CASTILLEJOANOVER",
    "name": "Castillejo-Añover",
    "province": "Toledo",
    "marker-symbol": "rail",
    "marker-size": "small",
    "marker-color": "#666666"
   }
  },
  {
   "type": "Feature",
   "geometry": {
    "type": "Point",
    "coordinates": [
     -3.88,
     42.96
    ]
   },
   "properties": {
    "id": "EST-DOSANTECEBALLOS",
    "name": "Dosante-Ceballos",
    "province": "Burgos",
    "marker-symbol": "rail",
    "marker-size": "small",
    "marker-color": "#666666"
   }
  },
  {
   "type": "Feature",
   "geometry": {
    "type": "Point",
    "coordinates": [
     -0.8142,
     38.54472
    ]
   },
   "properties": {
    "id": "EST-SAX",
    "name": "Sax",
    "province": "Alicante",
    "marker-symbol": "rail",
    "marker-size": "small",
    "marker-color": "#666666"
   }
  },
  {
   "type": "Feature",
   "geometry": {
    "type": "Point",
    "coordinates": [
     2.98933,
     42.17229
    ]
   },
   "properties": {
    "id": "EST-SANTMIQUELDEFLUVIA",
    "name": "Sant Miquel de Fluvià",
    "province": "Girona",
    "marker-symbol": "rail",
    "marker-size": "small",
    "marker-color": "#666666"
   }
  },
  {
   "type": "Feature",
   "geometry": {
    "type": "Point",
    "coordinates": [
     -3.80732,
     40.34977
    ]
   },
   "properties": {
    "id": "EST-JOAQUINVILUMBRALES",
    "name": "Joaquín Vilumbrales",
    "province": "Madrid",
    "marker-symbol": "rail",
    "marker-size": "small",
    "marker-color": "#666666"
   }
  },
  {
   "type": "Feature",
   "geometry": {
    "type": "Point",
    "coordinates": [
     -1.30117,
     41.60972
    ]
   },
   "properties": {
    "id": "EST-EPILA",
    "name": "Épila",
    "province": "Zaragoza",
    "marker-symbol": "rail",
    "marker-size": "small",
    "marker-color": "#666666"
   }
  },
  {
   "type": "Feature",
   "geometry": {
    "type": "Point",
    "coordinates": [
     2.20971,
     41.42037
    ]
   },
   "properties": {
    "id": "EST-PARCDELBESOS",
    "name": "Parc del Besòs",
    "province": "Barcelona",
    "marker-symbol": "rail",
    "marker-size": "small",
    "marker-color": "#666666"
   }
  },
  {
   "type": "Feature",
   "geometry": {
    "type": "Point",
    "coordinates": [
     -4.02645,
     43.34179
    ]
   },
   "properties": {
    "id": "EST-SIERRAPANDO",
    "name": "Sierrapando",
    "province": "Cantabria",
    "marker-symbol": "rail",
    "marker-size": "small",
    "marker-color": "#666666"
   }
  },
  {
   "type": "Feature",
   "geometry": {
    "type": "Point",
    "coordinates": [
     -4.46338,
     36.71802
    ]
   },
   "properties": {
    "id": "EST-CIUDADDELAJUSTICIA",
    "name": "Ciudad de la Justicia",
    "province": "Málaga",
    "marker-symbol": "rail",
    "marker-size": "small",
    "marker-color": "#666666"
   }
  },
  {
   "type": "Feature",
   "geometry": {
    "type": "Point",
    "coordinates": [
     -3.84096,
     43.41612
    ]
   },
   "properties": {
    "id": "EST-MALIANO",
    "name": "Maliaño",
    "province": "Cantabria",
    "marker-symbol": "rail",
    "marker-size": "small",
    "marker-color": "#666666"
   }
  },
  {
   "type": "Feature",
   "geometry": {
    "type": "Point",
    "coordinates": [
     -4.49237,
     36.64216
    ]
   },
   "properties": {
    "id": "EST-LACOLINA",
    "name": "La Colina",
    "province": "Málaga",
    "marker-symbol": "rail",
    "marker-size": "small",
    "marker-color": "#666666"
   }
  },
  {
   "type": "Feature",
   "geometry": {
    "type": "Point",
    "coordinates": [
     -16.29459,
     28.44945
    ]
   },
   "properties": {
    "id": "EST-LASMANTECAS",
    "name": "Las Mantecas",
    "province": "Santa Cruz de Tenerife",
    "marker-symbol": "rail",
    "marker-size": "small",
    "marker-color": "#666666"
   }
  },
  {
   "type": "Feature",
   "geometry": {
    "type": "Point",
    "coordinates": [
     0.44929,
     40.59592
    ]
   },
   "properties": {
    "id": "EST-ULLDECONA",
    "name": "Ulldecona",
    "province": "Tarragona",
    "marker-symbol": "rail",
    "marker-size": "small",
    "marker-color": "#666666"
   }
  },
  {
   "type": "Feature",
   "geometry": {
    "type": "Point",
    "coordinates": [
     2.0669,
     41.37974
    ]
   },
   "properties": {
    "id": "EST-WALDEN",
    "name": "Walden",
    "province": "Barcelona",
    "marker-symbol": "rail",
    "marker-size": "small",
    "marker-color": "#666666"
   }
  },
  {
   "type": "Feature",
   "geometry": {
    "type": "Point",
    "coordinates": [
     -3.71088,
     40.42345
    ]
   },
   "properties": {
    "id": "EST-PLAZADEESPANA-Madrid-Madrid",
    "name": "Plaza de España",
    "province": "Madrid",
    "marker-symbol": "rail",
    "marker-size": "small",
    "marker-color": "#666666"
   }
  },
  {
   "type": "Feature",
   "geometry": {
    "type": "Point",
    "coordinates": [
     -3.79875,
     40.41929
    ]
   },
   "properties": {
    "id": "EST-SOMOSAGUASCENTRO",
    "name": "Somosaguas Centro",
    "province": "Madrid",
    "marker-symbol": "rail",
    "marker-size": "small",
    "marker-color": "#666666"
   }
  },
  {
   "type": "Feature",
   "geometry": {
    "type": "Point",
    "coordinates": [
     2.648,
     39.63461
    ]
   },
   "properties": {
    "id": "EST-UIB",
    "name": "UIB",
    "province": "Baleares",
    "marker-symbol": "rail",
    "marker-size": "small",
    "marker-color": "#666666"
   }
  },
  {
   "type": "Feature",
   "geometry": {
    "type": "Point",
    "coordinates": [
     -3.79828,
     40.28229
    ]
   },
   "properties": {
    "id": "EST-FUENLABRADA",
    "name": "Fuenlabrada",
    "province": "Madrid",
    "marker-symbol": "rail",
    "marker-size": "small",
    "marker-color": "#666666"
   }
  },
  {
   "type": "Feature",
   "geometry": {
    "type": "Point",
    "coordinates": [
     -0.36746,
     39.48632
    ]
   },
   "properties": {
    "id": "EST-PRIMATREIG",
    "name": "Primat Reig",
    "province": "Valencia",
    "marker-symbol": "rail",
    "marker-size": "small",
    "marker-color": "#666666"
   }
  },
  {
   "type": "Feature",
   "geometry": {
    "type": "Point",
    "coordinates": [
     2.17096,
     41.39502
    ]
   },
   "properties": {
    "id": "EST-GIRONABCN",
    "name": "Girona",
    "province": "Barcelona",
    "marker-symbol": "rail",
    "marker-size": "small",
    "marker-color": "#666666"
   }
  },
  {
   "type": "Feature",
   "geometry": {
    "type": "Point",
    "coordinates": [
     -4.23176,
     43.30784
    ]
   },
   "properties": {
    "id": "EST-CABEZONDELASAL",
    "name": "Cabezón de la Sal",
    "province": "Cantabria",
    "marker-symbol": "rail",
    "marker-size": "small",
    "marker-color": "#666666"
   }
  },
  {
   "type": "Feature",
   "geometry": {
    "type": "Point",
    "coordinates": [
     -2.77539,
     39.27854
    ]
   },
   "properties": {
    "id": "EST-SOCUELLAMOS",
    "name": "Socuéllamos",
    "province": "Ciudad Real",
    "marker-symbol": "rail",
    "marker-size": "small",
    "marker-color": "#666666"
   }
  },
  {
   "type": "Feature",
   "geometry": {
    "type": "Point",
    "coordinates": [
     -3.89264,
     40.40513
    ]
   },
   "properties": {
    "id": "EST-SIGLOXXI",
    "name": "Siglo XXI",
    "province": "Madrid",
    "marker-symbol": "rail",
    "marker-size": "small",
    "marker-color": "#666666"
   }
  },
  {
   "type": "Feature",
   "geometry": {
    "type": "Point",
    "coordinates": [
     -1.11261,
     41.77163
    ]
   },
   "properties": {
    "id": "EST-ALAGON",
    "name": "Alagón",
    "province": "Zaragoza",
    "marker-symbol": "rail",
    "marker-size": "small",
    "marker-color": "#666666"
   }
  },
  {
   "type": "Feature",
   "geometry": {
    "type": "Point",
    "coordinates": [
     -6.1261,
     36.67981
    ]
   },
   "properties": {
    "id": "EST-JEREZDELAFRONTERA",
    "name": "Jerez de la Frontera",
    "province": "Cádiz",
    "marker-symbol": "rail",
    "marker-size": "small",
    "marker-color": "#666666"
   }
  },
  {
   "type": "Feature",
   "geometry": {
    "type": "Point",
    "coordinates": [
     -3.61155,
     40.55984
    ]
   },
   "properties": {
    "id": "EST-HOSPITALINFANTASOFIA",
    "name": "Hospital Infanta Sofía",
    "province": "Madrid",
    "marker-symbol": "rail",
    "marker-size": "small",
    "marker-color": "#666666"
   }
  },
  {
   "type": "Feature",
   "geometry": {
    "type": "Point",
    "coordinates": [
     2.71512,
     39.76468
    ]
   },
   "properties": {
    "id": "EST-PORTDESOLLER",
    "name": "Port de Sóller",
    "province": "Baleares",
    "marker-symbol": "rail",
    "marker-size": "small",
    "marker-color": "#666666"
   }
  },
  {
   "type": "Feature",
   "geometry": {
    "type": "Point",
    "coordinates": [
     -4.05416,
     43.19323
    ]
   },
   "properties": {
    "id": "EST-LASFRAGUAS",
    "name": "Las Fraguas",
    "province": "Cantabria",
    "marker-symbol": "rail",
    "marker-size": "small",
    "marker-color": "#666666"
   }
  },
  {
   "type": "Feature",
   "geometry": {
    "type": "Point",
    "coordinates": [
     -3.70366,
     43.41124
    ]
   },
   "properties": {
    "id": "EST-VILLAVERDEDEPONTONES",
    "name": "Villaverde de Pontones",
    "province": "Cantabria",
    "marker-symbol": "rail",
    "marker-size": "small",
    "marker-color": "#666666"
   }
  },
  {
   "type": "Feature",
   "geometry": {
    "type": "Point",
    "coordinates": [
     0.96797,
     41.63738
    ]
   },
   "properties": {
    "id": "EST-CASTELLNOUDESEANA",
    "name": "Castellnou de Seana",
    "province": "Lleida",
    "marker-symbol": "rail",
    "marker-size": "small",
    "marker-color": "#666666"
   }
  },
  {
   "type": "Feature",
   "geometry": {
    "type": "Point",
    "coordinates": [
     2.19204,
     41.3951
    ]
   },
   "properties": {
    "id": "EST-BOGATELL",
    "name": "Bogatell",
    "province": "Barcelona",
    "marker-symbol": "rail",
    "marker-size": "small",
    "marker-color": "#666666"
   }
  },
  {
   "type": "Feature",
   "geometry": {
    "type": "Point",
    "coordinates": [
     -2.50117,
     43.18483
    ]
   },
   "properties": {
    "id": "EST-ERROTABARRIERMUA",
    "name": "Errotabarri-Ermua",
    "province": "Bizkaia",
    "marker-symbol": "rail",
    "marker-size": "small",
    "marker-color": "#666666"
   }
  },
  {
   "type": "Feature",
   "geometry": {
    "type": "Point",
    "coordinates": [
     -0.34313,
     39.46777
    ]
   },
   "properties": {
    "id": "EST-AYORA",
    "name": "Ayora",
    "province": "Valencia",
    "marker-symbol": "rail",
    "marker-size": "small",
    "marker-color": "#666666"
   }
  },
  {
   "type": "Feature",
   "geometry": {
    "type": "Point",
    "coordinates": [
     -4.31123,
     42.65682
    ]
   },
   "properties": {
    "id": "EST-ALARDELREY",
    "name": "Alar del Rey",
    "province": "Palencia",
    "marker-symbol": "rail",
    "marker-size": "small",
    "marker-color": "#666666"
   }
  },
  {
   "type": "Feature",
   "geometry": {
    "type": "Point",
    "coordinates": [
     2.13312,
     41.32375
    ]
   },
   "properties": {
    "id": "EST-ZALRIUVELL",
    "name": "ZAL | Riu Vell",
    "province": "Barcelona",
    "marker-symbol": "rail",
    "marker-size": "small",
    "marker-color": "#666666"
   }
  },
  {
   "type": "Feature",
   "geometry": {
    "type": "Point",
    "coordinates": [
     -0.3031,
     39.62049
    ]
   },
   "properties": {
    "id": "EST-PUCOL",
    "name": "Puçol",
    "province": "Valencia",
    "marker-symbol": "rail",
    "marker-size": "small",
    "marker-color": "#666666"
   }
  },
  {
   "type": "Feature",
   "geometry": {
    "type": "Point",
    "coordinates": [
     2.08433,
     41.36334
    ]
   },
   "properties": {
    "id": "EST-SANTILDEFONS",
    "name": "Sant Ildefons",
    "province": "Barcelona",
    "marker-symbol": "rail",
    "marker-size": "small",
    "marker-color": "#666666"
   }
  },
  {
   "type": "Feature",
   "geometry": {
    "type": "Point",
    "coordinates": [
     -2.89869,
     43.25869
    ]
   },
   "properties": {
    "id": "EST-OTXARKOAGABILBAO",
    "name": "Otxarkoaga-Bilbao",
    "province": "Bizkaia",
    "marker-symbol": "rail",
    "marker-size": "small",
    "marker-color": "#666666"
   }
  },
  {
   "type": "Feature",
   "geometry": {
    "type": "Point",
    "coordinates": [
     -3.79514,
     40.43344
    ]
   },
   "properties": {
    "id": "EST-CAMPUSDESOMOSAGUAS",
    "name": "Campus de Somosaguas",
    "province": "Madrid",
    "marker-symbol": "rail",
    "marker-size": "small",
    "marker-color": "#666666"
   }
  },
  {
   "type": "Feature",
   "geometry": {
    "type": "Point",
    "coordinates": [
     -2.92182,
     43.26017
    ]
   },
   "properties": {
    "id": "EST-ZAZPIKALEAKCASCOVIEJO",
    "name": "Zazpikaleak-Casco Viejo",
    "province": "Bizkaia",
    "marker-symbol": "rail",
    "marker-size": "small",
    "marker-color": "#666666"
   }
  },
  {
   "type": "Feature",
   "geometry": {
    "type": "Point",
    "coordinates": [
     -3.991,
     43.34768
    ]
   },
   "properties": {
    "id": "EST-ZURITA",
    "name": "Zurita",
    "province": "Cantabria",
    "marker-symbol": "rail",
    "marker-size": "small",
    "marker-color": "#666666"
   }
  },
  {
   "type": "Feature",
   "geometry": {
    "type": "Point",
    "coordinates": [
     -16.29146,
     28.44729
    ]
   },
   "properties": {
    "id": "EST-ELCARDONAL",
    "name": "El Cardonal",
    "province": "Santa Cruz de Tenerife",
    "marker-symbol": "rail",
    "marker-size": "small",
    "marker-color": "#666666"
   }
  },
  {
   "type": "Feature",
   "geometry": {
    "type": "Point",
    "coordinates": [
     -0.15224,
     39.85297
    ]
   },
   "properties": {
    "id": "EST-NULESLAVILAVELLA",
    "name": "Nules-La Vilavella",
    "province": "Castellón",
    "marker-symbol": "rail",
    "marker-size": "small",
    "marker-color": "#666666"
   }
  },
  {
   "type": "Feature",
   "geometry": {
    "type": "Point",
    "coordinates": [
     1.52579,
     41.18608
    ]
   },
   "properties": {
    "id": "EST-SANTVICENCDECALDERS",
    "name": "Sant Vicenç de Calders",
    "province": "Tarragona",
    "marker-symbol": "rail",
    "marker-size": "small",
    "marker-color": "#666666"
   }
  },
  {
   "type": "Feature",
   "geometry": {
    "type": "Point",
    "coordinates": [
     2.18003,
     41.46993
    ]
   },
   "properties": {
    "id": "EST-MONTCADABIFURCACIO",
    "name": "Montcada Bifurcació",
    "province": "Barcelona",
    "marker-symbol": "rail",
    "marker-size": "small",
    "marker-color": "#666666"
   }
  },
  {
   "type": "Feature",
   "geometry": {
    "type": "Point",
    "coordinates": [
     -3.86483,
     40.32171
    ]
   },
   "properties": {
    "id": "EST-PRADILLO",
    "name": "Pradillo",
    "province": "Madrid",
    "marker-symbol": "rail",
    "marker-size": "small",
    "marker-color": "#666666"
   }
  },
  {
   "type": "Feature",
   "geometry": {
    "type": "Point",
    "coordinates": [
     -0.77755,
     38.40726
    ]
   },
   "properties": {
    "id": "EST-NOVELDAASPE",
    "name": "Novelda-Aspe",
    "province": "Alicante",
    "marker-symbol": "rail",
    "marker-size": "small",
    "marker-color": "#666666"
   }
  },
  {
   "type": "Feature",
   "geometry": {
    "type": "Point",
    "coordinates": [
     2.10242,
     41.503
    ]
   },
   "properties": {
    "id": "EST-UNIVERSITATAUTONOMA",
    "name": "Universitat Autònoma",
    "province": "Barcelona",
    "marker-symbol": "rail",
    "marker-size": "small",
    "marker-color": "#666666"
   }
  },
  {
   "type": "Feature",
   "geometry": {
    "type": "Point",
    "coordinates": [
     -4.1814,
     40.71494
    ]
   },
   "properties": {
    "id": "EST-SANRAFAEL",
    "name": "San Rafael",
    "province": "Segovia",
    "marker-symbol": "rail",
    "marker-size": "small",
    "marker-color": "#666666"
   }
  },
  {
   "type": "Feature",
   "geometry": {
    "type": "Point",
    "coordinates": [
     2.23055,
     41.42433
    ]
   },
   "properties": {
    "id": "EST-ESTACIODESANTADRIA",
    "name": "Estació de Sant Adrià",
    "province": "Barcelona",
    "marker-symbol": "rail",
    "marker-size": "small",
    "marker-color": "#666666"
   }
  },
  {
   "type": "Feature",
   "geometry": {
    "type": "Point",
    "coordinates": [
     -3.71933,
     40.42096
    ]
   },
   "properties": {
    "id": "EST-PRINCIPEPIO",
    "name": "Príncipe Pío",
    "province": "Madrid",
    "marker-symbol": "rail",
    "marker-size": "small",
    "marker-color": "#666666"
   }
  },
  {
   "type": "Feature",
   "geometry": {
    "type": "Point",
    "coordinates": [
     -0.42865,
     38.37482
    ]
   },
   "properties": {
    "id": "EST-CONDOMINA",
    "name": "Condomina",
    "province": "Alicante",
    "marker-symbol": "rail",
    "marker-size": "small",
    "marker-color": "#666666"
   }
  },
  {
   "type": "Feature",
   "geometry": {
    "type": "Point",
    "coordinates": [
     -1.59767,
     42.0595
    ]
   },
   "properties": {
    "id": "EST-TUDELADENAVARRA",
    "name": "Tudela de Navarra",
    "province": "Navarra",
    "marker-symbol": "rail",
    "marker-size": "small",
    "marker-color": "#666666"
   }
  },
  {
   "type": "Feature",
   "geometry": {
    "type": "Point",
    "coordinates": [
     -4.45131,
     36.69542
    ]
   },
   "properties": {
    "id": "EST-LALUZLAPAZ",
    "name": "La Luz-La Paz",
    "province": "Málaga",
    "marker-symbol": "rail",
    "marker-size": "small",
    "marker-color": "#666666"
   }
  },
  {
   "type": "Feature",
   "geometry": {
    "type": "Point",
    "coordinates": [
     -5.32871,
     42.86278
    ]
   },
   "properties": {
    "id": "EST-BONAR",
    "name": "Boñar",
    "province": "León",
    "marker-symbol": "rail",
    "marker-size": "small",
    "marker-color": "#666666"
   }
  },
  {
   "type": "Feature",
   "geometry": {
    "type": "Point",
    "coordinates": [
     1.9794,
     41.27871
    ]
   },
   "properties": {
    "id": "EST-CASTELLDEFELS",
    "name": "Castelldefels",
    "province": "Barcelona",
    "marker-symbol": "rail",
    "marker-size": "small",
    "marker-color": "#666666"
   }
  },
  {
   "type": "Feature",
   "geometry": {
    "type": "Point",
    "coordinates": [
     2.07342,
     41.31132
    ]
   },
   "properties": {
    "id": "EST-MASBLAU",
    "name": "Mas Blau",
    "province": "Barcelona",
    "marker-symbol": "rail",
    "marker-size": "small",
    "marker-color": "#666666"
   }
  },
  {
   "type": "Feature",
   "geometry": {
    "type": "Point",
    "coordinates": [
     2.86918,
     39.71634
    ]
   },
   "properties": {
    "id": "EST-LLOSETA",
    "name": "Lloseta",
    "province": "Baleares",
    "marker-symbol": "rail",
    "marker-size": "small",
    "marker-color": "#666666"
   }
  },
  {
   "type": "Feature",
   "geometry": {
    "type": "Point",
    "coordinates": [
     -3.70969,
     40.31853
    ]
   },
   "properties": {
    "id": "EST-ELCASAR",
    "name": "El Casar",
    "province": "Madrid",
    "marker-symbol": "rail",
    "marker-size": "small",
    "marker-color": "#666666"
   }
  },
  {
   "type": "Feature",
   "geometry": {
    "type": "Point",
    "coordinates": [
     -3.87938,
     40.40197
    ]
   },
   "properties": {
    "id": "EST-FERIALDEBOADILLA",
    "name": "Ferial de Boadilla",
    "province": "Madrid",
    "marker-symbol": "rail",
    "marker-size": "small",
    "marker-color": "#666666"
   }
  },
  {
   "type": "Feature",
   "geometry": {
    "type": "Point",
    "coordinates": [
     -4.4491,
     36.71862
    ]
   },
   "properties": {
    "id": "EST-CARRANQUE",
    "name": "Carranque",
    "province": "Málaga",
    "marker-symbol": "rail",
    "marker-size": "small",
    "marker-color": "#666666"
   }
  },
  {
   "type": "Feature",
   "geometry": {
    "type": "Point",
    "coordinates": [
     2.81629,
     41.97917
    ]
   },
   "properties": {
    "id": "EST-GERONA",
    "name": "Gerona",
    "province": "Girona",
    "marker-symbol": "rail",
    "marker-size": "small",
    "marker-color": "#666666"
   }
  },
  {
   "type": "Feature",
   "geometry": {
    "type": "Point",
    "coordinates": [
     -1.87916,
     43.30862
    ]
   },
   "properties": {
    "id": "EST-OIARTZUN",
    "name": "Oiartzun",
    "province": "Gipuzkoa",
    "marker-symbol": "rail",
    "marker-size": "small",
    "marker-color": "#666666"
   }
  },
  {
   "type": "Feature",
   "geometry": {
    "type": "Point",
    "coordinates": [
     4.36625,
     43.83237
    ]
   },
   "properties": {
    "id": "EST-NIMES",
    "name": "Nimes",
    "province": "Francia",
    "marker-symbol": "rail",
    "marker-size": "small",
    "marker-color": "#666666"
   }
  },
  {
   "type": "Feature",
   "geometry": {
    "type": "Point",
    "coordinates": [
     4.97843,
     44.99193
    ]
   },
   "properties": {
    "id": "EST-VALENCETGV",
    "name": "Valence TGV",
    "province": "Francia",
    "marker-symbol": "rail",
    "marker-size": "small",
    "marker-color": "#666666"
   }
  },
  {
   "type": "Feature",
   "geometry": {
    "type": "Point",
    "coordinates": [
     3.88032,
     43.60425
    ]
   },
   "properties": {
    "id": "EST-MONTPELLIERSAINTROCH",
    "name": "Montpellier-Saint-Roch",
    "province": "Francia",
    "marker-symbol": "rail",
    "marker-size": "small",
    "marker-color": "#666666"
   }
  },
  {
   "type": "Feature",
   "geometry": {
    "type": "Point",
    "coordinates": [
     5.31729,
     43.45515
    ]
   },
   "properties": {
    "id": "EST-AIXENPROVENCETGV",
    "name": "Aix-en-Provence TGV",
    "province": "Francia",
    "marker-symbol": "rail",
    "marker-size": "small",
    "marker-color": "#666666"
   }
  },
  {
   "type": "Feature",
   "geometry": {
    "type": "Point",
    "coordinates": [
     4.86016,
     45.76057
    ]
   },
   "properties": {
    "id": "EST-LYONPARTDIEU",
    "name": "Lyon-Part-Dieu",
    "province": "Francia",
    "marker-symbol": "rail",
    "marker-size": "small",
    "marker-color": "#666666"
   }
  },
  {
   "type": "Feature",
   "geometry": {
    "type": "Point",
    "coordinates": [
     4.97843,
     44.99193
    ]
   },
   "properties": {
    "id": "EST-RHONEALPESSUD",
    "name": "Rhône-Alpes Sud",
    "province": "Francia",
    "marker-symbol": "rail",
    "marker-size": "small",
    "marker-color": "#666666"
   }
  },
  {
   "type": "Feature",
   "geometry": {
    "type": "Point",
    "coordinates": [
     4.78576,
     43.92183
    ]
   },
   "properties": {
    "id": "EST-AVIGNONTGV",
    "name": "Aviñón TGV",
    "province": "Francia",
    "marker-symbol": "rail",
    "marker-size": "small",
    "marker-color": "#666666"
   }
  },
  {
   "type": "Feature",
   "geometry": {
    "type": "Point",
    "coordinates": [
     2.697,
     42.77732
    ]
   },
   "properties": {
    "id": "EST-PERPINAN",
    "name": "Perpiñán",
    "province": "Francia",
    "marker-symbol": "rail",
    "marker-size": "small",
    "marker-color": "#666666"
   }
  },
  {
   "type": "Feature",
   "geometry": {
    "type": "Point",
    "coordinates": [
     -4.65127,
     41.73725
    ]
   },
   "properties": {
    "id": "EST-CABEZONDEPISUERGA",
    "name": "Cabezón de Pisuerga",
    "province": "Valladolid",
    "marker-symbol": "rail",
    "marker-size": "small",
    "marker-color": "#666666"
   }
  },
  {
   "type": "Feature",
   "geometry": {
    "type": "Point",
    "coordinates": [
     -8.44688,
     43.20764
    ]
   },
   "properties": {
    "id": "EST-CERCEDAMEIRAMA",
    "name": "Cerceda-Meirama",
    "province": "A Coruña",
    "marker-symbol": "rail",
    "marker-size": "small",
    "marker-color": "#666666"
   }
  },
  {
   "type": "Feature",
   "geometry": {
    "type": "Point",
    "coordinates": [
     -4.62337,
     41.76635
    ]
   },
   "properties": {
    "id": "EST-CORCOSAGUILAREJO",
    "name": "Corcos-Aguilarejo",
    "province": "Valladolid",
    "marker-symbol": "rail",
    "marker-size": "small",
    "marker-color": "#666666"
   }
  },
  {
   "type": "Feature",
   "geometry": {
    "type": "Point",
    "coordinates": [
     -4.57957,
     41.80898
    ]
   },
   "properties": {
    "id": "EST-CUBILLASDESANTAMARTA",
    "name": "Cubillas de Santa Marta",
    "province": "Valladolid",
    "marker-symbol": "rail",
    "marker-size": "small",
    "marker-color": "#666666"
   }
  },
  {
   "type": "Feature",
   "geometry": {
    "type": "Point",
    "coordinates": [
     -4.54073,
     41.87124
    ]
   },
   "properties": {
    "id": "EST-DUENAS",
    "name": "Dueñas",
    "province": "Palencia",
    "marker-symbol": "rail",
    "marker-size": "small",
    "marker-color": "#666666"
   }
  },
  {
   "type": "Feature",
   "geometry": {
    "type": "Point",
    "coordinates": [
     -6.98505,
     42.41826
    ]
   },
   "properties": {
    "id": "EST-ELBARCODEVALDEORRAS",
    "name": "El Barco de Valdeorras",
    "province": "Ourense",
    "marker-symbol": "rail",
    "marker-size": "small",
    "marker-color": "#666666"
   }
  },
  {
   "type": "Feature",
   "geometry": {
    "type": "Point",
    "coordinates": [
     -2.43628,
     36.88346
    ]
   },
   "properties": {
    "id": "EST-HUERCALVIATOR",
    "name": "Huércal-Viator",
    "province": "Almería",
    "marker-symbol": "rail",
    "marker-size": "small",
    "marker-color": "#666666"
   }
  },
  {
   "type": "Feature",
   "geometry": {
    "type": "Point",
    "coordinates": [
     -7.11325,
     42.39261
    ]
   },
   "properties": {
    "id": "EST-LARUAPETIN",
    "name": "La Rúa-Petín",
    "province": "Ourense",
    "marker-symbol": "rail",
    "marker-size": "small",
    "marker-color": "#666666"
   }
  },
  {
   "type": "Feature",
   "geometry": {
    "type": "Point",
    "coordinates": [
     -6.09963,
     40.02226
    ]
   },
   "properties": {
    "id": "EST-MONFRAGUEPLASENCIA",
    "name": "Monfragüe-Plasencia",
    "province": "Cáceres",
    "marker-symbol": "rail",
    "marker-size": "small",
    "marker-color": "#666666"
   }
  },
  {
   "type": "Feature",
   "geometry": {
    "type": "Point",
    "coordinates": [
     -8.371,
     42.9398
    ]
   },
   "properties": {
    "id": "EST-ORDENES",
    "name": "Órdenes",
    "province": "A Coruña",
    "marker-symbol": "rail",
    "marker-size": "small",
    "marker-color": "#666666"
   }
  },
  {
   "type": "Feature",
   "geometry": {
    "type": "Point",
    "coordinates": [
     -8.44418,
     43.29751
    ]
   },
   "properties": {
    "id": "EST-UGES",
    "name": "Uxes",
    "province": "A Coruña",
    "marker-symbol": "rail",
    "marker-size": "small",
    "marker-color": "#666666"
   }
  },
  {
   "type": "Feature",
   "geometry": {
    "type": "Point",
    "coordinates": [
     -4.70422,
     41.66016
    ]
   },
   "properties": {
    "id": "EST-VALLADOLIDUNIVERSIDAD",
    "name": "Valladolid-Universidad",
    "province": "Valladolid",
    "marker-symbol": "rail",
    "marker-size": "small",
    "marker-color": "#666666"
   }
  },
  {
   "type": "Feature",
   "geometry": {
    "type": "Point",
    "coordinates": [
     -8.23101,
     43.48805
    ]
   },
   "properties": {
    "id": "EST-FERROL",
    "name": "Ferrol",
    "province": "A Coruña",
    "marker-symbol": "rail",
    "marker-size": "small",
    "marker-color": "#666666"
   }
  },
  {
   "type": "Feature",
   "geometry": {
    "type": "Point",
    "coordinates": [
     -8.07792,
     43.54603
    ]
   },
   "properties": {
    "id": "EST-PINEIROS",
    "name": "Piñeiros",
    "province": "A Coruña",
    "marker-symbol": "rail",
    "marker-size": "small",
    "marker-color": "#666666"
   }
  },
  {
   "type": "Feature",
   "geometry": {
    "type": "Point",
    "coordinates": [
     -8.14,
     43.54
    ]
   },
   "properties": {
    "id": "EST-JUBIA",
    "name": "Jubia",
    "province": "A Coruña",
    "marker-symbol": "rail",
    "marker-size": "small",
    "marker-color": "#666666"
   }
  },
  {
   "type": "Feature",
   "geometry": {
    "type": "Point",
    "coordinates": [
     -8.1504,
     43.52796
    ]
   },
   "properties": {
    "id": "EST-FERRERIAS",
    "name": "Ferrerías",
    "province": "A Coruña",
    "marker-symbol": "rail",
    "marker-size": "small",
    "marker-color": "#666666"
   }
  },
  {
   "type": "Feature",
   "geometry": {
    "type": "Point",
    "coordinates": [
     -8.1402,
     43.54264
    ]
   },
   "properties": {
    "id": "EST-SEDES",
    "name": "Sedes",
    "province": "A Coruña",
    "marker-symbol": "rail",
    "marker-size": "small",
    "marker-color": "#666666"
   }
  },
  {
   "type": "Feature",
   "geometry": {
    "type": "Point",
    "coordinates": [
     -8.02194,
     43.56531
    ]
   },
   "properties": {
    "id": "EST-LAMAS",
    "name": "Lamas",
    "province": "A Coruña",
    "marker-symbol": "rail",
    "marker-size": "small",
    "marker-color": "#666666"
   }
  },
  {
   "type": "Feature",
   "geometry": {
    "type": "Point",
    "coordinates": [
     -8.05,
     43.53
    ]
   },
   "properties": {
    "id": "EST-APALLA",
    "name": "Apalla",
    "province": "A Coruña",
    "marker-symbol": "rail",
    "marker-size": "small",
    "marker-color": "#666666"
   }
  },
  {
   "type": "Feature",
   "geometry": {
    "type": "Point",
    "coordinates": [
     -8.02194,
     43.56531
    ]
   },
   "properties": {
    "id": "EST-MOECHE",
    "name": "Moeche",
    "province": "A Coruña",
    "marker-symbol": "rail",
    "marker-size": "small",
    "marker-color": "#666666"
   }
  },
  {
   "type": "Feature",
   "geometry": {
    "type": "Point",
    "coordinates": [
     -8.0,
     43.54
    ]
   },
   "properties": {
    "id": "EST-LABACENGOS",
    "name": "Labacengos",
    "province": "A Coruña",
    "marker-symbol": "rail",
    "marker-size": "small",
    "marker-color": "#666666"
   }
  },
  {
   "type": "Feature",
   "geometry": {
    "type": "Point",
    "coordinates": [
     -7.96,
     43.52
    ]
   },
   "properties": {
    "id": "EST-ENTRAMBASRIAS",
    "name": "Entrambasrías",
    "province": "A Coruña",
    "marker-symbol": "rail",
    "marker-size": "small",
    "marker-color": "#666666"
   }
  },
  {
   "type": "Feature",
   "geometry": {
    "type": "Point",
    "coordinates": [
     -7.93461,
     43.58717
    ]
   },
   "properties": {
    "id": "EST-CERDIDO",
    "name": "Cerdido",
    "province": "A Coruña",
    "marker-symbol": "rail",
    "marker-size": "small",
    "marker-color": "#666666"
   }
  },
  {
   "type": "Feature",
   "geometry": {
    "type": "Point",
    "coordinates": [
     -7.92,
     43.513
    ]
   },
   "properties": {
    "id": "EST-CUQUEIRA",
    "name": "Cuqueira",
    "province": "A Coruña",
    "marker-symbol": "rail",
    "marker-size": "small",
    "marker-color": "#666666"
   }
  },
  {
   "type": "Feature",
   "geometry": {
    "type": "Point",
    "coordinates": [
     -7.90256,
     43.66606
    ]
   },
   "properties": {
    "id": "EST-PONTEDEMERA",
    "name": "Ponte de Mera",
    "province": "A Coruña",
    "marker-symbol": "rail",
    "marker-size": "small",
    "marker-color": "#666666"
   }
  },
  {
   "type": "Feature",
   "geometry": {
    "type": "Point",
    "coordinates": [
     -7.85453,
     43.66879
    ]
   },
   "properties": {
    "id": "EST-SENRA",
    "name": "Senra",
    "province": "A Coruña",
    "marker-symbol": "rail",
    "marker-size": "small",
    "marker-color": "#666666"
   }
  },
  {
   "type": "Feature",
   "geometry": {
    "type": "Point",
    "coordinates": [
     -7.84952,
     43.68626
    ]
   },
   "properties": {
    "id": "EST-ORTIGUEIRA",
    "name": "Ortigueira",
    "province": "A Coruña",
    "marker-symbol": "rail",
    "marker-size": "small",
    "marker-color": "#666666"
   }
  },
  {
   "type": "Feature",
   "geometry": {
    "type": "Point",
    "coordinates": [
     -7.80487,
     43.70893
    ]
   },
   "properties": {
    "id": "EST-ESPASANTE",
    "name": "Espasante",
    "province": "A Coruña",
    "marker-symbol": "rail",
    "marker-size": "small",
    "marker-color": "#666666"
   }
  },
  {
   "type": "Feature",
   "geometry": {
    "type": "Point",
    "coordinates": [
     -7.7501,
     43.7304
    ]
   },
   "properties": {
    "id": "EST-LOIBA",
    "name": "Loiba",
    "province": "Lugo",
    "marker-symbol": "rail",
    "marker-size": "small",
    "marker-color": "#666666"
   }
  },
  {
   "type": "Feature",
   "geometry": {
    "type": "Point",
    "coordinates": [
     -7.49,
     43.676
    ]
   },
   "properties": {
    "id": "EST-MOSENDE",
    "name": "Mosende",
    "province": "Lugo",
    "marker-symbol": "rail",
    "marker-size": "small",
    "marker-color": "#666666"
   }
  },
  {
   "type": "Feature",
   "geometry": {
    "type": "Point",
    "coordinates": [
     -7.46,
     43.67
    ]
   },
   "properties": {
    "id": "EST-FOLGUEIRO",
    "name": "Folgueiro",
    "province": "Lugo",
    "marker-symbol": "rail",
    "marker-size": "small",
    "marker-color": "#666666"
   }
  },
  {
   "type": "Feature",
   "geometry": {
    "type": "Point",
    "coordinates": [
     -7.6002,
     43.65687
    ]
   },
   "properties": {
    "id": "EST-VIVERO",
    "name": "Vivero",
    "province": "Lugo",
    "marker-symbol": "rail",
    "marker-size": "small",
    "marker-color": "#666666"
   }
  },
  {
   "type": "Feature",
   "geometry": {
    "type": "Point",
    "coordinates": [
     -7.42,
     43.67
    ]
   },
   "properties": {
    "id": "EST-JUANCES",
    "name": "Juances",
    "province": "Lugo",
    "marker-symbol": "rail",
    "marker-size": "small",
    "marker-color": "#666666"
   }
  },
  {
   "type": "Feature",
   "geometry": {
    "type": "Point",
    "coordinates": [
     -7.53704,
     43.68744
    ]
   },
   "properties": {
    "id": "EST-JOVE",
    "name": "Jove",
    "province": "Lugo",
    "marker-symbol": "rail",
    "marker-size": "small",
    "marker-color": "#666666"
   }
  },
  {
   "type": "Feature",
   "geometry": {
    "type": "Point",
    "coordinates": [
     -7.4,
     43.67
    ]
   },
   "properties": {
    "id": "EST-BIDUEIROS",
    "name": "Bidueiros",
    "province": "Lugo",
    "marker-symbol": "rail",
    "marker-size": "small",
    "marker-color": "#666666"
   }
  },
  {
   "type": "Feature",
   "geometry": {
    "type": "Point",
    "coordinates": [
     -7.39,
     43.65
    ]
   },
   "properties": {
    "id": "EST-MADEIRO",
    "name": "Madeiro",
    "province": "Lugo",
    "marker-symbol": "rail",
    "marker-size": "small",
    "marker-color": "#666666"
   }
  },
  {
   "type": "Feature",
   "geometry": {
    "type": "Point",
    "coordinates": [
     -7.36085,
     43.6596
    ]
   },
   "properties": {
    "id": "EST-BURELA",
    "name": "Burela",
    "province": "Lugo",
    "marker-symbol": "rail",
    "marker-size": "small",
    "marker-color": "#666666"
   }
  },
  {
   "type": "Feature",
   "geometry": {
    "type": "Point",
    "coordinates": [
     -7.38,
     43.62
    ]
   },
   "properties": {
    "id": "EST-CANGASDEFOZ",
    "name": "Cangas de Foz",
    "province": "Lugo",
    "marker-symbol": "rail",
    "marker-size": "small",
    "marker-color": "#666666"
   }
  },
  {
   "type": "Feature",
   "geometry": {
    "type": "Point",
    "coordinates": [
     -7.37,
     43.59
    ]
   },
   "properties": {
    "id": "EST-NOIS",
    "name": "Nois",
    "province": "Lugo",
    "marker-symbol": "rail",
    "marker-size": "small",
    "marker-color": "#666666"
   }
  },
  {
   "type": "Feature",
   "geometry": {
    "type": "Point",
    "coordinates": [
     -7.33,
     43.57
    ]
   },
   "properties": {
    "id": "EST-FAZOURO",
    "name": "Fazouro",
    "province": "Lugo",
    "marker-symbol": "rail",
    "marker-size": "small",
    "marker-color": "#666666"
   }
  },
  {
   "type": "Feature",
   "geometry": {
    "type": "Point",
    "coordinates": [
     -7.26946,
     43.57478
    ]
   },
   "properties": {
    "id": "EST-MARZAN",
    "name": "Marzán",
    "province": "Lugo",
    "marker-symbol": "rail",
    "marker-size": "small",
    "marker-color": "#666666"
   }
  },
  {
   "type": "Feature",
   "geometry": {
    "type": "Point",
    "coordinates": [
     -7.27203,
     43.561
    ]
   },
   "properties": {
    "id": "EST-FOZ",
    "name": "Foz",
    "province": "Lugo",
    "marker-symbol": "rail",
    "marker-size": "small",
    "marker-color": "#666666"
   }
  },
  {
   "type": "Feature",
   "geometry": {
    "type": "Point",
    "coordinates": [
     -7.22531,
     43.54742
    ]
   },
   "properties": {
    "id": "EST-BARREIROS",
    "name": "Barreiros",
    "province": "Lugo",
    "marker-symbol": "rail",
    "marker-size": "small",
    "marker-color": "#666666"
   }
  },
  {
   "type": "Feature",
   "geometry": {
    "type": "Point",
    "coordinates": [
     -7.25,
     43.55
    ]
   },
   "properties": {
    "id": "EST-REINANTE",
    "name": "Reinante",
    "province": "Lugo",
    "marker-symbol": "rail",
    "marker-size": "small",
    "marker-color": "#666666"
   }
  },
  {
   "type": "Feature",
   "geometry": {
    "type": "Point",
    "coordinates": [
     -7.10865,
     43.54962
    ]
   },
   "properties": {
    "id": "EST-RINLO",
    "name": "Rinlo",
    "province": "Lugo",
    "marker-symbol": "rail",
    "marker-size": "small",
    "marker-color": "#666666"
   }
  },
  {
   "type": "Feature",
   "geometry": {
    "type": "Point",
    "coordinates": [
     -7.055619,
     43.53603
    ]
   },
   "properties": {
    "id": "EST-RIBADEO",
    "name": "Ribadeo",
    "province": "Lugo",
    "marker-symbol": "rail",
    "marker-size": "small",
    "marker-color": "#666666"
   }
  },
  {
   "type": "Feature",
   "geometry": {
    "type": "Point",
    "coordinates": [
     -7.2,
     43.53
    ]
   },
   "properties": {
    "id": "EST-VILAVEDELLE",
    "name": "Vilavedelle",
    "province": "Lugo",
    "marker-symbol": "rail",
    "marker-size": "small",
    "marker-color": "#666666"
   }
  },
  {
   "type": "Feature",
   "geometry": {
    "type": "Point",
    "coordinates": [
     -7.01385,
     43.50889
    ]
   },
   "properties": {
    "id": "EST-CASTROPOL",
    "name": "Castropol",
    "province": "Asturias",
    "marker-symbol": "rail",
    "marker-size": "small",
    "marker-color": "#666666"
   }
  },
  {
   "type": "Feature",
   "geometry": {
    "type": "Point",
    "coordinates": [
     -6.90938,
     43.53505
    ]
   },
   "properties": {
    "id": "EST-TAPIADECASARIEGO",
    "name": "Tapia de Casariego",
    "province": "Asturias",
    "marker-symbol": "rail",
    "marker-size": "small",
    "marker-color": "#666666"
   }
  },
  {
   "type": "Feature",
   "geometry": {
    "type": "Point",
    "coordinates": [
     -6.97,
     43.56
    ]
   },
   "properties": {
    "id": "EST-CARTAVIO",
    "name": "Cartavio",
    "province": "Asturias",
    "marker-symbol": "rail",
    "marker-size": "small",
    "marker-color": "#666666"
   }
  },
  {
   "type": "Feature",
   "geometry": {
    "type": "Point",
    "coordinates": [
     -6.88,
     43.518
    ]
   },
   "properties": {
    "id": "EST-LOZA",
    "name": "Loza",
    "province": "Asturias",
    "marker-symbol": "rail",
    "marker-size": "small",
    "marker-color": "#666666"
   }
  },
  {
   "type": "Feature",
   "geometry": {
    "type": "Point",
    "coordinates": [
     -6.82,
     43.555
    ]
   },
   "properties": {
    "id": "EST-MEDAL",
    "name": "Medal",
    "province": "Asturias",
    "marker-symbol": "rail",
    "marker-size": "small",
    "marker-color": "#666666"
   }
  },
  {
   "type": "Feature",
   "geometry": {
    "type": "Point",
    "coordinates": [
     -6.71994,
     43.53656
    ]
   },
   "properties": {
    "id": "EST-NAVIA",
    "name": "Navia",
    "province": "Asturias",
    "marker-symbol": "rail",
    "marker-size": "small",
    "marker-color": "#666666"
   }
  },
  {
   "type": "Feature",
   "geometry": {
    "type": "Point",
    "coordinates": [
     -6.64,
     43.568
    ]
   },
   "properties": {
    "id": "EST-PINERAVILLAORIL",
    "name": "Piñera-Villaoril",
    "province": "Asturias",
    "marker-symbol": "rail",
    "marker-size": "small",
    "marker-color": "#666666"
   }
  },
  {
   "type": "Feature",
   "geometry": {
    "type": "Point",
    "coordinates": [
     -6.62,
     43.565
    ]
   },
   "properties": {
    "id": "EST-VILLAPEDRE",
    "name": "Villapedre",
    "province": "Asturias",
    "marker-symbol": "rail",
    "marker-size": "small",
    "marker-color": "#666666"
   }
  },
  {
   "type": "Feature",
   "geometry": {
    "type": "Point",
    "coordinates": [
     -6.58,
     43.562
    ]
   },
   "properties": {
    "id": "EST-OTUR",
    "name": "Otur",
    "province": "Asturias",
    "marker-symbol": "rail",
    "marker-size": "small",
    "marker-color": "#666666"
   }
  },
  {
   "type": "Feature",
   "geometry": {
    "type": "Point",
    "coordinates": [
     -6.53667,
     43.53758
    ]
   },
   "properties": {
    "id": "EST-LUARCA",
    "name": "Luarca",
    "province": "Asturias",
    "marker-symbol": "rail",
    "marker-size": "small",
    "marker-color": "#666666"
   }
  },
  {
   "type": "Feature",
   "geometry": {
    "type": "Point",
    "coordinates": [
     -6.50823,
     43.54675
    ]
   },
   "properties": {
    "id": "EST-BARCIA",
    "name": "Barcia",
    "province": "Asturias",
    "marker-symbol": "rail",
    "marker-size": "small",
    "marker-color": "#666666"
   }
  },
  {
   "type": "Feature",
   "geometry": {
    "type": "Point",
    "coordinates": [
     -6.54,
     43.562
    ]
   },
   "properties": {
    "id": "EST-CANERO",
    "name": "Canero",
    "province": "Asturias",
    "marker-symbol": "rail",
    "marker-size": "small",
    "marker-color": "#666666"
   }
  },
  {
   "type": "Feature",
   "geometry": {
    "type": "Point",
    "coordinates": [
     -6.39182,
     43.54289
    ]
   },
   "properties": {
    "id": "EST-CADAVEDO",
    "name": "Cadavedo",
    "province": "Asturias",
    "marker-symbol": "rail",
    "marker-size": "small",
    "marker-color": "#666666"
   }
  },
  {
   "type": "Feature",
   "geometry": {
    "type": "Point",
    "coordinates": [
     -6.49,
     43.565
    ]
   },
   "properties": {
    "id": "EST-TABLIZO",
    "name": "Tablizo",
    "province": "Asturias",
    "marker-symbol": "rail",
    "marker-size": "small",
    "marker-color": "#666666"
   }
  },
  {
   "type": "Feature",
   "geometry": {
    "type": "Point",
    "coordinates": [
     -6.46,
     43.568
    ]
   },
   "properties": {
    "id": "EST-BALLOTA",
    "name": "Ballota",
    "province": "Asturias",
    "marker-symbol": "rail",
    "marker-size": "small",
    "marker-color": "#666666"
   }
  },
  {
   "type": "Feature",
   "geometry": {
    "type": "Point",
    "coordinates": [
     -6.43,
     43.57
    ]
   },
   "properties": {
    "id": "EST-NOVELLANA",
    "name": "Novellana",
    "province": "Asturias",
    "marker-symbol": "rail",
    "marker-size": "small",
    "marker-color": "#666666"
   }
  },
  {
   "type": "Feature",
   "geometry": {
    "type": "Point",
    "coordinates": [
     -6.4,
     43.572
    ]
   },
   "properties": {
    "id": "EST-VALDREDO",
    "name": "Valdredo",
    "province": "Asturias",
    "marker-symbol": "rail",
    "marker-size": "small",
    "marker-color": "#666666"
   }
  },
  {
   "type": "Feature",
   "geometry": {
    "type": "Point",
    "coordinates": [
     -6.15548,
     43.55702
    ]
   },
   "properties": {
    "id": "EST-VILLADEMAR",
    "name": "Villademar",
    "province": "Asturias",
    "marker-symbol": "rail",
    "marker-size": "small",
    "marker-color": "#666666"
   }
  },
  {
   "type": "Feature",
   "geometry": {
    "type": "Point",
    "coordinates": [
     -6.35,
     43.575
    ]
   },
   "properties": {
    "id": "EST-ELPITOPINERA",
    "name": "El Pito-Piñera",
    "province": "Asturias",
    "marker-symbol": "rail",
    "marker-size": "small",
    "marker-color": "#666666"
   }
  },
  {
   "type": "Feature",
   "geometry": {
    "type": "Point",
    "coordinates": [
     -5.188,
     43.38745
    ]
   },
   "properties": {
    "id": "EST-SANTIANES",
    "name": "Santianes",
    "province": "Asturias",
    "marker-symbol": "rail",
    "marker-size": "small",
    "marker-color": "#666666"
   }
  },
  {
   "type": "Feature",
   "geometry": {
    "type": "Point",
    "coordinates": [
     -5.30326,
     43.36266
    ]
   },
   "properties": {
    "id": "EST-VILLAMAYOR",
    "name": "Villamayor",
    "province": "Asturias",
    "marker-symbol": "rail",
    "marker-size": "small",
    "marker-color": "#666666"
   }
  },
  {
   "type": "Feature",
   "geometry": {
    "type": "Point",
    "coordinates": [
     -6.3,
     43.58
    ]
   },
   "properties": {
    "id": "EST-SEBARES",
    "name": "Sebares",
    "province": "Asturias",
    "marker-symbol": "rail",
    "marker-size": "small",
    "marker-color": "#666666"
   }
  },
  {
   "type": "Feature",
   "geometry": {
    "type": "Point",
    "coordinates": [
     -5.2,
     43.53
    ]
   },
   "properties": {
    "id": "EST-OZANES",
    "name": "Ozanes",
    "province": "Asturias",
    "marker-symbol": "rail",
    "marker-size": "small",
    "marker-color": "#666666"
   }
  },
  {
   "type": "Feature",
   "geometry": {
    "type": "Point",
    "coordinates": [
     -5.18827,
     43.38752
    ]
   },
   "properties": {
    "id": "EST-ARRIONDAS",
    "name": "Arriondas",
    "province": "Asturias",
    "marker-symbol": "rail",
    "marker-size": "small",
    "marker-color": "#666666"
   }
  },
  {
   "type": "Feature",
   "geometry": {
    "type": "Point",
    "coordinates": [
     -4.88,
     43.38
    ]
   },
   "properties": {
    "id": "EST-TORANO",
    "name": "Toraño",
    "province": "Asturias",
    "marker-symbol": "rail",
    "marker-size": "small",
    "marker-color": "#666666"
   }
  },
  {
   "type": "Feature",
   "geometry": {
    "type": "Point",
    "coordinates": [
     -5.07331,
     43.43123
    ]
   },
   "properties": {
    "id": "EST-CUEVAS",
    "name": "Cuevas",
    "province": "Asturias",
    "marker-symbol": "rail",
    "marker-size": "small",
    "marker-color": "#666666"
   }
  },
  {
   "type": "Feature",
   "geometry": {
    "type": "Point",
    "coordinates": [
     -5.07,
     43.45
    ]
   },
   "properties": {
    "id": "EST-LLOVIO",
    "name": "Llovio",
    "province": "Asturias",
    "marker-symbol": "rail",
    "marker-size": "small",
    "marker-color": "#666666"
   }
  },
  {
   "type": "Feature",
   "geometry": {
    "type": "Point",
    "coordinates": [
     -5.05466,
     43.45938
    ]
   },
   "properties": {
    "id": "EST-RIBADESELLA",
    "name": "Ribadesella",
    "province": "Asturias",
    "marker-symbol": "rail",
    "marker-size": "small",
    "marker-color": "#666666"
   }
  },
  {
   "type": "Feature",
   "geometry": {
    "type": "Point",
    "coordinates": [
     -5.065,
     43.45
    ]
   },
   "properties": {
    "id": "EST-CAMANGO",
    "name": "Camango",
    "province": "Asturias",
    "marker-symbol": "rail",
    "marker-size": "small",
    "marker-color": "#666666"
   }
  },
  {
   "type": "Feature",
   "geometry": {
    "type": "Point",
    "coordinates": [
     -5.0,
     43.47
    ]
   },
   "properties": {
    "id": "EST-VILLAHORMES",
    "name": "Villahormes",
    "province": "Asturias",
    "marker-symbol": "rail",
    "marker-size": "small",
    "marker-color": "#666666"
   }
  },
  {
   "type": "Feature",
   "geometry": {
    "type": "Point",
    "coordinates": [
     -4.97,
     43.475
    ]
   },
   "properties": {
    "id": "EST-BALMORI",
    "name": "Balmori",
    "province": "Asturias",
    "marker-symbol": "rail",
    "marker-size": "small",
    "marker-color": "#666666"
   }
  },
  {
   "type": "Feature",
   "geometry": {
    "type": "Point",
    "coordinates": [
     -4.80752,
     43.42977
    ]
   },
   "properties": {
    "id": "EST-CELORIO",
    "name": "Celorio",
    "province": "Asturias",
    "marker-symbol": "rail",
    "marker-size": "small",
    "marker-color": "#666666"
   }
  },
  {
   "type": "Feature",
   "geometry": {
    "type": "Point",
    "coordinates": [
     -4.75912,
     43.42091
    ]
   },
   "properties": {
    "id": "EST-LLANES",
    "name": "Llanes",
    "province": "Asturias",
    "marker-symbol": "rail",
    "marker-size": "small",
    "marker-color": "#666666"
   }
  },
  {
   "type": "Feature",
   "geometry": {
    "type": "Point",
    "coordinates": [
     -4.67277,
     43.39655
    ]
   },
   "properties": {
    "id": "EST-VIDIAGO",
    "name": "Vidiago",
    "province": "Asturias",
    "marker-symbol": "rail",
    "marker-size": "small",
    "marker-color": "#666666"
   }
  },
  {
   "type": "Feature",
   "geometry": {
    "type": "Point",
    "coordinates": [
     -4.62,
     43.38
    ]
   },
   "properties": {
    "id": "EST-PENDUELES",
    "name": "Pendueles",
    "province": "Asturias",
    "marker-symbol": "rail",
    "marker-size": "small",
    "marker-color": "#666666"
   }
  },
  {
   "type": "Feature",
   "geometry": {
    "type": "Point",
    "coordinates": [
     -4.58168,
     43.38971
    ]
   },
   "properties": {
    "id": "EST-COLOMBRES",
    "name": "Colombres",
    "province": "Asturias",
    "marker-symbol": "rail",
    "marker-size": "small",
    "marker-color": "#666666"
   }
  },
  {
   "type": "Feature",
   "geometry": {
    "type": "Point",
    "coordinates": [
     -4.48029,
     43.37026
    ]
   },
   "properties": {
    "id": "EST-PESUES",
    "name": "Pesúes",
    "province": "Cantabria",
    "marker-symbol": "rail",
    "marker-size": "small",
    "marker-color": "#666666"
   }
  },
  {
   "type": "Feature",
   "geometry": {
    "type": "Point",
    "coordinates": [
     -4.34925,
     43.32832
    ]
   },
   "properties": {
    "id": "EST-ROIZ",
    "name": "Roiz",
    "province": "Cantabria",
    "marker-symbol": "rail",
    "marker-size": "small",
    "marker-color": "#666666"
   }
  },
  {
   "type": "Feature",
   "geometry": {
    "type": "Point",
    "coordinates": [
     -4.30902,
     43.31838
    ]
   },
   "properties": {
    "id": "EST-TRECENO",
    "name": "Treceño",
    "province": "Cantabria",
    "marker-symbol": "rail",
    "marker-size": "small",
    "marker-color": "#666666"
   }
  },
  {
   "type": "Feature",
   "geometry": {
    "type": "Point",
    "coordinates": [
     -4.45,
     43.35
    ]
   },
   "properties": {
    "id": "EST-IRIJO",
    "name": "Irijo",
    "province": "Cantabria",
    "marker-symbol": "rail",
    "marker-size": "small",
    "marker-color": "#666666"
   }
  },
  {
   "type": "Feature",
   "geometry": {
    "type": "Point",
    "coordinates": [
     -8.06866,
     42.43152
    ]
   },
   "properties": {
    "id": "EST-CARBALLINO",
    "name": "Carballino",
    "province": "Ourense",
    "marker-symbol": "rail",
    "marker-size": "small",
    "marker-color": "#666666"
   }
  },
  {
   "type": "Feature",
   "geometry": {
    "type": "Point",
    "coordinates": [
     -8.02896,
     42.41142
    ]
   },
   "properties": {
    "id": "EST-FRIELAMASIDE",
    "name": "Friela-Maside",
    "province": "Pontevedra",
    "marker-symbol": "rail",
    "marker-size": "small",
    "marker-color": "#666666"
   }
  },
  {
   "type": "Feature",
   "geometry": {
    "type": "Point",
    "coordinates": [
     -8.62254,
     42.06567
    ]
   },
   "properties": {
    "id": "EST-GUILLAREY",
    "name": "Guillarey",
    "province": "Pontevedra",
    "marker-symbol": "rail",
    "marker-size": "small",
    "marker-color": "#666666"
   }
  },
  {
   "type": "Feature",
   "geometry": {
    "type": "Point",
    "coordinates": [
     -8.35217,
     43.29044
    ]
   },
   "properties": {
    "id": "EST-CAMBRE",
    "name": "Cambre",
    "province": "A Coruña",
    "marker-symbol": "rail",
    "marker-size": "small",
    "marker-color": "#666666"
   }
  },
  {
   "type": "Feature",
   "geometry": {
    "type": "Point",
    "coordinates": [
     -8.30777,
     43.28785
    ]
   },
   "properties": {
    "id": "EST-CECEBRE",
    "name": "Cecebre",
    "province": "A Coruña",
    "marker-symbol": "rail",
    "marker-size": "small",
    "marker-color": "#666666"
   }
  },
  {
   "type": "Feature",
   "geometry": {
    "type": "Point",
    "coordinates": [
     -8.22583,
     43.27072
    ]
   },
   "properties": {
    "id": "EST-BETANZOSINFESTA",
    "name": "Betanzos-Infesta",
    "province": "A Coruña",
    "marker-symbol": "rail",
    "marker-size": "small",
    "marker-color": "#666666"
   }
  },
  {
   "type": "Feature",
   "geometry": {
    "type": "Point",
    "coordinates": [
     -8.20054,
     43.17302
    ]
   },
   "properties": {
    "id": "EST-CESURAS",
    "name": "Cesuras",
    "province": "A Coruña",
    "marker-symbol": "rail",
    "marker-size": "small",
    "marker-color": "#666666"
   }
  },
  {
   "type": "Feature",
   "geometry": {
    "type": "Point",
    "coordinates": [
     -8.2,
     43.3
    ]
   },
   "properties": {
    "id": "EST-PINOY",
    "name": "Piñoy",
    "province": "A Coruña",
    "marker-symbol": "rail",
    "marker-size": "small",
    "marker-color": "#666666"
   }
  },
  {
   "type": "Feature",
   "geometry": {
    "type": "Point",
    "coordinates": [
     -8.14324,
     43.1273
    ]
   },
   "properties": {
    "id": "EST-CURTIS",
    "name": "Curtis",
    "province": "A Coruña",
    "marker-symbol": "rail",
    "marker-size": "small",
    "marker-color": "#666666"
   }
  },
  {
   "type": "Feature",
   "geometry": {
    "type": "Point",
    "coordinates": [
     -7.89507,
     43.17906
    ]
   },
   "properties": {
    "id": "EST-GUITIRIZ",
    "name": "Guitiriz",
    "province": "Lugo",
    "marker-symbol": "rail",
    "marker-size": "small",
    "marker-color": "#666666"
   }
  },
  {
   "type": "Feature",
   "geometry": {
    "type": "Point",
    "coordinates": [
     -7.83737,
     43.1636
    ]
   },
   "properties": {
    "id": "EST-PARGA",
    "name": "Parga",
    "province": "Lugo",
    "marker-symbol": "rail",
    "marker-size": "small",
    "marker-color": "#666666"
   }
  },
  {
   "type": "Feature",
   "geometry": {
    "type": "Point",
    "coordinates": [
     -7.75631,
     43.17342
    ]
   },
   "properties": {
    "id": "EST-BAAMONDE",
    "name": "Baamonde",
    "province": "Lugo",
    "marker-symbol": "rail",
    "marker-size": "small",
    "marker-color": "#666666"
   }
  },
  {
   "type": "Feature",
   "geometry": {
    "type": "Point",
    "coordinates": [
     -7.62477,
     43.12136
    ]
   },
   "properties": {
    "id": "EST-RABADE",
    "name": "Rábade",
    "province": "Lugo",
    "marker-symbol": "rail",
    "marker-size": "small",
    "marker-color": "#666666"
   }
  },
  {
   "type": "Feature",
   "geometry": {
    "type": "Point",
    "coordinates": [
     -7.39338,
     42.83287
    ]
   },
   "properties": {
    "id": "EST-PEDRELOCELTIGOS",
    "name": "Pedrelo-Céltigos",
    "province": "Lugo",
    "marker-symbol": "rail",
    "marker-size": "small",
    "marker-color": "#666666"
   }
  },
  {
   "type": "Feature",
   "geometry": {
    "type": "Point",
    "coordinates": [
     -8.21593,
     43.28418
    ]
   },
   "properties": {
    "id": "EST-BETANZOSCIDADE",
    "name": "Betanzos-Cidade",
    "province": "A Coruña",
    "marker-symbol": "rail",
    "marker-size": "small",
    "marker-color": "#666666"
   }
  },
  {
   "type": "Feature",
   "geometry": {
    "type": "Point",
    "coordinates": [
     -8.2011,
     43.37819
    ]
   },
   "properties": {
    "id": "EST-PERBES",
    "name": "Perbes",
    "province": "A Coruña",
    "marker-symbol": "rail",
    "marker-size": "small",
    "marker-color": "#666666"
   }
  },
  {
   "type": "Feature",
   "geometry": {
    "type": "Point",
    "coordinates": [
     -8.17629,
     43.41133
    ]
   },
   "properties": {
    "id": "EST-PUENTEDEUME",
    "name": "Puentedeume",
    "province": "A Coruña",
    "marker-symbol": "rail",
    "marker-size": "small",
    "marker-color": "#666666"
   }
  },
  {
   "type": "Feature",
   "geometry": {
    "type": "Point",
    "coordinates": [
     -8.17486,
     43.47234
    ]
   },
   "properties": {
    "id": "EST-PERLIO",
    "name": "Perlío",
    "province": "A Coruña",
    "marker-symbol": "rail",
    "marker-size": "small",
    "marker-color": "#666666"
   }
  },
  {
   "type": "Feature",
   "geometry": {
    "type": "Point",
    "coordinates": [
     -8.56641,
     42.0557
    ]
   },
   "properties": {
    "id": "EST-CALDELAS",
    "name": "Caldelas",
    "province": "Pontevedra",
    "marker-symbol": "rail",
    "marker-size": "small",
    "marker-color": "#666666"
   }
  },
  {
   "type": "Feature",
   "geometry": {
    "type": "Point",
    "coordinates": [
     -8.49522,
     42.08171
    ]
   },
   "properties": {
    "id": "EST-SALVATERRA",
    "name": "Salvaterra",
    "province": "Pontevedra",
    "marker-symbol": "rail",
    "marker-size": "small",
    "marker-color": "#666666"
   }
  },
  {
   "type": "Feature",
   "geometry": {
    "type": "Point",
    "coordinates": [
     -8.4201,
     42.07542
    ]
   },
   "properties": {
    "id": "EST-ASNEVES",
    "name": "As Neves",
    "province": "Pontevedra",
    "marker-symbol": "rail",
    "marker-size": "small",
    "marker-color": "#666666"
   }
  },
  {
   "type": "Feature",
   "geometry": {
    "type": "Point",
    "coordinates": [
     -8.35596,
     42.09214
    ]
   },
   "properties": {
    "id": "EST-SELA",
    "name": "Sela",
    "province": "Pontevedra",
    "marker-symbol": "rail",
    "marker-size": "small",
    "marker-color": "#666666"
   }
  },
  {
   "type": "Feature",
   "geometry": {
    "type": "Point",
    "coordinates": [
     -8.23489,
     42.13668
    ]
   },
   "properties": {
    "id": "EST-POUSACRECENTE",
    "name": "Pousa Crecente",
    "province": "Pontevedra",
    "marker-symbol": "rail",
    "marker-size": "small",
    "marker-color": "#666666"
   }
  },
  {
   "type": "Feature",
   "geometry": {
    "type": "Point",
    "coordinates": [
     -8.17,
     42.16
    ]
   },
   "properties": {
    "id": "EST-FRIEIRA",
    "name": "Frieira",
    "province": "Pontevedra",
    "marker-symbol": "rail",
    "marker-size": "small",
    "marker-color": "#666666"
   }
  },
  {
   "type": "Feature",
   "geometry": {
    "type": "Point",
    "coordinates": [
     -8.1848,
     42.21994
    ]
   },
   "properties": {
    "id": "EST-FILGUEIRA",
    "name": "Filgueira",
    "province": "Ourense",
    "marker-symbol": "rail",
    "marker-size": "small",
    "marker-color": "#666666"
   }
  },
  {
   "type": "Feature",
   "geometry": {
    "type": "Point",
    "coordinates": [
     -8.13902,
     42.29304
    ]
   },
   "properties": {
    "id": "EST-RIBADAVIA",
    "name": "Ribadavia",
    "province": "Ourense",
    "marker-symbol": "rail",
    "marker-size": "small",
    "marker-color": "#666666"
   }
  },
  {
   "type": "Feature",
   "geometry": {
    "type": "Point",
    "coordinates": [
     -7.80252,
     42.40104
    ]
   },
   "properties": {
    "id": "EST-BARRADEMINO",
    "name": "Barra de Miño",
    "province": "Ourense",
    "marker-symbol": "rail",
    "marker-size": "small",
    "marker-color": "#666666"
   }
  },
  {
   "type": "Feature",
   "geometry": {
    "type": "Point",
    "coordinates": [
     -7.62927,
     42.45791
    ]
   },
   "properties": {
    "id": "EST-AREAS",
    "name": "Áreas",
    "province": "Ourense",
    "marker-symbol": "rail",
    "marker-size": "small",
    "marker-color": "#666666"
   }
  },
  {
   "type": "Feature",
   "geometry": {
    "type": "Point",
    "coordinates": [
     -7.25,
     42.4
    ]
   },
   "properties": {
    "id": "EST-CANABAL",
    "name": "Canabal",
    "province": "Ourense",
    "marker-symbol": "rail",
    "marker-size": "small",
    "marker-color": "#666666"
   }
  },
  {
   "type": "Feature",
   "geometry": {
    "type": "Point",
    "coordinates": [
     -7.19455,
     42.3937
    ]
   },
   "properties": {
    "id": "EST-MONTEFURADO",
    "name": "Montefurado",
    "province": "Ourense",
    "marker-symbol": "rail",
    "marker-size": "small",
    "marker-color": "#666666"
   }
  },
  {
   "type": "Feature",
   "geometry": {
    "type": "Point",
    "coordinates": [
     -6.91194,
     42.41477
    ]
   },
   "properties": {
    "id": "EST-SOBRADELO",
    "name": "Sobradelo",
    "province": "Ourense",
    "marker-symbol": "rail",
    "marker-size": "small",
    "marker-color": "#666666"
   }
  },
  {
   "type": "Feature",
   "geometry": {
    "type": "Point",
    "coordinates": [
     -6.82946,
     42.42064
    ]
   },
   "properties": {
    "id": "EST-QUERENO",
    "name": "Quereño",
    "province": "Ourense",
    "marker-symbol": "rail",
    "marker-size": "small",
    "marker-color": "#666666"
   }
  },
  {
   "type": "Feature",
   "geometry": {
    "type": "Point",
    "coordinates": [
     -6.75104,
     42.53685
    ]
   },
   "properties": {
    "id": "EST-VILLADEPALOS",
    "name": "Villadepalos",
    "province": "León",
    "marker-symbol": "rail",
    "marker-size": "small",
    "marker-color": "#666666"
   }
  },
  {
   "type": "Feature",
   "geometry": {
    "type": "Point",
    "coordinates": [
     -6.20097,
     42.63278
    ]
   },
   "properties": {
    "id": "EST-BRANUELAS",
    "name": "Brañuelas",
    "province": "León",
    "marker-symbol": "rail",
    "marker-size": "small",
    "marker-color": "#666666"
   }
  },
  {
   "type": "Feature",
   "geometry": {
    "type": "Point",
    "coordinates": [
     -6.00803,
     42.42439
    ]
   },
   "properties": {
    "id": "EST-NISTAL",
    "name": "Nistal",
    "province": "León",
    "marker-symbol": "rail",
    "marker-size": "small",
    "marker-color": "#666666"
   }
  },
  {
   "type": "Feature",
   "geometry": {
    "type": "Point",
    "coordinates": [
     -5.96406,
     42.41444
    ]
   },
   "properties": {
    "id": "EST-BARRIENTOS",
    "name": "Barrientos",
    "province": "León",
    "marker-symbol": "rail",
    "marker-size": "small",
    "marker-color": "#666666"
   }
  },
  {
   "type": "Feature",
   "geometry": {
    "type": "Point",
    "coordinates": [
     -5.8875,
     42.43347
    ]
   },
   "properties": {
    "id": "EST-VEGUELLINA",
    "name": "Veguellina",
    "province": "León",
    "marker-symbol": "rail",
    "marker-size": "small",
    "marker-color": "#666666"
   }
  },
  {
   "type": "Feature",
   "geometry": {
    "type": "Point",
    "coordinates": [
     -5.83896,
     42.46459
    ]
   },
   "properties": {
    "id": "EST-VILLAVANTE",
    "name": "Villavante",
    "province": "León",
    "marker-symbol": "rail",
    "marker-size": "small",
    "marker-color": "#666666"
   }
  },
  {
   "type": "Feature",
   "geometry": {
    "type": "Point",
    "coordinates": [
     -4.58491,
     42.04984
    ]
   },
   "properties": {
    "id": "EST-GRIJOTA",
    "name": "Grijota",
    "province": "Palencia",
    "marker-symbol": "rail",
    "marker-size": "small",
    "marker-color": "#666666"
   }
  },
  {
   "type": "Feature",
   "geometry": {
    "type": "Point",
    "coordinates": [
     -4.64726,
     42.10469
    ]
   },
   "properties": {
    "id": "EST-BECERRIL",
    "name": "Becerril",
    "province": "Palencia",
    "marker-symbol": "rail",
    "marker-size": "small",
    "marker-color": "#666666"
   }
  },
  {
   "type": "Feature",
   "geometry": {
    "type": "Point",
    "coordinates": [
     -4.85038,
     42.19099
    ]
   },
   "properties": {
    "id": "EST-CISNEROS",
    "name": "Cisneros",
    "province": "Palencia",
    "marker-symbol": "rail",
    "marker-size": "small",
    "marker-color": "#666666"
   }
  },
  {
   "type": "Feature",
   "geometry": {
    "type": "Point",
    "coordinates": [
     -4.97068,
     42.24513
    ]
   },
   "properties": {
    "id": "EST-VILLADA",
    "name": "Villada",
    "province": "Palencia",
    "marker-symbol": "rail",
    "marker-size": "small",
    "marker-color": "#666666"
   }
  },
  {
   "type": "Feature",
   "geometry": {
    "type": "Point",
    "coordinates": [
     -5.01331,
     42.32323
    ]
   },
   "properties": {
    "id": "EST-GRAJAL",
    "name": "Grajal",
    "province": "Leon",
    "marker-symbol": "rail",
    "marker-size": "small",
    "marker-color": "#666666"
   }
  },
  {
   "type": "Feature",
   "geometry": {
    "type": "Point",
    "coordinates": [
     -5.38673,
     42.45988
    ]
   },
   "properties": {
    "id": "EST-SANTASMARTAS",
    "name": "Santas Martas",
    "province": "León",
    "marker-symbol": "rail",
    "marker-size": "small",
    "marker-color": "#666666"
   }
  },
  {
   "type": "Feature",
   "geometry": {
    "type": "Point",
    "coordinates": [
     -5.49593,
     42.46073
    ]
   },
   "properties": {
    "id": "EST-PALANQUINOS",
    "name": "Palanquinos",
    "province": "León",
    "marker-symbol": "rail",
    "marker-size": "small",
    "marker-color": "#666666"
   }
  },
  {
   "type": "Feature",
   "geometry": {
    "type": "Point",
    "coordinates": [
     1.37659,
     41.22339
    ]
   },
   "properties": {
    "id": "EST-SALOMO",
    "name": "Salomó",
    "province": "Tarragona",
    "marker-symbol": "rail",
    "marker-size": "small",
    "marker-color": "#666666"
   }
  },
  {
   "type": "Feature",
   "geometry": {
    "type": "Point",
    "coordinates": [
     1.31748,
     41.2395
    ]
   },
   "properties": {
    "id": "EST-VILABELLA",
    "name": "Vilabella",
    "province": "Tarragona",
    "marker-symbol": "rail",
    "marker-size": "small",
    "marker-color": "#666666"
   }
  },
  {
   "type": "Feature",
   "geometry": {
    "type": "Point",
    "coordinates": [
     1.2974,
     41.25034
    ]
   },
   "properties": {
    "id": "EST-NULLESBRAFIM",
    "name": "Nulles-Bràfim",
    "province": "Tarragona",
    "marker-symbol": "rail",
    "marker-size": "small",
    "marker-color": "#666666"
   }
  },
  {
   "type": "Feature",
   "geometry": {
    "type": "Point",
    "coordinates": [
     1.17649,
     41.33763
    ]
   },
   "properties": {
    "id": "EST-VILAVERD",
    "name": "Vilaverd",
    "province": "Tarragona",
    "marker-symbol": "rail",
    "marker-size": "small",
    "marker-color": "#666666"
   }
  },
  {
   "type": "Feature",
   "geometry": {
    "type": "Point",
    "coordinates": [
     1.10327,
     41.40047
    ]
   },
   "properties": {
    "id": "EST-ESPLUGADEFRANCOLI",
    "name": "Espluga de Francolí",
    "province": "Tarragona",
    "marker-symbol": "rail",
    "marker-size": "small",
    "marker-color": "#666666"
   }
  },
  {
   "type": "Feature",
   "geometry": {
    "type": "Point",
    "coordinates": [
     1.04603,
     41.40269
    ]
   },
   "properties": {
    "id": "EST-VIMBODI",
    "name": "Vimbodí",
    "province": "Tarragona",
    "marker-symbol": "rail",
    "marker-size": "small",
    "marker-color": "#666666"
   }
  },
  {
   "type": "Feature",
   "geometry": {
    "type": "Point",
    "coordinates": [
     0.97035,
     41.4251
    ]
   },
   "properties": {
    "id": "EST-VINAIXA",
    "name": "Vinaixa",
    "province": "Tarragona",
    "marker-symbol": "rail",
    "marker-size": "small",
    "marker-color": "#666666"
   }
  },
  {
   "type": "Feature",
   "geometry": {
    "type": "Point",
    "coordinates": [
     0.82553,
     41.54392
    ]
   },
   "properties": {
    "id": "EST-JUNEDA",
    "name": "Juneda",
    "province": "Lleida",
    "marker-symbol": "rail",
    "marker-size": "small",
    "marker-color": "#666666"
   }
  },
  {
   "type": "Feature",
   "geometry": {
    "type": "Point",
    "coordinates": [
     -3.2005,
     43.23308
    ]
   },
   "properties": {
    "id": "EST-ARCENTALES",
    "name": "Arcentales",
    "province": "Bizkaia",
    "marker-symbol": "rail",
    "marker-size": "small",
    "marker-color": "#666666"
   }
  },
  {
   "type": "Feature",
   "geometry": {
    "type": "Point",
    "coordinates": [
     -3.13114,
     43.21575
    ]
   },
   "properties": {
    "id": "EST-MIMETIZ",
    "name": "Mimetiz",
    "province": "Bizkaia",
    "marker-symbol": "rail",
    "marker-size": "small",
    "marker-color": "#666666"
   }
  },
  {
   "type": "Feature",
   "geometry": {
    "type": "Point",
    "coordinates": [
     -2.962,
     43.282
    ]
   },
   "properties": {
    "id": "EST-ZORROZAZORROZGOITI",
    "name": "Zorroza-Zorrozgoiti",
    "province": "Bizkaia",
    "marker-symbol": "rail",
    "marker-size": "small",
    "marker-color": "#666666"
   }
  },
  {
   "type": "Feature",
   "geometry": {
    "type": "Point",
    "coordinates": [
     -3.26295,
     43.10554
    ]
   },
   "properties": {
    "id": "EST-MERCADILLOVILLASANA",
    "name": "Mercadillo-Villasana",
    "province": "Bizkaia",
    "marker-symbol": "rail",
    "marker-size": "small",
    "marker-color": "#666666"
   }
  },
  {
   "type": "Feature",
   "geometry": {
    "type": "Point",
    "coordinates": [
     -3.34748,
     43.06801
    ]
   },
   "properties": {
    "id": "EST-CADAGUA",
    "name": "Cadagua",
    "province": "Bizkaia",
    "marker-symbol": "rail",
    "marker-size": "small",
    "marker-color": "#666666"
   }
  },
  {
   "type": "Feature",
   "geometry": {
    "type": "Point",
    "coordinates": [
     -3.59,
     42.89
    ]
   },
   "properties": {
    "id": "EST-ROBREDOAHEDO",
    "name": "Robredo Ahedo",
    "province": "Burgos",
    "marker-symbol": "rail",
    "marker-size": "small",
    "marker-color": "#666666"
   }
  },
  {
   "type": "Feature",
   "geometry": {
    "type": "Point",
    "coordinates": [
     -4.27909,
     42.8577
    ]
   },
   "properties": {
    "id": "EST-CILLAMAYOR",
    "name": "Cillamayor",
    "province": "Burgos",
    "marker-symbol": "rail",
    "marker-size": "small",
    "marker-color": "#666666"
   }
  },
  {
   "type": "Feature",
   "geometry": {
    "type": "Point",
    "coordinates": [
     -8.61644,
     42.31021
    ]
   },
   "properties": {
    "id": "EST-CESANTES",
    "name": "Cesantes",
    "province": "Pontevedra",
    "marker-symbol": "rail",
    "marker-size": "small",
    "marker-color": "#666666"
   }
  },
  {
   "type": "Feature",
   "geometry": {
    "type": "Point",
    "coordinates": [
     -8.55,
     42.32
    ]
   },
   "properties": {
    "id": "EST-NINE",
    "name": "Nine",
    "province": "Pontevedra",
    "marker-symbol": "rail",
    "marker-size": "small",
    "marker-color": "#666666"
   }
  },
  {
   "type": "Feature",
   "geometry": {
    "type": "Point",
    "coordinates": [
     -6.14182,
     41.80942
    ]
   },
   "properties": {
    "id": "EST-ABEJERA",
    "name": "Abejera",
    "province": "Zamora",
    "marker-symbol": "rail",
    "marker-size": "small",
    "marker-color": "#666666"
   }
  },
  {
   "type": "Feature",
   "geometry": {
    "type": "Point",
    "coordinates": [
     -5.18312,
     41.13362
    ]
   },
   "properties": {
    "id": "EST-CANTALAPIEDRA",
    "name": "Cantalapiedra",
    "province": "Salamanca",
    "marker-symbol": "rail",
    "marker-size": "small",
    "marker-color": "#666666"
   }
  },
  {
   "type": "Feature",
   "geometry": {
    "type": "Point",
    "coordinates": [
     -5.47414,
     41.06379
    ]
   },
   "properties": {
    "id": "EST-PITIEGUA",
    "name": "Pitiegua",
    "province": "Salamanca",
    "marker-symbol": "rail",
    "marker-size": "small",
    "marker-color": "#666666"
   }
  },
  {
   "type": "Feature",
   "geometry": {
    "type": "Point",
    "coordinates": [
     -5.65,
     41.036
    ]
   },
   "properties": {
    "id": "EST-GORNECELLO",
    "name": "Gornecello",
    "province": "Salamanca",
    "marker-symbol": "rail",
    "marker-size": "small",
    "marker-color": "#666666"
   }
  },
  {
   "type": "Feature",
   "geometry": {
    "type": "Point",
    "coordinates": [
     -5.58454,
     41.01184
    ]
   },
   "properties": {
    "id": "EST-MORISCOS",
    "name": "Moriscos",
    "province": "Salamanca",
    "marker-symbol": "rail",
    "marker-size": "small",
    "marker-color": "#666666"
   }
  },
  {
   "type": "Feature",
   "geometry": {
    "type": "Point",
    "coordinates": [
     -4.48058,
     42.17823
    ]
   },
   "properties": {
    "id": "EST-AMUSCO",
    "name": "Amusco",
    "province": "Palencia",
    "marker-symbol": "rail",
    "marker-size": "small",
    "marker-color": "#666666"
   }
  },
  {
   "type": "Feature",
   "geometry": {
    "type": "Point",
    "coordinates": [
     -4.27566,
     42.72337
    ]
   },
   "properties": {
    "id": "EST-MAVE",
    "name": "Mave",
    "province": "Palencia",
    "marker-symbol": "rail",
    "marker-size": "small",
    "marker-color": "#666666"
   }
  },
  {
   "type": "Feature",
   "geometry": {
    "type": "Point",
    "coordinates": [
     -2.86734,
     42.74274
    ]
   },
   "properties": {
    "id": "EST-MANZANOS",
    "name": "Manzanos",
    "province": "Álava",
    "marker-symbol": "rail",
    "marker-size": "small",
    "marker-color": "#666666"
   }
  },
  {
   "type": "Feature",
   "geometry": {
    "type": "Point",
    "coordinates": [
     -2.80485,
     42.81603
    ]
   },
   "properties": {
    "id": "EST-NANCLARES",
    "name": "Nanclares",
    "province": "Álava",
    "marker-symbol": "rail",
    "marker-size": "small",
    "marker-color": "#666666"
   }
  },
  {
   "type": "Feature",
   "geometry": {
    "type": "Point",
    "coordinates": [
     -1.20194,
     41.8051
    ]
   },
   "properties": {
    "id": "EST-PEDROLA",
    "name": "Pedrola",
    "province": "Zaragoza",
    "marker-symbol": "rail",
    "marker-size": "small",
    "marker-color": "#666666"
   }
  },
  {
   "type": "Feature",
   "geometry": {
    "type": "Point",
    "coordinates": [
     -1.24401,
     41.82616
    ]
   },
   "properties": {
    "id": "EST-LUCENI",
    "name": "Luceni",
    "province": "Zaragoza",
    "marker-symbol": "rail",
    "marker-size": "small",
    "marker-color": "#666666"
   }
  },
  {
   "type": "Feature",
   "geometry": {
    "type": "Point",
    "coordinates": [
     -2.12197,
     42.40759
    ]
   },
   "properties": {
    "id": "EST-ALCANADRE",
    "name": "Alcanadre",
    "province": "La Rioja",
    "marker-symbol": "rail",
    "marker-size": "small",
    "marker-color": "#666666"
   }
  },
  {
   "type": "Feature",
   "geometry": {
    "type": "Point",
    "coordinates": [
     -2.29167,
     42.44355
    ]
   },
   "properties": {
    "id": "EST-AGONCILLO",
    "name": "Agoncillo",
    "province": "La Rioja",
    "marker-symbol": "rail",
    "marker-size": "small",
    "marker-color": "#666666"
   }
  },
  {
   "type": "Feature",
   "geometry": {
    "type": "Point",
    "coordinates": [
     -5.65784,
     42.93664
    ]
   },
   "properties": {
    "id": "EST-VILLAMANIN",
    "name": "Villamanín",
    "province": "León",
    "marker-symbol": "rail",
    "marker-size": "small",
    "marker-color": "#666666"
   }
  },
  {
   "type": "Feature",
   "geometry": {
    "type": "Point",
    "coordinates": [
     -5.7053,
     42.98437
    ]
   },
   "properties": {
    "id": "EST-BUSDONGO",
    "name": "Busdongo",
    "province": "León",
    "marker-symbol": "rail",
    "marker-size": "small",
    "marker-color": "#666666"
   }
  },
  {
   "type": "Feature",
   "geometry": {
    "type": "Point",
    "coordinates": [
     -2.30674,
     42.86923
    ]
   },
   "properties": {
    "id": "EST-ARAYA",
    "name": "Araya",
    "province": "Álava",
    "marker-symbol": "rail",
    "marker-size": "small",
    "marker-color": "#666666"
   }
  },
  {
   "type": "Feature",
   "geometry": {
    "type": "Point",
    "coordinates": [
     -2.80485,
     42.81603
    ]
   },
   "properties": {
    "id": "EST-NANCLARESLANGRAIZ",
    "name": "Nanclares-Langráiz",
    "province": "Álava",
    "marker-symbol": "rail",
    "marker-size": "small",
    "marker-color": "#666666"
   }
  },
  {
   "type": "Feature",
   "geometry": {
    "type": "Point",
    "coordinates": [
     -1.64976,
     42.48513
    ]
   },
   "properties": {
    "id": "EST-OLITE",
    "name": "Olite",
    "province": "Navarra",
    "marker-symbol": "rail",
    "marker-size": "small",
    "marker-color": "#666666"
   }
  },
  {
   "type": "Feature",
   "geometry": {
    "type": "Point",
    "coordinates": [
     -2.07173,
     42.91096
    ]
   },
   "properties": {
    "id": "EST-ECHARRIARANAZ",
    "name": "Echarri-Aranaz",
    "province": "Navarra",
    "marker-symbol": "rail",
    "marker-size": "small",
    "marker-color": "#666666"
   }
  },
  {
   "type": "Feature",
   "geometry": {
    "type": "Point",
    "coordinates": [
     0.71,
     40.868
    ]
   },
   "properties": {
    "id": "EST-AMPOLLAPERELLODELTEBRE",
    "name": "Ampolla-Perelló-Deltebre",
    "province": "Tarragona",
    "marker-symbol": "rail",
    "marker-size": "small",
    "marker-color": "#666666"
   }
  },
  {
   "type": "Feature",
   "geometry": {
    "type": "Point",
    "coordinates": [
     2.747,
     41.783
    ]
   },
   "properties": {
    "id": "EST-MASSANETMASSANAS",
    "name": "Massanet-Massanas",
    "province": "Girona",
    "marker-symbol": "rail",
    "marker-size": "small",
    "marker-color": "#666666"
   }
  },
  {
   "type": "Feature",
   "geometry": {
    "type": "Point",
    "coordinates": [
     2.6667,
     41.5374
    ]
   },
   "properties": {
    "id": "EST-FLASSA",
    "name": "Flassá",
    "province": "Girona",
    "marker-symbol": "rail",
    "marker-size": "small",
    "marker-color": "#666666"
   }
  },
  {
   "type": "Feature",
   "geometry": {
    "type": "Point",
    "coordinates": [
     3.1549,
     42.3612
    ]
   },
   "properties": {
    "id": "EST-LLANSA",
    "name": "Llansá",
    "province": "Girona",
    "marker-symbol": "rail",
    "marker-size": "small",
    "marker-color": "#666666"
   }
  },
  {
   "type": "Feature",
   "geometry": {
    "type": "Point",
    "coordinates": [
     3.16351,
     42.44156
    ]
   },
   "properties": {
    "id": "EST-CERBERE",
    "name": "Cerbère",
    "province": "Pirineos Orientales",
    "marker-symbol": "rail",
    "marker-size": "small",
    "marker-color": "#666666"
   }
  },
  {
   "type": "Feature",
   "geometry": {
    "type": "Point",
    "coordinates": [
     1.34,
     41.259
    ]
   },
   "properties": {
    "id": "EST-CAPSANAS",
    "name": "Capsanas",
    "province": "Tarragona",
    "marker-symbol": "rail",
    "marker-size": "small",
    "marker-color": "#666666"
   }
  },
  {
   "type": "Feature",
   "geometry": {
    "type": "Point",
    "coordinates": [
     1.17417,
     41.2616
    ]
   },
   "properties": {
    "id": "EST-ALCOVER",
    "name": "Alcover",
    "province": "Tarragona",
    "marker-symbol": "rail",
    "marker-size": "small",
    "marker-color": "#666666"
   }
  },
  {
   "type": "Feature",
   "geometry": {
    "type": "Point",
    "coordinates": [
     -0.424,
     39.496
    ]
   },
   "properties": {
    "id": "EST-MONCADABIFURCACION",
    "name": "Moncada Bifurcación",
    "province": "Valencia",
    "marker-symbol": "rail",
    "marker-size": "small",
    "marker-color": "#666666"
   }
  },
  {
   "type": "Feature",
   "geometry": {
    "type": "Point",
    "coordinates": [
     2.03,
     41.56
    ]
   },
   "properties": {
    "id": "EST-TARRASAESTE",
    "name": "Tarrasa Este",
    "province": "Barcelona",
    "marker-symbol": "rail",
    "marker-size": "small",
    "marker-color": "#666666"
   }
  },
  {
   "type": "Feature",
   "geometry": {
    "type": "Point",
    "coordinates": [
     2.00799,
     41.55677
    ]
   },
   "properties": {
    "id": "EST-TARRASA",
    "name": "Tarrasa",
    "province": "Barcelona",
    "marker-symbol": "rail",
    "marker-size": "small",
    "marker-color": "#666666"
   }
  },
  {
   "type": "Feature",
   "geometry": {
    "type": "Point",
    "coordinates": [
     0.895,
     41.629
    ]
   },
   "properties": {
    "id": "EST-MOLLERUSA",
    "name": "Mollerusa",
    "province": "Lleida",
    "marker-symbol": "rail",
    "marker-size": "small",
    "marker-color": "#666666"
   }
  },
  {
   "type": "Feature",
   "geometry": {
    "type": "Point",
    "coordinates": [
     -2.3485,
     39.24065
    ]
   },
   "properties": {
    "id": "EST-MINAYA",
    "name": "Minaya",
    "province": "Albacete",
    "marker-symbol": "rail",
    "marker-size": "small",
    "marker-color": "#666666"
   }
  },
  {
   "type": "Feature",
   "geometry": {
    "type": "Point",
    "coordinates": [
     -0.48516,
     38.97458
    ]
   },
   "properties": {
    "id": "EST-GENOVES",
    "name": "Genovés",
    "province": "Valencia",
    "marker-symbol": "rail",
    "marker-size": "small",
    "marker-color": "#666666"
   }
  },
  {
   "type": "Feature",
   "geometry": {
    "type": "Point",
    "coordinates": [
     -0.45323,
     38.93833
    ]
   },
   "properties": {
    "id": "EST-BENIGANIM",
    "name": "Benigánim",
    "province": "Valencia",
    "marker-symbol": "rail",
    "marker-size": "small",
    "marker-color": "#666666"
   }
  },
  {
   "type": "Feature",
   "geometry": {
    "type": "Point",
    "coordinates": [
     -0.468,
     39.333
    ]
   },
   "properties": {
    "id": "EST-MONTABERNER",
    "name": "Montaberner",
    "province": "Valencia",
    "marker-symbol": "rail",
    "marker-size": "small",
    "marker-color": "#666666"
   }
  },
  {
   "type": "Feature",
   "geometry": {
    "type": "Point",
    "coordinates": [
     -0.413,
     39.418
    ]
   },
   "properties": {
    "id": "EST-BUFALI",
    "name": "Bufalí",
    "province": "Valencia",
    "marker-symbol": "rail",
    "marker-size": "small",
    "marker-color": "#666666"
   }
  },
  {
   "type": "Feature",
   "geometry": {
    "type": "Point",
    "coordinates": [
     -0.52241,
     38.84467
    ]
   },
   "properties": {
    "id": "EST-ALBAIDA",
    "name": "Albaida",
    "province": "Valencia",
    "marker-symbol": "rail",
    "marker-size": "small",
    "marker-color": "#666666"
   }
  },
  {
   "type": "Feature",
   "geometry": {
    "type": "Point",
    "coordinates": [
     -0.5512,
     38.83056
    ]
   },
   "properties": {
    "id": "EST-AGULLENT",
    "name": "Agullent",
    "province": "Valencia",
    "marker-symbol": "rail",
    "marker-size": "small",
    "marker-color": "#666666"
   }
  },
  {
   "type": "Feature",
   "geometry": {
    "type": "Point",
    "coordinates": [
     -0.68247,
     38.7946
    ]
   },
   "properties": {
    "id": "EST-ONTENIENTE",
    "name": "Onteniente",
    "province": "Valencia",
    "marker-symbol": "rail",
    "marker-size": "small",
    "marker-color": "#666666"
   }
  },
  {
   "type": "Feature",
   "geometry": {
    "type": "Point",
    "coordinates": [
     -0.52183,
     38.79686
    ]
   },
   "properties": {
    "id": "EST-AGRES",
    "name": "Agres",
    "province": "Alicante",
    "marker-symbol": "rail",
    "marker-size": "small",
    "marker-color": "#666666"
   }
  },
  {
   "type": "Feature",
   "geometry": {
    "type": "Point",
    "coordinates": [
     -0.44705,
     38.74078
    ]
   },
   "properties": {
    "id": "EST-COCENTAINA",
    "name": "Cocentaina",
    "province": "Alicante",
    "marker-symbol": "rail",
    "marker-size": "small",
    "marker-color": "#666666"
   }
  },
  {
   "type": "Feature",
   "geometry": {
    "type": "Point",
    "coordinates": [
     -0.46883,
     38.70976
    ]
   },
   "properties": {
    "id": "EST-ALCOY",
    "name": "Alcoy",
    "province": "Alicante",
    "marker-symbol": "rail",
    "marker-size": "small",
    "marker-color": "#666666"
   }
  },
  {
   "type": "Feature",
   "geometry": {
    "type": "Point",
    "coordinates": [
     -0.46374,
     39.46096
    ]
   },
   "properties": {
    "id": "EST-ALDAYA",
    "name": "Aldaya",
    "province": "Valencia",
    "marker-symbol": "rail",
    "marker-size": "small",
    "marker-color": "#666666"
   }
  },
  {
   "type": "Feature",
   "geometry": {
    "type": "Point",
    "coordinates": [
     -0.628,
     39.488
    ]
   },
   "properties": {
    "id": "EST-CIRCUITORICARDOTORMO",
    "name": "Circuito Ricardo Tormo",
    "province": "Valencia",
    "marker-symbol": "rail",
    "marker-size": "small",
    "marker-color": "#666666"
   }
  },
  {
   "type": "Feature",
   "geometry": {
    "type": "Point",
    "coordinates": [
     -1.61152,
     39.74802
    ]
   },
   "properties": {
    "id": "EST-VILLORA",
    "name": "Víllora",
    "province": "Cuenca",
    "marker-symbol": "rail",
    "marker-size": "small",
    "marker-color": "#666666"
   }
  },
  {
   "type": "Feature",
   "geometry": {
    "type": "Point",
    "coordinates": [
     -1.72,
     39.765
    ]
   },
   "properties": {
    "id": "EST-YEMEDACARDENETE",
    "name": "Yémeda-Cardenete",
    "province": "Cuenca",
    "marker-symbol": "rail",
    "marker-size": "small",
    "marker-color": "#666666"
   }
  },
  {
   "type": "Feature",
   "geometry": {
    "type": "Point",
    "coordinates": [
     -1.82027,
     39.83271
    ]
   },
   "properties": {
    "id": "EST-ARGUISUELAS",
    "name": "Arguisuelas",
    "province": "Cuenca",
    "marker-symbol": "rail",
    "marker-size": "small",
    "marker-color": "#666666"
   }
  },
  {
   "type": "Feature",
   "geometry": {
    "type": "Point",
    "coordinates": [
     -2.20077,
     40.08454
    ]
   },
   "properties": {
    "id": "EST-CHILLARON",
    "name": "Chillarón",
    "province": "Cuenca",
    "marker-symbol": "rail",
    "marker-size": "small",
    "marker-color": "#666666"
   }
  },
  {
   "type": "Feature",
   "geometry": {
    "type": "Point",
    "coordinates": [
     -3.48606,
     39.96464
    ]
   },
   "properties": {
    "id": "EST-OCANA",
    "name": "Ocaña",
    "province": "Toledo",
    "marker-symbol": "rail",
    "marker-size": "small",
    "marker-color": "#666666"
   }
  },
  {
   "type": "Feature",
   "geometry": {
    "type": "Point",
    "coordinates": [
     -1.27871,
     41.28902
    ]
   },
   "properties": {
    "id": "EST-ENCINACORBA",
    "name": "Encinacorba",
    "province": "Zaragoza",
    "marker-symbol": "rail",
    "marker-size": "small",
    "marker-color": "#666666"
   }
  },
  {
   "type": "Feature",
   "geometry": {
    "type": "Point",
    "coordinates": [
     -2.63926,
     41.59354
    ]
   },
   "properties": {
    "id": "EST-TARDELCUENDE",
    "name": "Tardelcuende",
    "province": "Soria",
    "marker-symbol": "rail",
    "marker-size": "small",
    "marker-color": "#666666"
   }
  },
  {
   "type": "Feature",
   "geometry": {
    "type": "Point",
    "coordinates": [
     -3.72849,
     39.87952
    ]
   },
   "properties": {
    "id": "EST-VILLASEQUILLA",
    "name": "Villasequilla",
    "province": "Toledo",
    "marker-symbol": "rail",
    "marker-size": "small",
    "marker-color": "#666666"
   }
  },
  {
   "type": "Feature",
   "geometry": {
    "type": "Point",
    "coordinates": [
     -3.49698,
     39.72251
    ]
   },
   "properties": {
    "id": "EST-TEMBLEQUE",
    "name": "Tembleque",
    "province": "Toledo",
    "marker-symbol": "rail",
    "marker-size": "small",
    "marker-color": "#666666"
   }
  },
  {
   "type": "Feature",
   "geometry": {
    "type": "Point",
    "coordinates": [
     -4.31665,
     38.66886
    ]
   },
   "properties": {
    "id": "EST-BRAZATORTASVEREDAS",
    "name": "Brazatortas-Veredas",
    "province": "Ciudad Real",
    "marker-symbol": "rail",
    "marker-size": "small",
    "marker-color": "#666666"
   }
  },
  {
   "type": "Feature",
   "geometry": {
    "type": "Point",
    "coordinates": [
     -5.29036,
     38.69646
    ]
   },
   "properties": {
    "id": "EST-ALMORCHON",
    "name": "Almorchón",
    "province": "Badajoz",
    "marker-symbol": "rail",
    "marker-size": "small",
    "marker-color": "#666666"
   }
  },
  {
   "type": "Feature",
   "geometry": {
    "type": "Point",
    "coordinates": [
     -5.64149,
     38.8533
    ]
   },
   "properties": {
    "id": "EST-CAMPANARIO",
    "name": "Campanario",
    "province": "Badajoz",
    "marker-symbol": "rail",
    "marker-size": "small",
    "marker-color": "#666666"
   }
  },
  {
   "type": "Feature",
   "geometry": {
    "type": "Point",
    "coordinates": [
     -6.06941,
     38.9133
    ]
   },
   "properties": {
    "id": "EST-VALDETORRES",
    "name": "Valdetorres",
    "province": "Badajoz",
    "marker-symbol": "rail",
    "marker-size": "small",
    "marker-color": "#666666"
   }
  },
  {
   "type": "Feature",
   "geometry": {
    "type": "Point",
    "coordinates": [
     -6.12902,
     38.89692
    ]
   },
   "properties": {
    "id": "EST-GUARENA",
    "name": "Guareña",
    "province": "Badajoz",
    "marker-symbol": "rail",
    "marker-size": "small",
    "marker-color": "#666666"
   }
  },
  {
   "type": "Feature",
   "geometry": {
    "type": "Point",
    "coordinates": [
     -2.59158,
     37.10861
    ]
   },
   "properties": {
    "id": "EST-GERGAL",
    "name": "Gérgal",
    "province": "Almería",
    "marker-symbol": "rail",
    "marker-size": "small",
    "marker-color": "#666666"
   }
  },
  {
   "type": "Feature",
   "geometry": {
    "type": "Point",
    "coordinates": [
     -6.39208,
     37.39772
    ]
   },
   "properties": {
    "id": "EST-ESCACENA",
    "name": "Escacena",
    "province": "Huelva",
    "marker-symbol": "rail",
    "marker-size": "small",
    "marker-color": "#666666"
   }
  },
  {
   "type": "Feature",
   "geometry": {
    "type": "Point",
    "coordinates": [
     -6.59848,
     37.38688
    ]
   },
   "properties": {
    "id": "EST-VILLARRASA",
    "name": "Villarrasa",
    "province": "Huelva",
    "marker-symbol": "rail",
    "marker-size": "small",
    "marker-color": "#666666"
   }
  },
  {
   "type": "Feature",
   "geometry": {
    "type": "Point",
    "coordinates": [
     -6.38281,
     38.88687
    ]
   },
   "properties": {
    "id": "EST-CALAMONTE",
    "name": "Calamonte",
    "province": "Badajoz",
    "marker-symbol": "rail",
    "marker-size": "small",
    "marker-color": "#666666"
   }
  },
  {
   "type": "Feature",
   "geometry": {
    "type": "Point",
    "coordinates": [
     0.55586,
     40.75908
    ]
   },
   "properties": {
    "id": "EST-CAMPREDO",
    "name": "Camp-redó",
    "province": "Tarragona",
    "marker-symbol": "rail",
    "marker-size": "small",
    "marker-color": "#666666"
   }
  },
  {
   "type": "Feature",
   "geometry": {
    "type": "Point",
    "coordinates": [
     -8.21385,
     43.49458
    ]
   },
   "properties": {
    "id": "EST-SANXOAN",
    "name": "San Xoan",
    "province": "A Coruna",
    "marker-symbol": "rail",
    "marker-size": "small",
    "marker-color": "#666666"
   }
  },
  {
   "type": "Feature",
   "geometry": {
    "type": "Point",
    "coordinates": [
     -8.20485,
     43.49656
    ]
   },
   "properties": {
    "id": "EST-VIRXEDOMAR",
    "name": "Virxe do Mar",
    "province": "A Coruna",
    "marker-symbol": "rail",
    "marker-size": "small",
    "marker-color": "#666666"
   }
  },
  {
   "type": "Feature",
   "geometry": {
    "type": "Point",
    "coordinates": [
     -8.2,
     43.49978
    ]
   },
   "properties": {
    "id": "EST-SANTACECILIA",
    "name": "Santa Cecilia",
    "province": "A Coruna",
    "marker-symbol": "rail",
    "marker-size": "small",
    "marker-color": "#666666"
   }
  },
  {
   "type": "Feature",
   "geometry": {
    "type": "Point",
    "coordinates": [
     -8.195556,
     43.503194
    ]
   },
   "properties": {
    "id": "EST-ALTODELCASTANO",
    "name": "Alto del Castano",
    "province": "A Coruna",
    "marker-symbol": "rail",
    "marker-size": "small",
    "marker-color": "#666666"
   }
  },
  {
   "type": "Feature",
   "geometry": {
    "type": "Point",
    "coordinates": [
     -8.1776,
     43.51485
    ]
   },
   "properties": {
    "id": "EST-PONTO",
    "name": "Ponto",
    "province": "A Coruna",
    "marker-symbol": "rail",
    "marker-size": "small",
    "marker-color": "#666666"
   }
  },
  {
   "type": "Feature",
   "geometry": {
    "type": "Point",
    "coordinates": [
     -8.10921,
     43.53674
    ]
   },
   "properties": {
    "id": "EST-PEDROSO",
    "name": "Pedroso",
    "province": "A Coruna",
    "marker-symbol": "rail",
    "marker-size": "small",
    "marker-color": "#666666"
   }
  },
  {
   "type": "Feature",
   "geometry": {
    "type": "Point",
    "coordinates": [
     -8.077944,
     43.546028
    ]
   },
   "properties": {
    "id": "EST-SANSATURNINO",
    "name": "San Saturnino",
    "province": "A Coruna",
    "marker-symbol": "rail",
    "marker-size": "small",
    "marker-color": "#666666"
   }
  },
  {
   "type": "Feature",
   "geometry": {
    "type": "Point",
    "coordinates": [
     -7.91624,
     43.64096
    ]
   },
   "properties": {
    "id": "EST-SANTAMARIADEMERA",
    "name": "Santa Maria de Mera",
    "province": "A Coruna",
    "marker-symbol": "rail",
    "marker-size": "small",
    "marker-color": "#666666"
   }
  },
  {
   "type": "Feature",
   "geometry": {
    "type": "Point",
    "coordinates": [
     -7.873472,
     43.660944
    ]
   },
   "properties": {
    "id": "EST-SANCLAUDIO-ACoruna",
    "name": "San Claudio",
    "province": "A Coruna",
    "marker-symbol": "rail",
    "marker-size": "small",
    "marker-color": "#666666"
   }
  },
  {
   "type": "Feature",
   "geometry": {
    "type": "Point",
    "coordinates": [
     -7.702889,
     43.735722
    ]
   },
   "properties": {
    "id": "EST-BARQUERO",
    "name": "Barquero",
    "province": "A Coruna",
    "marker-symbol": "rail",
    "marker-size": "small",
    "marker-color": "#666666"
   }
  },
  {
   "type": "Feature",
   "geometry": {
    "type": "Point",
    "coordinates": [
     -7.6731,
     43.73099
    ]
   },
   "properties": {
    "id": "EST-VICEDO",
    "name": "Vicedo",
    "province": "Lugo",
    "marker-symbol": "rail",
    "marker-size": "small",
    "marker-color": "#666666"
   }
  },
  {
   "type": "Feature",
   "geometry": {
    "type": "Point",
    "coordinates": [
     -7.510983,
     43.683589
    ]
   },
   "properties": {
    "id": "EST-JOVEPUEBLO",
    "name": "Jove-Pueblo",
    "province": "Lugo",
    "marker-symbol": "rail",
    "marker-size": "small",
    "marker-color": "#666666"
   }
  },
  {
   "type": "Feature",
   "geometry": {
    "type": "Point",
    "coordinates": [
     -7.441861,
     43.692167
    ]
   },
   "properties": {
    "id": "EST-SANCIPRIAN",
    "name": "San Ciprian",
    "province": "Lugo",
    "marker-symbol": "rail",
    "marker-size": "small",
    "marker-color": "#666666"
   }
  },
  {
   "type": "Feature",
   "geometry": {
    "type": "Point",
    "coordinates": [
     -7.14603,
     43.55175
    ]
   },
   "properties": {
    "id": "EST-ESTEIRO",
    "name": "Esteiro",
    "province": "Lugo",
    "marker-symbol": "rail",
    "marker-size": "small",
    "marker-color": "#666666"
   }
  },
  {
   "type": "Feature",
   "geometry": {
    "type": "Point",
    "coordinates": [
     -7.13102,
     43.55155
    ]
   },
   "properties": {
    "id": "EST-OSCASTROS",
    "name": "Os Castros",
    "province": "Lugo",
    "marker-symbol": "rail",
    "marker-size": "small",
    "marker-color": "#666666"
   }
  },
  {
   "type": "Feature",
   "geometry": {
    "type": "Point",
    "coordinates": [
     -7.05058,
     43.47314
    ]
   },
   "properties": {
    "id": "EST-VEGADEOPUEBLO",
    "name": "Vegadeo-Pueblo",
    "province": "Asturias",
    "marker-symbol": "rail",
    "marker-size": "small",
    "marker-color": "#666666"
   }
  },
  {
   "type": "Feature",
   "geometry": {
    "type": "Point",
    "coordinates": [
     -6.90929,
     43.53498
    ]
   },
   "properties": {
    "id": "EST-TOL",
    "name": "Tol",
    "province": "Asturias",
    "marker-symbol": "rail",
    "marker-size": "small",
    "marker-color": "#666666"
   }
  },
  {
   "type": "Feature",
   "geometry": {
    "type": "Point",
    "coordinates": [
     -6.82756,
     43.54708
    ]
   },
   "properties": {
    "id": "EST-LACARIDAD",
    "name": "La Caridad",
    "province": "Asturias",
    "marker-symbol": "rail",
    "marker-size": "small",
    "marker-color": "#666666"
   }
  },
  {
   "type": "Feature",
   "geometry": {
    "type": "Point",
    "coordinates": [
     -6.41525,
     43.547222
    ]
   },
   "properties": {
    "id": "EST-SANCRISTOBAL",
    "name": "San Cristobal",
    "province": "Asturias",
    "marker-symbol": "rail",
    "marker-size": "small",
    "marker-color": "#666666"
   }
  },
  {
   "type": "Feature",
   "geometry": {
    "type": "Point",
    "coordinates": [
     -6.30513,
     43.55265
    ]
   },
   "properties": {
    "id": "EST-SANTAMARINA",
    "name": "Santa Marina",
    "province": "Asturias",
    "marker-symbol": "rail",
    "marker-size": "small",
    "marker-color": "#666666"
   }
  },
  {
   "type": "Feature",
   "geometry": {
    "type": "Point",
    "coordinates": [
     -6.23457,
     43.55966
    ]
   },
   "properties": {
    "id": "EST-SOTODELUINA",
    "name": "Soto de Luina",
    "province": "Asturias",
    "marker-symbol": "rail",
    "marker-size": "small",
    "marker-color": "#666666"
   }
  },
  {
   "type": "Feature",
   "geometry": {
    "type": "Point",
    "coordinates": [
     -6.24822,
     43.54401
    ]
   },
   "properties": {
    "id": "EST-SANCOSME",
    "name": "San Cosme",
    "province": "Asturias",
    "marker-symbol": "rail",
    "marker-size": "small",
    "marker-color": "#666666"
   }
  },
  {
   "type": "Feature",
   "geometry": {
    "type": "Point",
    "coordinates": [
     -6.22886,
     43.54453
    ]
   },
   "properties": {
    "id": "EST-SANMARTINDELUINA",
    "name": "San Martin de Luina",
    "province": "Asturias",
    "marker-symbol": "rail",
    "marker-size": "small",
    "marker-color": "#666666"
   }
  },
  {
   "type": "Feature",
   "geometry": {
    "type": "Point",
    "coordinates": [
     -6.18495,
     43.55923
    ]
   },
   "properties": {
    "id": "EST-LAMAGDALENA",
    "name": "La Magdalena",
    "province": "Asturias",
    "marker-symbol": "rail",
    "marker-size": "small",
    "marker-color": "#666666"
   }
  },
  {
   "type": "Feature",
   "geometry": {
    "type": "Point",
    "coordinates": [
     -6.09731,
     43.51229
    ]
   },
   "properties": {
    "id": "EST-LOSCABOS",
    "name": "Los Cabos",
    "province": "Asturias",
    "marker-symbol": "rail",
    "marker-size": "small",
    "marker-color": "#666666"
   }
  },
  {
   "type": "Feature",
   "geometry": {
    "type": "Point",
    "coordinates": [
     -6.14317,
     36.41439
    ]
   },
   "properties": {
    "id": "EST-REYESCATOLICOS-Cadiz",
    "name": "Reyes Católicos",
    "province": "Cádiz",
    "marker-symbol": "rail",
    "marker-size": "small",
    "marker-color": "#666666"
   }
  },
  {
   "type": "Feature",
   "geometry": {
    "type": "Point",
    "coordinates": [
     -1.1304,
     37.98323
    ]
   },
   "properties": {
    "id": "EST-REYESCATOLICOS-Murcia",
    "name": "Reyes Católicos",
    "province": "Murcia",
    "marker-symbol": "rail",
    "marker-size": "small",
    "marker-color": "#666666"
   }
  },
  {
   "type": "Feature",
   "geometry": {
    "type": "Point",
    "coordinates": [
     -6.977086,
     43.520408
    ]
   },
   "properties": {
    "id": "EST-LASCAMPAS-Castropol",
    "name": "Las Campas",
    "province": "Asturias",
    "marker-symbol": "rail",
    "marker-size": "small",
    "marker-color": "#666666"
   }
  }
 ]
}