{
 "type": "FeatureCollection",
 "features": [
  {
   "type": "Feature",
   "geometry": {
    "type": "LineString",
    "coordinates": [
     [
      -3.6886,
      40.40697
     ],
     [
      -4.57142,
      38.25524
     ],
     [
      -4.82223,
      37.35892
     ],
     [
      -4.71971,
      37.07017
     ]
    ]
   },
   "properties": {
    "lid": "10",
    "name": "AVE Madrid - Málaga",
    "type": "AVE",
    "operator": "Renfe",
    "stroke": "#EC1C24",
    "stroke-width": 2,
    "stroke-opacity": 0.7,
    "total_sta": 5,
    "coords_sta": 4,
    "missing_coords": 1
   }
  },
  {
   "type": "Feature",
   "geometry": {
    "type": "LineString",
    "coordinates": [
     [
      -3.6886,
      40.40697
     ],
     [
      -4.57142,
      38.25524
     ],
     [
      -4.71971,
      37.07017
     ],
     [
      -4.13567,
      37.17511
     ],
     [
      -3.60863,
      37.18369
     ]
    ]
   },
   "properties": {
    "lid": "11",
    "name": "AVE Madrid - Granada",
    "type": "AVE",
    "operator": "Renfe",
    "stroke": "#EC1C24",
    "stroke-width": 2,
    "stroke-opacity": 0.7,
    "total_sta": 5,
    "coords_sta": 5,
    "missing_coords": 0
   }
  },
  {
   "type": "Feature",
   "geometry": {
    "type": "LineString",
    "coordinates": [
     [
      -3.68271,
      40.47395
     ],
     [
      -4.09476,
      40.91014
     ],
     [
      -4.92299,
      41.29133
     ],
     [
      -5.73978,
      41.516
     ],
     [
      -7.87255,
      42.35069
     ],
     [
      -8.5452,
      42.87044
     ],
     [
      -8.41215,
      43.35037
     ]
    ]
   },
   "properties": {
    "lid": "12",
    "name": "AVE Madrid - Galicia (A Coruña)",
    "type": "AVE",
    "operator": "Renfe",
    "stroke": "#EC1C24",
    "stroke-width": 2,
    "stroke-opacity": 0.7,
    "total_sta": 7,
    "coords_sta": 7,
    "missing_coords": 0
   }
  },
  {
   "type": "Feature",
   "geometry": {
    "type": "LineString",
    "coordinates": [
     [
      -3.68271,
      40.47395
     ],
     [
      -4.09476,
      40.91014
     ],
     [
      -4.92299,
      41.29133
     ],
     [
      -5.73978,
      41.516
     ],
     [
      -7.87255,
      42.35069
     ],
     [
      -8.5452,
      42.87044
     ],
     [
      -8.6354,
      42.42168
     ],
     [
      -8.7119,
      42.23496
     ]
    ]
   },
   "properties": {
    "lid": "13",
    "name": "AVE Madrid - Galicia (Vigo)",
    "type": "AVE",
    "operator": "Renfe",
    "stroke": "#EC1C24",
    "stroke-width": 2,
    "stroke-opacity": 0.7,
    "total_sta": 8,
    "coords_sta": 8,
    "missing_coords": 0
   }
  },
  {
   "type": "Feature",
   "geometry": {
    "type": "LineString",
    "coordinates": [
     [
      -3.6886,
      40.40697
     ],
     [
      -3.91314,
      38.98487
     ],
     [
      -4.11194,
      38.69129
     ],
     [
      -4.57142,
      38.25524
     ],
     [
      -6.1261,
      36.67981
     ],
     [
      -6.217,
      36.6042
     ],
     [
      -6.20688,
      36.46792
     ],
     [
      -6.294,
      36.537
     ]
    ]
   },
   "properties": {
    "lid": "14",
    "name": "Alvia Madrid - Cádiz",
    "type": "Larga Distancia",
    "operator": "Renfe",
    "stroke": "#5F259F",
    "stroke-width": 2,
    "stroke-opacity": 0.7,
    "total_sta": 9,
    "coords_sta": 8,
    "missing_coords": 1
   }
  },
  {
   "type": "Feature",
   "geometry": {
    "type": "LineString",
    "coordinates": [
     [
      -3.6886,
      40.40697
     ],
     [
      -4.57142,
      38.25524
     ],
     [
      -6.55436,
      37.39079
     ],
     [
      -6.94485,
      37.25262
     ]
    ]
   },
   "properties": {
    "lid": "15",
    "name": "Alvia Madrid - Huelva",
    "type": "Larga Distancia",
    "operator": "Renfe",
    "stroke": "#5F259F",
    "stroke-width": 2,
    "stroke-opacity": 0.7,
    "total_sta": 4,
    "coords_sta": 4,
    "missing_coords": 0
   }
  },
  {
   "type": "Feature",
   "geometry": {
    "type": "LineString",
    "coordinates": [
     [
      -3.68226,
      40.47206
     ],
     [
      -4.09476,
      40.91014
     ],
     [
      -4.7272,
      41.64334
     ],
     [
      -4.53386,
      42.01573
     ],
     [
      -6.52214,
      42.4055
     ],
     [
      -5.83113,
      43.15865
     ],
     [
      -5.78239,
      43.25004
     ],
     [
      -5.85487,
      43.36636
     ],
     [
      -5.67563,
      43.53773
     ]
    ]
   },
   "properties": {
    "lid": "16",
    "name": "Alvia Madrid - Gijón (con Segovia)",
    "type": "Larga Distancia",
    "operator": "Renfe",
    "stroke": "#5F259F",
    "stroke-width": 2,
    "stroke-opacity": 0.7,
    "total_sta": 9,
    "coords_sta": 9,
    "missing_coords": 0
   }
  },
  {
   "type": "Feature",
   "geometry": {
    "type": "LineString",
    "coordinates": [
     [
      -3.68226,
      40.47206
     ],
     [
      -4.09476,
      40.91014
     ],
     [
      -4.7272,
      41.64334
     ],
     [
      -4.53386,
      42.01573
     ],
     [
      -4.23375,
      42.78527
     ],
     [
      -4.14103,
      42.99434
     ],
     [
      -4.04246,
      43.32744
     ],
     [
      -3.81102,
      43.4583
     ]
    ]
   },
   "properties": {
    "lid": "17",
    "name": "Alvia Madrid - Santander",
    "type": "Larga Distancia",
    "operator": "Renfe",
    "stroke": "#5F259F",
    "stroke-width": 2,
    "stroke-opacity": 0.7,
    "total_sta": 8,
    "coords_sta": 8,
    "missing_coords": 0
   }
  },
  {
   "type": "Feature",
   "geometry": {
    "type": "LineString",
    "coordinates": [
     [
      -3.68226,
      40.47206
     ],
     [
      -4.09476,
      40.91014
     ],
     [
      -4.7272,
      41.64334
     ],
     [
      -3.66632,
      42.37117
     ],
     [
      -2.94114,
      42.6908
     ],
     [
      -2.9605,
      43.14225
     ],
     [
      -2.92744,
      43.26136
     ]
    ]
   },
   "properties": {
    "lid": "18",
    "name": "Alvia Madrid - Bilbao",
    "type": "Larga Distancia",
    "operator": "Renfe",
    "stroke": "#0071BC",
    "stroke-width": 2,
    "stroke-opacity": 0.7,
    "total_sta": 7,
    "coords_sta": 7,
    "missing_coords": 0
   }
  },
  {
   "type": "Feature",
   "geometry": {
    "type": "LineString",
    "coordinates": [
     [
      -3.68226,
      40.47206
     ],
     [
      -4.09476,
      40.91014
     ],
     [
      -4.7272,
      41.64334
     ],
     [
      -3.66632,
      42.37117
     ],
     [
      -2.94114,
      42.6908
     ],
     [
      -2.6727,
      42.8413
     ],
     [
      -2.31988,
      43.08701
     ],
     [
      -2.07914,
      43.13564
     ],
     [
      -1.80058,
      43.33921
     ]
    ]
   },
   "properties": {
    "lid": "19",
    "name": "Alvia Madrid - Irún",
    "type": "Larga Distancia",
    "operator": "Renfe",
    "stroke": "#0071BC",
    "stroke-width": 2,
    "stroke-opacity": 0.7,
    "total_sta": 10,
    "coords_sta": 9,
    "missing_coords": 1
   }
  },
  {
   "type": "Feature",
   "geometry": {
    "type": "LineString",
    "coordinates": [
     [
      -3.6886,
      40.40697
     ],
     [
      -3.18225,
      40.64408
     ],
     [
      -1.63842,
      41.34636
     ],
     [
      -1.59767,
      42.0595
     ],
     [
      -1.69244,
      42.17287
     ],
     [
      -1.67121,
      42.52575
     ],
     [
      -1.66149,
      42.82505
     ]
    ]
   },
   "properties": {
    "lid": "20",
    "name": "Alvia Madrid - Pamplona",
    "type": "Larga Distancia",
    "operator": "Renfe",
    "stroke": "#0071BC",
    "stroke-width": 2,
    "stroke-opacity": 0.7,
    "total_sta": 7,
    "coords_sta": 7,
    "missing_coords": 0
   }
  },
  {
   "type": "Feature",
   "geometry": {
    "type": "LineString",
    "coordinates": [
     [
      -3.6886,
      40.40697
     ],
     [
      -3.18225,
      40.64408
     ],
     [
      -1.63842,
      41.34636
     ],
     [
      -1.59767,
      42.0595
     ],
     [
      -1.69244,
      42.17287
     ],
     [
      -1.74814,
      42.18661
     ],
     [
      -1.95782,
      42.3107
     ],
     [
      -2.44082,
      42.45757
     ]
    ]
   },
   "properties": {
    "lid": "21",
    "name": "Alvia Madrid - Logroño (por Castejón)",
    "type": "Larga Distancia",
    "operator": "Renfe",
    "stroke": "#5E2750",
    "stroke-width": 2,
    "stroke-opacity": 0.7,
    "total_sta": 8,
    "coords_sta": 8,
    "missing_coords": 0
   }
  },
  {
   "type": "Feature",
   "geometry": {
    "type": "LineString",
    "coordinates": [
     [
      -3.68226,
      40.47206
     ],
     [
      -4.09476,
      40.91014
     ],
     [
      -4.92299,
      41.29133
     ],
     [
      -5.64706,
      40.9718
     ]
    ]
   },
   "properties": {
    "lid": "22",
    "name": "Alvia Madrid - Salamanca",
    "type": "Larga Distancia",
    "operator": "Renfe",
    "stroke": "#5F259F",
    "stroke-width": 2,
    "stroke-opacity": 0.7,
    "total_sta": 4,
    "coords_sta": 4,
    "missing_coords": 0
   }
  },
  {
   "type": "Feature",
   "geometry": {
    "type": "LineString",
    "coordinates": [
     [
      2.13996,
      41.37901
     ],
     [
      1.27357,
      41.19217
     ],
     [
      0.63304,
      41.62073
     ],
     [
      -0.91139,
      41.65857
     ],
     [
      -1.59767,
      42.0595
     ],
     [
      -1.69244,
      42.17287
     ],
     [
      -1.67121,
      42.52575
     ],
     [
      -1.66149,
      42.82505
     ],
     [
      -2.6727,
      42.8413
     ],
     [
      -2.94114,
      42.6908
     ],
     [
      -3.66632,
      42.37117
     ],
     [
      -4.53386,
      42.01573
     ],
     [
      -5.0226,
      42.3694
     ],
     [
      -6.52214,
      42.4055
     ],
     [
      -6.04706,
      42.4594
     ],
     [
      -6.42221,
      42.60954
     ],
     [
      -6.60249,
      42.54566
     ],
     [
      -6.98505,
      42.41826
     ],
     [
      -7.11325,
      42.39261
     ],
     [
      -7.28721,
      42.46517
     ],
     [
      -7.50314,
      42.52952
     ],
     [
      -7.87255,
      42.35069
     ],
     [
      -8.5452,
      42.87044
     ],
     [
      -8.41215,
      43.35037
     ]
    ]
   },
   "properties": {
    "lid": "23",
    "name": "Alvia Barcelona - A Coruña (por Sahagún)",
    "type": "Larga Distancia",
    "operator": "Renfe",
    "stroke": "#0071BC",
    "stroke-width": 2,
    "stroke-opacity": 0.7,
    "total_sta": 24,
    "coords_sta": 24,
    "missing_coords": 0
   }
  },
  {
   "type": "Feature",
   "geometry": {
    "type": "LineString",
    "coordinates": [
     [
      2.13996,
      41.37901
     ],
     [
      1.27357,
      41.19217
     ],
     [
      0.63304,
      41.62073
     ],
     [
      -0.91139,
      41.65857
     ],
     [
      -1.59767,
      42.0595
     ],
     [
      -1.69244,
      42.17287
     ],
     [
      -1.67121,
      42.52575
     ],
     [
      -1.66149,
      42.82505
     ],
     [
      -2.6727,
      42.8413
     ],
     [
      -2.94114,
      42.6908
     ],
     [
      -3.66632,
      42.37117
     ],
     [
      -4.53386,
      42.01573
     ],
     [
      -5.0226,
      42.3694
     ],
     [
      -6.52214,
      42.4055
     ],
     [
      -6.04706,
      42.4594
     ],
     [
      -6.42221,
      42.60954
     ],
     [
      -6.60249,
      42.54566
     ],
     [
      -6.98505,
      42.41826
     ],
     [
      -7.11325,
      42.39261
     ],
     [
      -7.28721,
      42.46517
     ],
     [
      -7.50314,
      42.52952
     ],
     [
      -7.87255,
      42.35069
     ],
     [
      -8.62232,
      42.06571
     ],
     [
      -8.62217,
      42.16414
     ],
     [
      -8.60372,
      42.28549
     ],
     [
      -8.71188,
      42.23952
     ]
    ]
   },
   "properties": {
    "lid": "24",
    "name": "Alvia Barcelona - Vigo",
    "type": "Larga Distancia",
    "operator": "Renfe",
    "stroke": "#0071BC",
    "stroke-width": 2,
    "stroke-opacity": 0.7,
    "total_sta": 26,
    "coords_sta": 26,
    "missing_coords": 0
   }
  },
  {
   "type": "Feature",
   "geometry": {
    "type": "LineString",
    "coordinates": [
     [
      2.13996,
      41.37901
     ],
     [
      1.27357,
      41.19217
     ],
     [
      0.63304,
      41.62073
     ],
     [
      -0.91139,
      41.65857
     ],
     [
      -1.59767,
      42.0595
     ],
     [
      -1.69244,
      42.17287
     ],
     [
      -1.67121,
      42.52575
     ],
     [
      -1.66149,
      42.82505
     ],
     [
      -2.6727,
      42.8413
     ],
     [
      -2.94114,
      42.6908
     ],
     [
      -2.9605,
      43.14225
     ],
     [
      -2.92744,
      43.26136
     ]
    ]
   },
   "properties": {
    "lid": "25",
    "name": "Alvia Barcelona - Bilbao",
    "type": "Larga Distancia",
    "operator": "Renfe",
    "stroke": "#0071BC",
    "stroke-width": 2,
    "stroke-opacity": 0.7,
    "total_sta": 12,
    "coords_sta": 12,
    "missing_coords": 0
   }
  },
  {
   "type": "Feature",
   "geometry": {
    "type": "LineString",
    "coordinates": [
     [
      2.13996,
      41.37901
     ],
     [
      1.27357,
      41.19217
     ],
     [
      0.63304,
      41.62073
     ],
     [
      -0.91139,
      41.65857
     ],
     [
      -1.59767,
      42.0595
     ],
     [
      -1.69244,
      42.17287
     ],
     [
      -1.67121,
      42.52575
     ],
     [
      -1.66149,
      42.82505
     ],
     [
      -2.31988,
      43.08701
     ],
     [
      -2.07914,
      43.13564
     ],
     [
      -1.80058,
      43.33921
     ]
    ]
   },
   "properties": {
    "lid": "26",
    "name": "Alvia Barcelona - Irún",
    "type": "Larga Distancia",
    "operator": "Renfe",
    "stroke": "#0071BC",
    "stroke-width": 2,
    "stroke-opacity": 0.7,
    "total_sta": 12,
    "coords_sta": 11,
    "missing_coords": 1
   }
  },
  {
   "type": "Feature",
   "geometry": {
    "type": "LineString",
    "coordinates": [
     [
      -0.49606,
      38.34498
     ],
     [
      -0.86795,
      38.63227
     ],
     [
      -1.85687,
      38.99485
     ],
     [
      -2.14369,
      40.03396
     ],
     [
      -3.68226,
      40.47206
     ],
     [
      -4.09476,
      40.91014
     ],
     [
      -4.7272,
      41.64334
     ],
     [
      -4.53386,
      42.01573
     ],
     [
      -4.23375,
      42.78527
     ],
     [
      -4.14103,
      42.99434
     ],
     [
      -4.04246,
      43.32744
     ],
     [
      -3.81102,
      43.4583
     ]
    ]
   },
   "properties": {
    "lid": "27",
    "name": "Alvia Alicante - Santander",
    "type": "Larga Distancia",
    "operator": "Renfe",
    "stroke": "#5F259F",
    "stroke-width": 2,
    "stroke-opacity": 0.7,
    "total_sta": 12,
    "coords_sta": 12,
    "missing_coords": 0
   }
  },
  {
   "type": "Feature",
   "geometry": {
    "type": "LineString",
    "coordinates": [
     [
      -0.49606,
      38.34498
     ],
     [
      -0.86795,
      38.63227
     ],
     [
      -1.85687,
      38.99485
     ],
     [
      -2.14369,
      40.03396
     ],
     [
      -3.68226,
      40.47206
     ],
     [
      -4.09476,
      40.91014
     ],
     [
      -4.7272,
      41.64334
     ],
     [
      -4.53386,
      42.01573
     ],
     [
      -6.52214,
      42.4055
     ],
     [
      -5.83113,
      43.15865
     ],
     [
      -5.78239,
      43.25004
     ],
     [
      -5.85487,
      43.36636
     ],
     [
      -5.67563,
      43.53773
     ]
    ]
   },
   "properties": {
    "lid": "28",
    "name": "Alvia Alicante - Gijón (con Segovia)",
    "type": "Larga Distancia",
    "operator": "Renfe",
    "stroke": "#5F259F",
    "stroke-width": 2,
    "stroke-opacity": 0.7,
    "total_sta": 13,
    "coords_sta": 13,
    "missing_coords": 0
   }
  },
  {
   "type": "Feature",
   "geometry": {
    "type": "LineString",
    "coordinates": [
     [
      2.13996,
      41.37901
     ],
     [
      1.27357,
      41.19217
     ],
     [
      1.04528,
      41.08111
     ],
     [
      0.52288,
      40.80712
     ],
     [
      0.45545,
      40.47175
     ],
     [
      0.41986,
      40.47243
     ],
     [
      -0.00226,
      39.97506
     ],
     [
      -0.37719,
      39.46691
     ],
     [
      -0.52468,
      38.99225
     ],
     [
      -1.85687,
      38.99485
     ],
     [
      -2.59851,
      39.26072
     ],
     [
      -2.77539,
      39.27854
     ],
     [
      -3.20537,
      39.39566
     ],
     [
      -3.3706,
      39.0059
     ],
     [
      -3.39614,
      38.76328
     ],
     [
      -3.5177,
      38.21573
     ],
     [
      -3.58914,
      38.06908
     ],
     [
      -3.83216,
      38.01026
     ],
     [
      -4.06603,
      38.02797
     ],
     [
      -4.57142,
      38.25524
     ],
     [
      -6.1261,
      36.67981
     ],
     [
      -6.217,
      36.6042
     ],
     [
      -6.20688,
      36.46792
     ],
     [
      -6.294,
      36.537
     ]
    ]
   },
   "properties": {
    "lid": "29",
    "name": "Intercity Torre del Oro",
    "type": "Larga Distancia",
    "operator": "Renfe",
    "stroke": "#2C3539",
    "stroke-width": 2,
    "stroke-opacity": 0.7,
    "total_sta": 25,
    "coords_sta": 24,
    "missing_coords": 1
   }
  },
  {
   "type": "Feature",
   "geometry": {
    "type": "LineString",
    "coordinates": [
     [
      -3.6886,
      40.40697
     ],
     [
      -3.91314,
      38.98487
     ],
     [
      -4.11194,
      38.69129
     ],
     [
      -4.57142,
      38.25524
     ],
     [
      -4.57142,
      38.25524
     ],
     [
      -4.71971,
      37.07017
     ],
     [
      -5.16196,
      36.74859
     ],
     [
      -5.43229,
      36.21377
     ],
     [
      -5.45018,
      36.12664
     ]
    ]
   },
   "properties": {
    "lid": "30",
    "name": "Intercity Madrid - Algeciras",
    "type": "Larga Distancia",
    "operator": "Renfe",
    "stroke": "#2C3539",
    "stroke-width": 2,
    "stroke-opacity": 0.7,
    "total_sta": 9,
    "coords_sta": 9,
    "missing_coords": 0
   }
  },
  {
   "type": "Feature",
   "geometry": {
    "type": "LineString",
    "coordinates": [
     [
      -3.68226,
      40.47206
     ],
     [
      -3.6886,
      40.40697
     ],
     [
      -3.77236,
      40.32809
     ],
     [
      -4.28316,
      39.97881
     ],
     [
      -4.82654,
      39.97063
     ],
     [
      -5.18621,
      39.92185
     ],
     [
      -5.54565,
      39.89496
     ],
     [
      -6.10125,
      39.93762
     ],
     [
      -6.09963,
      40.02226
     ],
     [
      -6.38572,
      39.46118
     ],
     [
      -6.34305,
      38.92159
     ],
     [
      -6.59867,
      38.91358
     ],
     [
      -6.98162,
      38.89073
     ]
    ]
   },
   "properties": {
    "lid": "31",
    "name": "Intercity Madrid - Badajoz",
    "type": "Larga Distancia",
    "operator": "Renfe",
    "stroke": "#2C3539",
    "stroke-width": 2,
    "stroke-opacity": 0.7,
    "total_sta": 13,
    "coords_sta": 13,
    "missing_coords": 0
   }
  },
  {
   "type": "Feature",
   "geometry": {
    "type": "LineString",
    "coordinates": [
     [
      -3.68226,
      40.47206
     ],
     [
      -3.6886,
      40.40697
     ],
     [
      -3.20537,
      39.39566
     ],
     [
      -3.3706,
      39.0059
     ],
     [
      -3.39614,
      38.76328
     ],
     [
      -3.5177,
      38.21573
     ],
     [
      -3.58914,
      38.06908
     ],
     [
      -3.35018,
      37.91348
     ],
     [
      -3.26237,
      37.65659
     ],
     [
      -3.31075,
      37.43113
     ],
     [
      -3.12702,
      37.31688
     ],
     [
      -2.83948,
      37.18472
     ],
     [
      -2.48751,
      36.9515
     ]
    ]
   },
   "properties": {
    "lid": "32",
    "name": "Intercity Madrid - Almería",
    "type": "Larga Distancia",
    "operator": "Renfe",
    "stroke": "#2C3539",
    "stroke-width": 2,
    "stroke-opacity": 0.7,
    "total_sta": 14,
    "coords_sta": 13,
    "missing_coords": 1
   }
  },
  {
   "type": "Feature",
   "geometry": {
    "type": "LineString",
    "coordinates": [
     [
      2.13996,
      41.37901
     ],
     [
      1.27357,
      41.19217
     ],
     [
      1.04528,
      41.08111
     ],
     [
      0.52288,
      40.80712
     ],
     [
      0.45545,
      40.47175
     ],
     [
      0.41986,
      40.47243
     ],
     [
      0.05777,
      40.05805
     ],
     [
      -0.00226,
      39.97506
     ],
     [
      -0.37719,
      39.46691
     ],
     [
      -0.52468,
      38.99225
     ],
     [
      -0.86795,
      38.63227
     ],
     [
      -0.8011,
      38.4849
     ],
     [
      -0.49606,
      38.34498
     ],
     [
      -0.6951,
      38.27179
     ],
     [
      -0.9498,
      38.08126
     ],
     [
      -1.13346,
      37.97658
     ]
    ]
   },
   "properties": {
    "lid": "33",
    "name": "Intercity Barcelona - Murcia",
    "type": "Larga Distancia",
    "operator": "Renfe",
    "stroke": "#2C3539",
    "stroke-width": 2,
    "stroke-opacity": 0.7,
    "total_sta": 16,
    "coords_sta": 16,
    "missing_coords": 0
   }
  },
  {
   "type": "Feature",
   "geometry": {
    "type": "LineString",
    "coordinates": [
     [
      -0.37719,
      39.46691
     ],
     [
      -0.27141,
      39.67567
     ],
     [
      -1.11042,
      40.34099
     ],
     [
      -1.22909,
      41.3358
     ],
     [
      -0.91139,
      41.65857
     ],
     [
      -0.8959,
      41.65274
     ],
     [
      -0.89134,
      41.64392
     ],
     [
      -0.86832,
      41.63319
     ]
    ]
   },
   "properties": {
    "lid": "34",
    "name": "Intercity Valencia - Zaragoza",
    "type": "Larga Distancia",
    "operator": "Renfe",
    "stroke": "#2C3539",
    "stroke-width": 2,
    "stroke-opacity": 0.7,
    "total_sta": 8,
    "coords_sta": 8,
    "missing_coords": 0
   }
  },
  {
   "type": "Feature",
   "geometry": {
    "type": "LineString",
    "coordinates": [
     [
      -3.6886,
      40.40697
     ],
     [
      -4.01083,
      39.86256
     ]
    ]
   },
   "properties": {
    "lid": "35",
    "name": "Avant Madrid - Toledo",
    "type": "Media Distancia AV",
    "operator": "Renfe",
    "stroke": "#E52320",
    "stroke-width": 2,
    "stroke-opacity": 0.7,
    "total_sta": 2,
    "coords_sta": 2,
    "missing_coords": 0
   }
  },
  {
   "type": "Feature",
   "geometry": {
    "type": "LineString",
    "coordinates": [
     [
      -3.6886,
      40.40697
     ],
     [
      -3.91314,
      38.98487
     ],
     [
      -4.11194,
      38.69129
     ]
    ]
   },
   "properties": {
    "lid": "36",
    "name": "Avant Madrid - Puertollano",
    "type": "Media Distancia AV",
    "operator": "Renfe",
    "stroke": "#00A650",
    "stroke-width": 2,
    "stroke-opacity": 0.7,
    "total_sta": 3,
    "coords_sta": 3,
    "missing_coords": 0
   }
  },
  {
   "type": "Feature",
   "geometry": {
    "type": "LineString",
    "coordinates": [
     [
      -3.68271,
      40.47395
     ],
     [
      -4.09476,
      40.91014
     ],
     [
      -4.7272,
      41.64334
     ]
    ]
   },
   "properties": {
    "lid": "37",
    "name": "Avant Madrid - Valladolid",
    "type": "Media Distancia AV",
    "operator": "Renfe",
    "stroke": "#00A650",
    "stroke-width": 2,
    "stroke-opacity": 0.7,
    "total_sta": 3,
    "coords_sta": 3,
    "missing_coords": 0
   }
  },
  {
   "type": "Feature",
   "geometry": {
    "type": "LineString",
    "coordinates": [
     [
      -4.57142,
      38.25524
     ],
     [
      -4.82223,
      37.35892
     ],
     [
      -4.71971,
      37.07017
     ]
    ]
   },
   "properties": {
    "lid": "38",
    "name": "Avant Sevilla - Málaga",
    "type": "Media Distancia AV",
    "operator": "Renfe",
    "stroke": "#00A650",
    "stroke-width": 2,
    "stroke-opacity": 0.7,
    "total_sta": 5,
    "coords_sta": 3,
    "missing_coords": 2
   }
  },
  {
   "type": "Feature",
   "geometry": {
    "type": "LineString",
    "coordinates": [
     [
      -4.57142,
      38.25524
     ],
     [
      -4.82223,
      37.35892
     ],
     [
      -4.71971,
      37.07017
     ],
     [
      -4.13567,
      37.17511
     ],
     [
      -3.60863,
      37.18369
     ]
    ]
   },
   "properties": {
    "lid": "39",
    "name": "Avant Sevilla - Granada",
    "type": "Media Distancia AV",
    "operator": "Renfe",
    "stroke": "#00A650",
    "stroke-width": 2,
    "stroke-opacity": 0.7,
    "total_sta": 6,
    "coords_sta": 5,
    "missing_coords": 1
   }
  },
  {
   "type": "Feature",
   "geometry": {
    "type": "LineString",
    "coordinates": [
     [
      -4.56137,
      37.02948
     ],
     [
      -4.13567,
      37.17511
     ],
     [
      -3.60863,
      37.18369
     ]
    ]
   },
   "properties": {
    "lid": "40",
    "name": "Avant Málaga - Granada",
    "type": "Media Distancia AV",
    "operator": "Renfe",
    "stroke": "#00A650",
    "stroke-width": 2,
    "stroke-opacity": 0.7,
    "total_sta": 4,
    "coords_sta": 3,
    "missing_coords": 1
   }
  },
  {
   "type": "Feature",
   "geometry": {
    "type": "LineString",
    "coordinates": [
     [
      1.27357,
      41.19217
     ],
     [
      0.63304,
      41.62073
     ]
    ]
   },
   "properties": {
    "lid": "41",
    "name": "Avant Barcelona - Lleida",
    "type": "Media Distancia AV",
    "operator": "Renfe",
    "stroke": "#00A650",
    "stroke-width": 2,
    "stroke-opacity": 0.7,
    "total_sta": 2,
    "coords_sta": 2,
    "missing_coords": 0
   }
  },
  {
   "type": "Feature",
   "geometry": {
    "type": "LineString",
    "coordinates": [
     [
      2.17096,
      41.39502
     ],
     [
      2.94268,
      42.2647
     ]
    ]
   },
   "properties": {
    "lid": "42",
    "name": "Avant Barcelona - Figueres",
    "type": "Media Distancia AV",
    "operator": "Renfe",
    "stroke": "#00A650",
    "stroke-width": 2,
    "stroke-opacity": 0.7,
    "total_sta": 2,
    "coords_sta": 2,
    "missing_coords": 0
   }
  },
  {
   "type": "Feature",
   "geometry": {
    "type": "LineString",
    "coordinates": [
     [
      1.25354,
      41.11122
     ],
     [
      0.52288,
      40.80712
     ]
    ]
   },
   "properties": {
    "lid": "43",
    "name": "Avant Barcelona - Tortosa",
    "type": "Media Distancia AV",
    "operator": "Renfe",
    "stroke": "#00A650",
    "stroke-width": 2,
    "stroke-opacity": 0.7,
    "total_sta": 2,
    "coords_sta": 2,
    "missing_coords": 0
   }
  },
  {
   "type": "Feature",
   "geometry": {
    "type": "LineString",
    "coordinates": [
     [
      -8.41215,
      43.35037
     ],
     [
      -8.5452,
      42.87044
     ],
     [
      -7.87255,
      42.35069
     ]
    ]
   },
   "properties": {
    "lid": "44",
    "name": "Avant A Coruña - Ourense",
    "type": "Media Distancia AV",
    "operator": "Renfe",
    "stroke": "#00A650",
    "stroke-width": 2,
    "stroke-opacity": 0.7,
    "total_sta": 3,
    "coords_sta": 3,
    "missing_coords": 0
   }
  },
  {
   "type": "Feature",
   "geometry": {
    "type": "LineString",
    "coordinates": [
     [
      -8.41215,
      43.35037
     ],
     [
      -8.5452,
      42.87044
     ],
     [
      -8.65241,
      42.73898
     ],
     [
      -8.76228,
      42.60199
     ],
     [
      -8.6354,
      42.42168
     ],
     [
      -8.60372,
      42.28549
     ],
     [
      -8.7119,
      42.23496
     ]
    ]
   },
   "properties": {
    "lid": "45",
    "name": "Avant Eje Atlántico",
    "type": "Media Distancia AV",
    "operator": "Renfe",
    "stroke": "#00A650",
    "stroke-width": 2,
    "stroke-opacity": 0.7,
    "total_sta": 7,
    "coords_sta": 7,
    "missing_coords": 0
   }
  },
  {
   "type": "Feature",
   "geometry": {
    "type": "LineString",
    "coordinates": [
     [
      -0.38121,
      39.46005
     ],
     [
      -1.13473,
      39.52175
     ],
     [
      -2.14369,
      40.03396
     ]
    ]
   },
   "properties": {
    "lid": "46",
    "name": "Avant Valencia - Cuenca",
    "type": "Media Distancia AV",
    "operator": "Renfe",
    "stroke": "#00A650",
    "stroke-width": 2,
    "stroke-opacity": 0.7,
    "total_sta": 3,
    "coords_sta": 3,
    "missing_coords": 0
   }
  },
  {
   "type": "Feature",
   "geometry": {
    "type": "LineString",
    "coordinates": [
     [
      -0.49606,
      38.34498
     ],
     [
      -0.86795,
      38.63227
     ],
     [
      -1.85687,
      38.99485
     ],
     [
      -2.14369,
      40.03396
     ]
    ]
   },
   "properties": {
    "lid": "47",
    "name": "Avant Alicante - Cuenca",
    "type": "Media Distancia AV",
    "operator": "Renfe",
    "stroke": "#00A650",
    "stroke-width": 2,
    "stroke-opacity": 0.7,
    "total_sta": 4,
    "coords_sta": 4,
    "missing_coords": 0
   }
  },
  {
   "type": "Feature",
   "geometry": {
    "type": "LineString",
    "coordinates": [
     [
      -5.97911,
      37.37821
     ],
     [
      -5.97582,
      37.36281
     ],
     [
      -5.92332,
      37.28722
     ],
     [
      -5.79024,
      37.18334
     ],
     [
      -5.94541,
      37.01851
     ],
     [
      -6.0952,
      36.91154
     ],
     [
      -6.03995,
      36.85471
     ],
     [
      -6.1261,
      36.67981
     ],
     [
      -6.217,
      36.6042
     ],
     [
      -6.1853,
      36.53083
     ],
     [
      -6.20688,
      36.46792
     ],
     [
      -6.27205,
      36.50292
     ],
     [
      -6.27696,
      36.5135
     ],
     [
      -6.294,
      36.537
     ]
    ]
   },
   "properties": {
    "lid": "48",
    "name": "MD 65 Sevilla - Cádiz",
    "type": "Media Distancia",
    "operator": "Renfe",
    "stroke": "#00A650",
    "stroke-width": 2,
    "stroke-opacity": 0.7,
    "total_sta": 15,
    "coords_sta": 14,
    "missing_coords": 1
   }
  },
  {
   "type": "Feature",
   "geometry": {
    "type": "LineString",
    "coordinates": [
     [
      -5.727,
      37.59012
     ],
     [
      -5.53108,
      37.66129
     ],
     [
      -5.3476,
      37.7164
     ],
     [
      -5.29295,
      37.71814
     ],
     [
      -5.10678,
      37.80374
     ],
     [
      -4.57142,
      38.25524
     ],
     [
      -4.28369,
      37.98129
     ],
     [
      -4.06603,
      38.02797
     ],
     [
      -3.83216,
      38.01026
     ],
     [
      -3.79079,
      37.77998
     ]
    ]
   },
   "properties": {
    "lid": "49",
    "name": "MD 66 Sevilla - Jaén",
    "type": "Media Distancia",
    "operator": "Renfe",
    "stroke": "#00A650",
    "stroke-width": 2,
    "stroke-opacity": 0.7,
    "total_sta": 11,
    "coords_sta": 10,
    "missing_coords": 1
   }
  },
  {
   "type": "Feature",
   "geometry": {
    "type": "LineString",
    "coordinates": [
     [
      -5.97911,
      37.37821
     ],
     [
      -5.92332,
      37.28722
     ],
     [
      -5.54846,
      37.26822
     ],
     [
      -5.4255,
      37.33434
     ],
     [
      -5.11497,
      37.23371
     ],
     [
      -4.89364,
      37.22227
     ],
     [
      -4.71971,
      37.07017
     ],
     [
      -4.72798,
      37.03764
     ],
     [
      -4.75913,
      36.90707
     ],
     [
      -4.7192,
      36.87322
     ],
     [
      -4.6994,
      36.81971
     ]
    ]
   },
   "properties": {
    "lid": "50",
    "name": "MD 67 Sevilla - Málaga",
    "type": "Media Distancia",
    "operator": "Renfe",
    "stroke": "#00A650",
    "stroke-width": 2,
    "stroke-opacity": 0.7,
    "total_sta": 13,
    "coords_sta": 11,
    "missing_coords": 2
   }
  },
  {
   "type": "Feature",
   "geometry": {
    "type": "LineString",
    "coordinates": [
     [
      -5.97911,
      37.37821
     ],
     [
      -5.92332,
      37.28722
     ],
     [
      -5.54846,
      37.26822
     ],
     [
      -5.4255,
      37.33434
     ],
     [
      -5.11497,
      37.23371
     ],
     [
      -4.89364,
      37.22227
     ],
     [
      -4.71971,
      37.07017
     ],
     [
      -4.56137,
      37.02948
     ],
     [
      -4.13567,
      37.17511
     ],
     [
      -3.60863,
      37.18369
     ],
     [
      -3.52776,
      37.39582
     ],
     [
      -3.31075,
      37.43113
     ],
     [
      -3.12702,
      37.31688
     ],
     [
      -2.83948,
      37.18472
     ],
     [
      -2.48751,
      36.9515
     ]
    ]
   },
   "properties": {
    "lid": "51",
    "name": "MD 69 Sevilla - Almería",
    "type": "Media Distancia",
    "operator": "Renfe",
    "stroke": "#FF8200",
    "stroke-width": 2,
    "stroke-opacity": 0.7,
    "total_sta": 17,
    "coords_sta": 15,
    "missing_coords": 2
   }
  },
  {
   "type": "Feature",
   "geometry": {
    "type": "LineString",
    "coordinates": [
     [
      -5.45018,
      36.12664
     ],
     [
      -5.4608,
      36.17386
     ],
     [
      -5.43229,
      36.21377
     ],
     [
      -5.42997,
      36.27665
     ],
     [
      -5.43417,
      36.42426
     ],
     [
      -5.419,
      36.4679
     ],
     [
      -5.38682,
      36.54024
     ],
     [
      -5.33263,
      36.59738
     ],
     [
      -5.28134,
      36.66064
     ],
     [
      -5.24614,
      36.71371
     ],
     [
      -5.14057,
      36.79095
     ],
     [
      -5.16196,
      36.74859
     ],
     [
      -5.12135,
      36.8626
     ],
     [
      -5.01989,
      37.00094
     ],
     [
      -4.8635,
      37.03203
     ],
     [
      -4.72798,
      37.03764
     ],
     [
      -4.71971,
      37.07017
     ]
    ]
   },
   "properties": {
    "lid": "52",
    "name": "MD 70 Algeciras - Antequera",
    "type": "Media Distancia",
    "operator": "Renfe",
    "stroke": "#FF8200",
    "stroke-width": 2,
    "stroke-opacity": 0.7,
    "total_sta": 17,
    "coords_sta": 17,
    "missing_coords": 0
   }
  },
  {
   "type": "Feature",
   "geometry": {
    "type": "LineString",
    "coordinates": [
     [
      -3.60863,
      37.18369
     ],
     [
      -3.52776,
      37.39582
     ],
     [
      -3.31075,
      37.43113
     ],
     [
      -3.29832,
      37.58543
     ],
     [
      -3.26237,
      37.65659
     ],
     [
      -3.18653,
      37.71728
     ],
     [
      -3.2317,
      37.77714
     ],
     [
      -3.35018,
      37.91348
     ],
     [
      -3.58914,
      38.06908
     ]
    ]
   },
   "properties": {
    "lid": "53",
    "name": "MD 71 Linares-Baeza - Almería",
    "type": "Media Distancia",
    "operator": "Renfe",
    "stroke": "#FF8200",
    "stroke-width": 2,
    "stroke-opacity": 0.7,
    "total_sta": 9,
    "coords_sta": 9,
    "missing_coords": 0
   }
  },
  {
   "type": "Feature",
   "geometry": {
    "type": "LineString",
    "coordinates": [
     [
      -6.40518,
      38.41395
     ],
     [
      -6.63754,
      38.16771
     ],
     [
      -6.6309,
      38.05308
     ],
     [
      -6.77299,
      37.92738
     ],
     [
      -6.79735,
      37.90102
     ],
     [
      -6.87388,
      37.78718
     ],
     [
      -6.93068,
      37.73345
     ],
     [
      -6.87629,
      37.65178
     ],
     [
      -6.96215,
      37.36789
     ],
     [
      -6.94485,
      37.25262
     ]
    ]
   },
   "properties": {
    "lid": "54",
    "name": "MD 72 Zafra - Huelva",
    "type": "Media Distancia",
    "operator": "Renfe",
    "stroke": "#FF8200",
    "stroke-width": 2,
    "stroke-opacity": 0.7,
    "total_sta": 10,
    "coords_sta": 10,
    "missing_coords": 0
   }
  },
  {
   "type": "Feature",
   "geometry": {
    "type": "LineString",
    "coordinates": [
     [
      -6.94485,
      37.25262
     ],
     [
      -6.96215,
      37.36789
     ],
     [
      -6.94763,
      37.46184
     ],
     [
      -6.95324,
      37.51648
     ],
     [
      -6.91977,
      37.58618
     ],
     [
      -6.87629,
      37.65178
     ],
     [
      -6.93068,
      37.73345
     ],
     [
      -6.87388,
      37.78718
     ],
     [
      -6.79735,
      37.90102
     ],
     [
      -6.77299,
      37.92738
     ],
     [
      -6.6309,
      38.05308
     ],
     [
      -6.63754,
      38.16771
     ],
     [
      -6.47005,
      38.26474
     ],
     [
      -6.41217,
      38.05033
     ],
     [
      -6.40518,
      38.41395
     ]
    ]
   },
   "properties": {
    "lid": "55",
    "name": "MD 73 Sevilla - Málaga (por Zafra)",
    "type": "Media Distancia",
    "operator": "Renfe",
    "stroke": "#FF8200",
    "stroke-width": 2,
    "stroke-opacity": 0.7,
    "total_sta": 15,
    "coords_sta": 15,
    "missing_coords": 0
   }
  },
  {
   "type": "Feature",
   "geometry": {
    "type": "LineString",
    "coordinates": [
     [
      -6.34305,
      38.92159
     ],
     [
      -6.39953,
      38.68468
     ],
     [
      -6.35223,
      38.56447
     ],
     [
      -6.37731,
      38.44717
     ],
     [
      -6.40518,
      38.41395
     ],
     [
      -6.00962,
      38.23775
     ],
     [
      -5.90041,
      38.16367
     ],
     [
      -5.80333,
      38.09037
     ],
     [
      -5.70425,
      37.9327
     ],
     [
      -5.76197,
      37.84038
     ],
     [
      -5.71499,
      37.65825
     ],
     [
      -5.73101,
      37.63547
     ],
     [
      -5.7317,
      37.60929
     ],
     [
      -5.727,
      37.59012
     ],
     [
      -5.80325,
      37.57474
     ],
     [
      -5.86677,
      37.5461
     ],
     [
      -5.9399,
      37.47994
     ]
    ]
   },
   "properties": {
    "lid": "56",
    "name": "MD 74 Mérida - Sevilla",
    "type": "Media Distancia",
    "operator": "Renfe",
    "stroke": "#FF8200",
    "stroke-width": 2,
    "stroke-opacity": 0.7,
    "total_sta": 18,
    "coords_sta": 17,
    "missing_coords": 1
   }
  },
  {
   "type": "Feature",
   "geometry": {
    "type": "LineString",
    "coordinates": [
     [
      -4.91377,
      37.84797
     ],
     [
      -4.85027,
      37.86746
     ],
     [
      -4.57142,
      38.25524
     ],
     [
      -4.72063,
      37.9126
     ],
     [
      -4.67481,
      37.93298
     ]
    ]
   },
   "properties": {
    "lid": "57",
    "name": "MD 75 Villarrubia - Alcolea de Córdoba",
    "type": "Media Distancia",
    "operator": "Renfe",
    "stroke": "#00A650",
    "stroke-width": 2,
    "stroke-opacity": 0.7,
    "total_sta": 5,
    "coords_sta": 5,
    "missing_coords": 0
   }
  },
  {
   "type": "Feature",
   "geometry": {
    "type": "LineString",
    "coordinates": [
     [
      -6.294,
      36.537
     ],
     [
      -6.27696,
      36.5135
     ],
     [
      -6.27205,
      36.50292
     ],
     [
      -6.20688,
      36.46792
     ],
     [
      -6.1853,
      36.53083
     ],
     [
      -6.217,
      36.6042
     ],
     [
      -6.1261,
      36.67981
     ],
     [
      -6.0952,
      36.91154
     ],
     [
      -5.94541,
      37.01851
     ],
     [
      -5.79024,
      37.18334
     ],
     [
      -5.92332,
      37.28722
     ],
     [
      -5.97582,
      37.36281
     ],
     [
      -5.97911,
      37.37821
     ],
     [
      -5.727,
      37.59012
     ],
     [
      -5.53108,
      37.66129
     ],
     [
      -5.3476,
      37.7164
     ],
     [
      -5.29295,
      37.71814
     ],
     [
      -5.10678,
      37.80374
     ],
     [
      -4.57142,
      38.25524
     ],
     [
      -4.28369,
      37.98129
     ],
     [
      -4.06603,
      38.02797
     ],
     [
      -3.83216,
      38.01026
     ],
     [
      -3.79079,
      37.77998
     ]
    ]
   },
   "properties": {
    "lid": "58",
    "name": "MD 76 Cádiz - Jaén",
    "type": "Media Distancia",
    "operator": "Renfe",
    "stroke": "#FF8200",
    "stroke-width": 2,
    "stroke-opacity": 0.7,
    "total_sta": 24,
    "coords_sta": 23,
    "missing_coords": 1
   }
  },
  {
   "type": "Feature",
   "geometry": {
    "type": "LineString",
    "coordinates": [
     [
      -0.91139,
      41.65857
     ],
     [
      -0.8959,
      41.65274
     ],
     [
      -0.89134,
      41.64392
     ],
     [
      -0.86832,
      41.63319
     ],
     [
      -0.61838,
      41.51524
     ],
     [
      -0.49073,
      41.41944
     ],
     [
      -0.42702,
      41.32049
     ],
     [
      -0.49469,
      41.29098
     ],
     [
      -0.43819,
      41.22451
     ],
     [
      -0.36874,
      41.18208
     ],
     [
      -0.32495,
      41.28707
     ],
     [
      -0.15543,
      41.23144
     ],
     [
      -0.04274,
      41.23991
     ],
     [
      0.07606,
      41.22955
     ],
     [
      0.13895,
      41.22957
     ],
     [
      0.24239,
      41.21373
     ],
     [
      0.48079,
      41.24851
     ],
     [
      0.54015,
      41.22942
     ],
     [
      0.56905,
      41.18232
     ],
     [
      0.65342,
      41.10642
     ],
     [
      0.81051,
      41.13093
     ],
     [
      0.85864,
      41.13316
     ],
     [
      0.92079,
      41.14362
     ],
     [
      0.97578,
      41.14005
     ],
     [
      1.02207,
      41.16641
     ],
     [
      1.09994,
      41.1606
     ],
     [
      1.25354,
      41.11122
     ],
     [
      1.52579,
      41.18608
     ],
     [
      2.13996,
      41.37901
     ],
     [
      2.16538,
      41.39254
     ],
     [
      2.18556,
      41.38439
     ]
    ]
   },
   "properties": {
    "lid": "59",
    "name": "MD 34 Zaragoza - Barcelona",
    "type": "Media Distancia",
    "operator": "Renfe",
    "stroke": "#FF8200",
    "stroke-width": 2,
    "stroke-opacity": 0.7,
    "total_sta": 32,
    "coords_sta": 31,
    "missing_coords": 1
   }
  },
  {
   "type": "Feature",
   "geometry": {
    "type": "LineString",
    "coordinates": [
     [
      -0.91139,
      41.65857
     ],
     [
      -0.8959,
      41.65274
     ],
     [
      -0.89134,
      41.64392
     ],
     [
      -0.86832,
      41.63319
     ],
     [
      -0.82216,
      41.7654
     ],
     [
      -0.76381,
      41.87719
     ],
     [
      -0.53843,
      41.97557
     ],
     [
      -0.36931,
      41.93795
     ],
     [
      -0.28607,
      41.88355
     ],
     [
      -0.17266,
      41.81725
     ],
     [
      0.14847,
      41.90596
     ],
     [
      0.1969,
      41.91372
     ],
     [
      0.29141,
      41.84974
     ],
     [
      0.63304,
      41.62073
     ]
    ]
   },
   "properties": {
    "lid": "60",
    "name": "MD 38 Zaragoza - Lleida",
    "type": "Media Distancia",
    "operator": "Renfe",
    "stroke": "#FF8200",
    "stroke-width": 2,
    "stroke-opacity": 0.7,
    "total_sta": 14,
    "coords_sta": 14,
    "missing_coords": 0
   }
  },
  {
   "type": "Feature",
   "geometry": {
    "type": "LineString",
    "coordinates": [
     [
      -0.37719,
      39.46691
     ],
     [
      -0.33467,
      39.47007
     ],
     [
      -0.27141,
      39.67567
     ],
     [
      -0.48235,
      39.84706
     ],
     [
      -0.69642,
      40.01156
     ],
     [
      -0.77347,
      40.11784
     ],
     [
      -0.77347,
      40.11784
     ],
     [
      -0.82358,
      40.14615
     ],
     [
      -0.94395,
      40.21239
     ],
     [
      -0.9852,
      40.27321
     ],
     [
      -1.11042,
      40.34099
     ],
     [
      -1.24479,
      40.45529
     ],
     [
      -1.31292,
      40.57306
     ],
     [
      -1.35823,
      40.68377
     ],
     [
      -1.36085,
      40.78229
     ],
     [
      -1.34052,
      40.82625
     ],
     [
      -1.33858,
      40.85045
     ],
     [
      -1.28742,
      40.92637
     ],
     [
      -1.26171,
      40.93708
     ],
     [
      -1.26904,
      40.95765
     ],
     [
      -1.25479,
      41.00931
     ],
     [
      -1.23859,
      41.06384
     ],
     [
      -1.2871,
      41.19631
     ],
     [
      -1.27885,
      41.16561
     ],
     [
      -1.25156,
      41.1398
     ],
     [
      -1.23985,
      41.10852
     ],
     [
      -1.21863,
      41.24345
     ],
     [
      -1.48587,
      41.15645
     ],
     [
      -1.22909,
      41.3358
     ],
     [
      -1.1585,
      41.40616
     ],
     [
      -1.08621,
      41.46913
     ],
     [
      -0.99748,
      41.54009
     ],
     [
      -0.86832,
      41.63319
     ],
     [
      -0.89134,
      41.64392
     ],
     [
      -0.8959,
      41.65274
     ],
     [
      -0.91139,
      41.65857
     ]
    ]
   },
   "properties": {
    "lid": "61",
    "name": "MD 49 Zaragoza - Valencia",
    "type": "Media Distancia",
    "operator": "Renfe",
    "stroke": "#FF8200",
    "stroke-width": 2,
    "stroke-opacity": 0.7,
    "total_sta": 37,
    "coords_sta": 36,
    "missing_coords": 1
   }
  },
  {
   "type": "Feature",
   "geometry": {
    "type": "LineString",
    "coordinates": [
     [
      -0.91139,
      41.65857
     ],
     [
      -0.8959,
      41.65274
     ],
     [
      -0.89134,
      41.64392
     ],
     [
      -0.86832,
      41.63319
     ],
     [
      -0.82216,
      41.7654
     ],
     [
      -0.76381,
      41.87719
     ],
     [
      -0.6427,
      41.99613
     ],
     [
      -0.53843,
      41.97557
     ],
     [
      -0.40985,
      42.13275
     ],
     [
      -0.56099,
      42.20504
     ],
     [
      -0.68243,
      42.27552
     ],
     [
      -0.73147,
      42.34424
     ],
     [
      -0.73147,
      42.34424
     ],
     [
      -0.69581,
      42.38025
     ],
     [
      -0.64308,
      42.4032
     ],
     [
      -0.49928,
      42.39785
     ],
     [
      -0.37335,
      42.52022
     ],
     [
      -0.53846,
      42.57773
     ],
     [
      -0.55516,
      42.64995
     ],
     [
      -0.55516,
      42.64995
     ],
     [
      -0.52346,
      42.68846
     ],
     [
      -0.51317,
      42.75068
     ]
    ]
   },
   "properties": {
    "lid": "62",
    "name": "MD 56 Zaragoza - Canfranc",
    "type": "Media Distancia",
    "operator": "Renfe",
    "stroke": "#FF8200",
    "stroke-width": 2,
    "stroke-opacity": 0.7,
    "total_sta": 22,
    "coords_sta": 22,
    "missing_coords": 0
   }
  },
  {
   "type": "Feature",
   "geometry": {
    "type": "LineString",
    "coordinates": [
     [
      -0.86832,
      41.63319
     ],
     [
      -0.89134,
      41.64392
     ],
     [
      -0.8959,
      41.65274
     ],
     [
      -0.91139,
      41.65857
     ],
     [
      -0.99849,
      41.71092
     ],
     [
      -1.02049,
      41.72273
     ],
     [
      -1.16585,
      41.74526
     ],
     [
      -1.40279,
      41.50128
     ],
     [
      -1.36081,
      41.5287
     ],
     [
      -1.32546,
      41.56835
     ],
     [
      -1.30117,
      41.60972
     ],
     [
      -1.28168,
      41.63922
     ],
     [
      -1.23436,
      41.68962
     ],
     [
      -1.47818,
      41.47552
     ],
     [
      -1.54028,
      41.47718
     ],
     [
      -1.56625,
      41.47855
     ],
     [
      -1.57115,
      41.44406
     ],
     [
      -1.57006,
      41.43914
     ],
     [
      -1.59314,
      41.42132
     ],
     [
      -1.63842,
      41.34636
     ],
     [
      -1.70847,
      41.32219
     ],
     [
      -1.78529,
      41.32438
     ],
     [
      -1.85549,
      41.31717
     ],
     [
      -1.90429,
      41.29451
     ],
     [
      -1.95994,
      41.29604
     ],
     [
      -2.05996,
      41.30943
     ],
     [
      -2.10982,
      41.2987
     ],
     [
      -2.17796,
      41.26407
     ],
     [
      -2.27769,
      41.21565
     ],
     [
      -2.42117,
      41.16522
     ],
     [
      -2.49305,
      41.13631
     ],
     [
      -2.64622,
      41.07145
     ],
     [
      -2.78602,
      41.00489
     ],
     [
      -2.84328,
      40.95385
     ],
     [
      -2.93585,
      40.93
     ],
     [
      -3.01438,
      40.90586
     ],
     [
      -3.07316,
      40.90971
     ],
     [
      -3.13892,
      40.83117
     ],
     [
      -3.16307,
      40.74699
     ],
     [
      -3.18225,
      40.64408
     ],
     [
      -3.26534,
      40.56101
     ],
     [
      -3.29857,
      40.53463
     ],
     [
      -3.36619,
      40.48906
     ],
     [
      -3.47973,
      40.45473
     ],
     [
      -3.68226,
      40.47206
     ]
    ]
   },
   "properties": {
    "lid": "63",
    "name": "Regional Zaragoza - Madrid",
    "type": "Regional",
    "operator": "Renfe",
    "stroke": "#898989",
    "stroke-width": 2,
    "stroke-opacity": 0.7,
    "total_sta": 46,
    "coords_sta": 45,
    "missing_coords": 1
   }
  },
  {
   "type": "Feature",
   "geometry": {
    "type": "LineString",
    "coordinates": [
     [
      -1.11042,
      40.34099
     ],
     [
      -0.9852,
      40.27321
     ],
     [
      -0.94395,
      40.21239
     ],
     [
      -0.82358,
      40.14615
     ],
     [
      -0.77347,
      40.11784
     ],
     [
      -0.77347,
      40.11784
     ],
     [
      -0.69642,
      40.01156
     ],
     [
      -0.5722,
      39.94728
     ],
     [
      -0.56939,
      39.91496
     ],
     [
      -0.48235,
      39.84706
     ],
     [
      -0.49385,
      39.85453
     ],
     [
      -0.43178,
      39.81256
     ],
     [
      -0.34822,
      39.70629
     ],
     [
      -0.27141,
      39.67567
     ],
     [
      -0.3031,
      39.62049
     ],
     [
      -0.33467,
      39.47007
     ],
     [
      -0.37719,
      39.46691
     ]
    ]
   },
   "properties": {
    "lid": "64",
    "name": "Regional Teruel - Valencia",
    "type": "Regional",
    "operator": "Renfe",
    "stroke": "#898989",
    "stroke-width": 2,
    "stroke-opacity": 0.7,
    "total_sta": 18,
    "coords_sta": 17,
    "missing_coords": 1
   }
  },
  {
   "type": "Feature",
   "geometry": {
    "type": "LineString",
    "coordinates": [
     [
      -3.71903,
      40.4216
     ],
     [
      -4.00815,
      40.62638
     ],
     [
      -4.13232,
      40.58526
     ],
     [
      -4.15797,
      40.53863
     ],
     [
      -4.24714,
      40.52122
     ],
     [
      -4.26932,
      40.56882
     ],
     [
      -4.36162,
      40.58916
     ],
     [
      -4.40863,
      40.59093
     ],
     [
      -4.49501,
      40.59935
     ],
     [
      -4.68332,
      40.65721
     ],
     [
      -4.75079,
      40.73921
     ],
     [
      -4.87146,
      40.80385
     ],
     [
      -4.96805,
      40.87
     ],
     [
      -5.05291,
      40.86667
     ],
     [
      -5.20648,
      40.89793
     ],
     [
      -5.29607,
      40.95194
     ],
     [
      -5.43053,
      40.97228
     ],
     [
      -5.49276,
      40.98411
     ],
     [
      -5.55317,
      40.97971
     ],
     [
      -5.64706,
      40.9718
     ]
    ]
   },
   "properties": {
    "lid": "65",
    "name": "MD 13 Madrid - Salamanca",
    "type": "Media Distancia",
    "operator": "Renfe",
    "stroke": "#00A650",
    "stroke-width": 2,
    "stroke-opacity": 0.7,
    "total_sta": 20,
    "coords_sta": 20,
    "missing_coords": 0
   }
  },
  {
   "type": "Feature",
   "geometry": {
    "type": "LineString",
    "coordinates": [
     [
      -3.68226,
      40.47206
     ],
     [
      -4.68332,
      40.65721
     ],
     [
      -5.20648,
      40.89793
     ],
     [
      -4.90968,
      41.31726
     ],
     [
      -4.7272,
      41.64334
     ],
     [
      -4.53386,
      42.01573
     ],
     [
      -5.0226,
      42.3694
     ],
     [
      -6.52214,
      42.4055
     ]
    ]
   },
   "properties": {
    "lid": "66",
    "name": "MD 13 Madrid - León",
    "type": "Media Distancia",
    "operator": "Renfe",
    "stroke": "#00A650",
    "stroke-width": 2,
    "stroke-opacity": 0.7,
    "total_sta": 8,
    "coords_sta": 8,
    "missing_coords": 0
   }
  },
  {
   "type": "Feature",
   "geometry": {
    "type": "LineString",
    "coordinates": [
     [
      -4.53386,
      42.01573
     ],
     [
      -4.49627,
      41.9174
     ],
     [
      -4.7272,
      41.64334
     ],
     [
      -4.90968,
      41.31726
     ],
     [
      -5.64706,
      40.9718
     ]
    ]
   },
   "properties": {
    "lid": "67",
    "name": "MD 14 Palencia - Salamanca",
    "type": "Media Distancia",
    "operator": "Renfe",
    "stroke": "#FF8200",
    "stroke-width": 2,
    "stroke-opacity": 0.7,
    "total_sta": 5,
    "coords_sta": 5,
    "missing_coords": 0
   }
  },
  {
   "type": "Feature",
   "geometry": {
    "type": "LineString",
    "coordinates": [
     [
      -4.7272,
      41.64334
     ],
     [
      -4.70193,
      41.04707
     ],
     [
      -4.68332,
      40.65721
     ],
     [
      -4.13232,
      40.58526
     ],
     [
      -4.00815,
      40.62638
     ],
     [
      -3.71903,
      40.4216
     ]
    ]
   },
   "properties": {
    "lid": "68",
    "name": "MD 16 Valladolid - Madrid",
    "type": "Media Distancia",
    "operator": "Renfe",
    "stroke": "#FF8200",
    "stroke-width": 2,
    "stroke-opacity": 0.7,
    "total_sta": 6,
    "coords_sta": 6,
    "missing_coords": 0
   }
  },
  {
   "type": "Feature",
   "geometry": {
    "type": "LineString",
    "coordinates": [
     [
      -4.7272,
      41.64334
     ],
     [
      -4.75456,
      41.52407
     ],
     [
      -4.77295,
      41.48874
     ],
     [
      -4.80147,
      41.4219
     ],
     [
      -4.83566,
      41.36766
     ],
     [
      -4.90968,
      41.31726
     ],
     [
      -4.7272,
      41.64334
     ],
     [
      -4.49627,
      41.9174
     ],
     [
      -4.53386,
      42.01573
     ],
     [
      -5.0226,
      42.3694
     ],
     [
      -6.52214,
      42.4055
     ]
    ]
   },
   "properties": {
    "lid": "69",
    "name": "MD 17 Valladolid - León (vía Medina del Campo)",
    "type": "Media Distancia",
    "operator": "Renfe",
    "stroke": "#00A650",
    "stroke-width": 2,
    "stroke-opacity": 0.7,
    "total_sta": 11,
    "coords_sta": 11,
    "missing_coords": 0
   }
  },
  {
   "type": "Feature",
   "geometry": {
    "type": "LineString",
    "coordinates": [
     [
      -4.7272,
      41.64334
     ],
     [
      -4.90968,
      41.31726
     ],
     [
      -5.73978,
      41.516
     ],
     [
      -5.99324,
      41.65288
     ],
     [
      -6.34716,
      41.6997
     ],
     [
      -6.45336,
      41.73022
     ],
     [
      -6.62699,
      42.04552
     ]
    ]
   },
   "properties": {
    "lid": "70",
    "name": "MD 18 Valladolid - Puebla de Sanabria",
    "type": "Media Distancia",
    "operator": "Renfe",
    "stroke": "#FF8200",
    "stroke-width": 2,
    "stroke-opacity": 0.7,
    "total_sta": 7,
    "coords_sta": 7,
    "missing_coords": 0
   }
  },
  {
   "type": "Feature",
   "geometry": {
    "type": "LineString",
    "coordinates": [
     [
      -6.52214,
      42.4055
     ],
     [
      -6.04706,
      42.4594
     ],
     [
      -6.42221,
      42.60954
     ],
     [
      -6.60249,
      42.54566
     ],
     [
      -6.98505,
      42.41826
     ],
     [
      -7.11325,
      42.39261
     ],
     [
      -7.50314,
      42.52952
     ],
     [
      -7.87255,
      42.35069
     ],
     [
      -8.62232,
      42.06571
     ],
     [
      -8.62217,
      42.16414
     ],
     [
      -8.60372,
      42.28549
     ],
     [
      -8.71188,
      42.23952
     ]
    ]
   },
   "properties": {
    "lid": "72",
    "name": "MD 23 León - Vigo",
    "type": "Media Distancia",
    "operator": "Renfe",
    "stroke": "#FF8200",
    "stroke-width": 2,
    "stroke-opacity": 0.7,
    "total_sta": 12,
    "coords_sta": 12,
    "missing_coords": 0
   }
  },
  {
   "type": "Feature",
   "geometry": {
    "type": "LineString",
    "coordinates": [
     [
      -4.7272,
      41.64334
     ],
     [
      -4.49627,
      41.9174
     ],
     [
      -4.53386,
      42.01573
     ],
     [
      -4.43198,
      41.9765
     ],
     [
      -4.19855,
      42.07996
     ],
     [
      -3.99962,
      42.21566
     ],
     [
      -3.66632,
      42.37117
     ],
     [
      -3.31908,
      42.54273
     ],
     [
      -3.11282,
      42.63021
     ],
     [
      -2.94114,
      42.6908
     ]
    ]
   },
   "properties": {
    "lid": "73",
    "name": "MD 24 Valladolid - Miranda de Ebro",
    "type": "Media Distancia",
    "operator": "Renfe",
    "stroke": "#FF8200",
    "stroke-width": 2,
    "stroke-opacity": 0.7,
    "total_sta": 10,
    "coords_sta": 10,
    "missing_coords": 0
   }
  },
  {
   "type": "Feature",
   "geometry": {
    "type": "LineString",
    "coordinates": [
     [
      -5.67563,
      43.53773
     ],
     [
      -5.85487,
      43.36636
     ],
     [
      -5.78239,
      43.25004
     ],
     [
      -5.83113,
      43.15865
     ],
     [
      -6.52214,
      42.4055
     ],
     [
      -5.0226,
      42.3694
     ],
     [
      -4.53386,
      42.01573
     ],
     [
      -4.49627,
      41.9174
     ],
     [
      -4.7272,
      41.64334
     ]
    ]
   },
   "properties": {
    "lid": "74",
    "name": "Regional Exprés Gijón - Valladolid",
    "type": "Regional Exprés",
    "operator": "Renfe",
    "stroke": "#898989",
    "stroke-width": 2,
    "stroke-opacity": 0.7,
    "total_sta": 9,
    "coords_sta": 9,
    "missing_coords": 0
   }
  },
  {
   "type": "Feature",
   "geometry": {
    "type": "LineString",
    "coordinates": [
     [
      -3.71903,
      40.4216
     ],
     [
      -4.00815,
      40.62638
     ],
     [
      -4.06603,
      40.73766
     ],
     [
      -4.12539,
      40.70563
     ],
     [
      -4.15774,
      40.71689
     ],
     [
      -4.1814,
      40.71494
     ],
     [
      -4.18952,
      40.74084
     ],
     [
      -4.11362,
      40.93404
     ]
    ]
   },
   "properties": {
    "lid": "75",
    "name": "Regional Madrid - Segovia",
    "type": "Regional",
    "operator": "Renfe",
    "stroke": "#898989",
    "stroke-width": 2,
    "stroke-opacity": 0.7,
    "total_sta": 11,
    "coords_sta": 8,
    "missing_coords": 3
   }
  },
  {
   "type": "Feature",
   "geometry": {
    "type": "LineString",
    "coordinates": [
     [
      -4.53386,
      42.01573
     ],
     [
      -4.40239,
      42.26487
     ],
     [
      -4.35728,
      42.41418
     ],
     [
      -4.31647,
      42.59868
     ],
     [
      -4.31123,
      42.65682
     ],
     [
      -4.23375,
      42.78527
     ],
     [
      -4.14103,
      42.99434
     ],
     [
      -4.06397,
      43.25507
     ],
     [
      -4.04246,
      43.32744
     ],
     [
      -3.81102,
      43.4583
     ]
    ]
   },
   "properties": {
    "lid": "76",
    "name": "Regional Palencia - Santander",
    "type": "Regional",
    "operator": "Renfe",
    "stroke": "#898989",
    "stroke-width": 2,
    "stroke-opacity": 0.7,
    "total_sta": 10,
    "coords_sta": 10,
    "missing_coords": 0
   }
  },
  {
   "type": "Feature",
   "geometry": {
    "type": "LineString",
    "coordinates": [
     [
      -2.07914,
      43.13564
     ],
     [
      -2.31988,
      43.08701
     ],
     [
      -2.18131,
      42.89541
     ],
     [
      -2.6727,
      42.8413
     ],
     [
      -2.94114,
      42.6908
     ],
     [
      -3.31908,
      42.54273
     ],
     [
      -3.66632,
      42.37117
     ],
     [
      -4.53386,
      42.01573
     ],
     [
      -4.7272,
      41.64334
     ]
    ]
   },
   "properties": {
    "lid": "77",
    "name": "Regional Exprés San Sebastián - Valladolid",
    "type": "Regional Exprés",
    "operator": "Renfe",
    "stroke": "#898989",
    "stroke-width": 2,
    "stroke-opacity": 0.7,
    "total_sta": 10,
    "coords_sta": 9,
    "missing_coords": 1
   }
  },
  {
   "type": "Feature",
   "geometry": {
    "type": "LineString",
    "coordinates": [
     [
      -0.49606,
      38.34498
     ],
     [
      -0.8011,
      38.4849
     ],
     [
      -0.86795,
      38.63227
     ],
     [
      -1.85687,
      38.99485
     ],
     [
      -2.16292,
      39.19932
     ],
     [
      -2.77539,
      39.27854
     ],
     [
      -3.20537,
      39.39566
     ],
     [
      -3.3706,
      39.0059
     ],
     [
      -3.60408,
      39.06141
     ],
     [
      -3.70965,
      38.89551
     ],
     [
      -3.91314,
      38.98487
     ]
    ]
   },
   "properties": {
    "lid": "78",
    "name": "MD 43 Alicante - Ciudad Real",
    "type": "Media Distancia",
    "operator": "Renfe",
    "stroke": "#FF8200",
    "stroke-width": 2,
    "stroke-opacity": 0.7,
    "total_sta": 11,
    "coords_sta": 11,
    "missing_coords": 0
   }
  },
  {
   "type": "Feature",
   "geometry": {
    "type": "LineString",
    "coordinates": [
     [
      -0.49606,
      38.34498
     ],
     [
      -0.58276,
      38.28965
     ],
     [
      -0.6951,
      38.27179
     ],
     [
      -0.9498,
      38.08126
     ],
     [
      -0.87441,
      38.12267
     ],
     [
      -0.87556,
      38.13675
     ],
     [
      -0.83835,
      38.16725
     ],
     [
      -0.78156,
      38.22451
     ],
     [
      -0.7063,
      38.26904
     ],
     [
      -0.8011,
      38.4849
     ],
     [
      -0.8142,
      38.54472
     ],
     [
      -0.86795,
      38.63227
     ],
     [
      -0.95956,
      38.71627
     ],
     [
      -1.85687,
      38.99485
     ],
     [
      -0.38121,
      39.46005
     ],
     [
      -0.37719,
      39.46691
     ],
     [
      -0.00226,
      39.97506
     ]
    ]
   },
   "properties": {
    "lid": "79",
    "name": "MD 45 Alicante - Castellón",
    "type": "Media Distancia",
    "operator": "Renfe",
    "stroke": "#FF8200",
    "stroke-width": 2,
    "stroke-opacity": 0.7,
    "total_sta": 19,
    "coords_sta": 17,
    "missing_coords": 2
   }
  },
  {
   "type": "Feature",
   "geometry": {
    "type": "LineString",
    "coordinates": [
     [
      -0.37719,
      39.46691
     ],
     [
      -0.52468,
      38.99225
     ],
     [
      -0.75309,
      38.87813
     ],
     [
      -0.86795,
      38.63227
     ],
     [
      -1.10557,
      38.86765
     ],
     [
      -1.85687,
      38.99485
     ],
     [
      -2.77539,
      39.27854
     ],
     [
      -3.20537,
      39.39566
     ]
    ]
   },
   "properties": {
    "lid": "80",
    "name": "MD 46 Valencia - Alcázar de San Juan",
    "type": "Media Distancia",
    "operator": "Renfe",
    "stroke": "#FF8200",
    "stroke-width": 2,
    "stroke-opacity": 0.7,
    "total_sta": 8,
    "coords_sta": 8,
    "missing_coords": 0
   }
  },
  {
   "type": "Feature",
   "geometry": {
    "type": "LineString",
    "coordinates": [
     [
      -0.37719,
      39.46691
     ],
     [
      -0.33467,
      39.47007
     ],
     [
      -0.27141,
      39.67567
     ],
     [
      -0.15224,
      39.85297
     ],
     [
      -0.00226,
      39.97506
     ],
     [
      0.05777,
      40.05805
     ],
     [
      0.13727,
      40.09457
     ],
     [
      0.20278,
      40.17389
     ],
     [
      0.22868,
      40.30465
     ],
     [
      0.41986,
      40.47243
     ],
     [
      0.45545,
      40.47175
     ],
     [
      0.44929,
      40.59592
     ],
     [
      0.52288,
      40.80712
     ]
    ]
   },
   "properties": {
    "lid": "81",
    "name": "MD 50 Valencia - Tortosa",
    "type": "Media Distancia",
    "operator": "Renfe",
    "stroke": "#00A650",
    "stroke-width": 2,
    "stroke-opacity": 0.7,
    "total_sta": 13,
    "coords_sta": 13,
    "missing_coords": 0
   }
  },
  {
   "type": "Feature",
   "geometry": {
    "type": "LineString",
    "coordinates": [
     [
      -0.37719,
      39.46691
     ],
     [
      -3.69002,
      40.40568
     ]
    ]
   },
   "properties": {
    "lid": "82",
    "name": "Regional Valencia - Madrid",
    "type": "Regional",
    "operator": "Renfe",
    "stroke": "#898989",
    "stroke-width": 2,
    "stroke-opacity": 0.7,
    "total_sta": 2,
    "coords_sta": 2,
    "missing_coords": 0
   }
  },
  {
   "type": "Feature",
   "geometry": {
    "type": "LineString",
    "coordinates": [
     [
      -6.34305,
      38.92159
     ],
     [
      -5.89129,
      39.08594
     ],
     [
      -5.7965,
      38.96868
     ],
     [
      -5.63343,
      38.76423
     ],
     [
      -5.22708,
      38.72394
     ],
     [
      -4.73031,
      38.74053
     ],
     [
      -4.11194,
      38.69129
     ],
     [
      -3.91314,
      38.98487
     ]
    ]
   },
   "properties": {
    "lid": "83",
    "name": "MD 51 Mérida - Ciudad Real",
    "type": "Media Distancia",
    "operator": "Renfe",
    "stroke": "#FF8200",
    "stroke-width": 2,
    "stroke-opacity": 0.7,
    "total_sta": 8,
    "coords_sta": 8,
    "missing_coords": 0
   }
  },
  {
   "type": "Feature",
   "geometry": {
    "type": "LineString",
    "coordinates": [
     [
      -3.6886,
      40.40697
     ],
     [
      -3.77236,
      40.32809
     ],
     [
      -3.84226,
      40.12085
     ],
     [
      -4.28316,
      39.97881
     ],
     [
      -4.48756,
      39.94935
     ],
     [
      -4.64656,
      39.96077
     ],
     [
      -4.82654,
      39.97063
     ],
     [
      -5.18621,
      39.92185
     ],
     [
      -5.54565,
      39.89496
     ],
     [
      -5.67764,
      39.89199
     ],
     [
      -6.10125,
      39.93762
     ],
     [
      -6.09963,
      40.02226
     ],
     [
      -6.22895,
      39.86621
     ],
     [
      -6.32569,
      39.81206
     ],
     [
      -6.37452,
      39.78881
     ],
     [
      -6.38572,
      39.46118
     ],
     [
      -6.34171,
      39.15394
     ],
     [
      -6.34305,
      38.92159
     ],
     [
      -6.40788,
      38.93625
     ],
     [
      -6.47721,
      38.91537
     ],
     [
      -6.59867,
      38.91358
     ],
     [
      -6.59867,
      38.91358
     ],
     [
      -6.69002,
      38.92177
     ],
     [
      -6.98162,
      38.89073
     ]
    ]
   },
   "properties": {
    "lid": "84",
    "name": "MD 52 Madrid - Badajoz",
    "type": "Media Distancia",
    "operator": "Renfe",
    "stroke": "#FF8200",
    "stroke-width": 2,
    "stroke-opacity": 0.7,
    "total_sta": 24,
    "coords_sta": 24,
    "missing_coords": 0
   }
  },
  {
   "type": "Feature",
   "geometry": {
    "type": "LineString",
    "coordinates": [
     [
      -3.68271,
      40.47395
     ],
     [
      -3.6886,
      40.40697
     ],
     [
      -3.61825,
      40.03483
     ],
     [
      -3.20537,
      39.39566
     ],
     [
      -2.77539,
      39.27854
     ],
     [
      -2.59851,
      39.26072
     ],
     [
      -2.16292,
      39.19932
     ],
     [
      -1.85687,
      38.99485
     ]
    ]
   },
   "properties": {
    "lid": "85",
    "name": "MD 57 Madrid - Albacete",
    "type": "Media Distancia",
    "operator": "Renfe",
    "stroke": "#FF8200",
    "stroke-width": 2,
    "stroke-opacity": 0.7,
    "total_sta": 8,
    "coords_sta": 8,
    "missing_coords": 0
   }
  },
  {
   "type": "Feature",
   "geometry": {
    "type": "LineString",
    "coordinates": [
     [
      -3.68271,
      40.47395
     ],
     [
      -3.6886,
      40.40697
     ],
     [
      -3.91314,
      38.98487
     ],
     [
      -3.3706,
      39.0059
     ],
     [
      -3.39614,
      38.76328
     ],
     [
      -3.45135,
      38.64459
     ],
     [
      -3.5177,
      38.21573
     ],
     [
      -3.58914,
      38.06908
     ],
     [
      -3.35018,
      37.91348
     ],
     [
      -3.31075,
      37.43113
     ],
     [
      -3.52776,
      37.39582
     ],
     [
      -3.79079,
      37.77998
     ]
    ]
   },
   "properties": {
    "lid": "86",
    "name": "MD 58 Madrid - Jaén",
    "type": "Media Distancia",
    "operator": "Renfe",
    "stroke": "#FF8200",
    "stroke-width": 2,
    "stroke-opacity": 0.7,
    "total_sta": 12,
    "coords_sta": 12,
    "missing_coords": 0
   }
  },
  {
   "type": "Feature",
   "geometry": {
    "type": "LineString",
    "coordinates": [
     [
      -3.6886,
      40.40697
     ],
     [
      -3.00978,
      40.0065
     ],
     [
      -2.68219,
      40.14602
     ],
     [
      -2.14369,
      40.03396
     ],
     [
      -1.67888,
      40.09937
     ],
     [
      -1.40317,
      39.64495
     ],
     [
      -1.13473,
      39.52175
     ],
     [
      -0.7874,
      39.4271
     ],
     [
      -0.37719,
      39.46691
     ]
    ]
   },
   "properties": {
    "lid": "87",
    "name": "MD 60 Madrid - Valencia",
    "type": "Media Distancia",
    "operator": "Renfe",
    "stroke": "#FF8200",
    "stroke-width": 2,
    "stroke-opacity": 0.7,
    "total_sta": 9,
    "coords_sta": 9,
    "missing_coords": 0
   }
  },
  {
   "type": "Feature",
   "geometry": {
    "type": "LineString",
    "coordinates": [
     [
      -3.68226,
      40.47206
     ],
     [
      -3.6886,
      40.40697
     ],
     [
      -3.61825,
      40.03483
     ],
     [
      -3.33025,
      39.62197
     ],
     [
      -3.20537,
      39.39566
     ]
    ]
   },
   "properties": {
    "lid": "88",
    "name": "Regional Madrid - Alcázar de San Juan",
    "type": "Regional",
    "operator": "Renfe",
    "stroke": "#898989",
    "stroke-width": 2,
    "stroke-opacity": 0.7,
    "total_sta": 5,
    "coords_sta": 5,
    "missing_coords": 0
   }
  },
  {
   "type": "Feature",
   "geometry": {
    "type": "LineString",
    "coordinates": [
     [
      -8.41215,
      43.35037
     ],
     [
      -8.41298,
      43.33528
     ],
     [
      -8.44821,
      43.03786
     ],
     [
      -8.5452,
      42.87044
     ],
     [
      -8.65241,
      42.73898
     ],
     [
      -8.72537,
      42.67224
     ],
     [
      -8.76228,
      42.60199
     ],
     [
      -8.6354,
      42.42168
     ],
     [
      -8.61067,
      42.34041
     ],
     [
      -8.60372,
      42.28549
     ],
     [
      -8.71188,
      42.23952
     ]
    ]
   },
   "properties": {
    "lid": "89",
    "name": "MD 1 A Coruña - Vigo",
    "type": "Media Distancia",
    "operator": "Renfe",
    "stroke": "#00A650",
    "stroke-width": 2,
    "stroke-opacity": 0.7,
    "total_sta": 11,
    "coords_sta": 11,
    "missing_coords": 0
   }
  },
  {
   "type": "Feature",
   "geometry": {
    "type": "LineString",
    "coordinates": [
     [
      -8.5452,
      42.87044
     ],
     [
      -7.87255,
      42.35069
     ]
    ]
   },
   "properties": {
    "lid": "90",
    "name": "MD 2 Santiago - Ourense",
    "type": "Media Distancia",
    "operator": "Renfe",
    "stroke": "#FF8200",
    "stroke-width": 2,
    "stroke-opacity": 0.7,
    "total_sta": 2,
    "coords_sta": 2,
    "missing_coords": 0
   }
  },
  {
   "type": "Feature",
   "geometry": {
    "type": "LineString",
    "coordinates": [
     [
      -8.71188,
      42.23952
     ],
     [
      -8.60372,
      42.28549
     ],
     [
      -8.62232,
      42.06571
     ],
     [
      -7.87255,
      42.35069
     ],
     [
      -7.50314,
      42.52952
     ],
     [
      -7.28721,
      42.46517
     ],
     [
      -7.11325,
      42.39261
     ],
     [
      -6.98505,
      42.41826
     ],
     [
      -6.60249,
      42.54566
     ]
    ]
   },
   "properties": {
    "lid": "91",
    "name": "MD 3 Vigo - Ponferrada",
    "type": "Media Distancia",
    "operator": "Renfe",
    "stroke": "#FF8200",
    "stroke-width": 2,
    "stroke-opacity": 0.7,
    "total_sta": 9,
    "coords_sta": 9,
    "missing_coords": 0
   }
  },
  {
   "type": "Feature",
   "geometry": {
    "type": "LineString",
    "coordinates": [
     [
      -8.41215,
      43.35037
     ],
     [
      -8.5452,
      42.87044
     ],
     [
      -7.87255,
      42.35069
     ],
     [
      -7.50314,
      42.52952
     ]
    ]
   },
   "properties": {
    "lid": "92",
    "name": "MD 4 A Coruña - Monforte de Lemos",
    "type": "Media Distancia",
    "operator": "Renfe",
    "stroke": "#FF8200",
    "stroke-width": 2,
    "stroke-opacity": 0.7,
    "total_sta": 4,
    "coords_sta": 4,
    "missing_coords": 0
   }
  },
  {
   "type": "Feature",
   "geometry": {
    "type": "LineString",
    "coordinates": [
     [
      -7.87255,
      42.35069
     ],
     [
      -7.73559,
      42.45115
     ],
     [
      -7.50314,
      42.52952
     ],
     [
      -7.41365,
      42.78262
     ]
    ]
   },
   "properties": {
    "lid": "93",
    "name": "Regional Ourense - Lugo",
    "type": "Regional",
    "operator": "Renfe",
    "stroke": "#898989",
    "stroke-width": 2,
    "stroke-opacity": 0.7,
    "total_sta": 5,
    "coords_sta": 4,
    "missing_coords": 1
   }
  },
  {
   "type": "Feature",
   "geometry": {
    "type": "LineString",
    "coordinates": [
     [
      -8.71188,
      42.23952
     ],
     [
      -8.63929,
      42.0247
     ],
     [
      -8.58471,
      41.14919
     ]
    ]
   },
   "properties": {
    "lid": "94",
    "name": "Regional Internacional (Celta) Vigo - Porto",
    "type": "Regional Internacional",
    "operator": "Renfe",
    "stroke": "#898989",
    "stroke-width": 2,
    "stroke-opacity": 0.7,
    "total_sta": 4,
    "coords_sta": 3,
    "missing_coords": 1
   }
  },
  {
   "type": "Feature",
   "geometry": {
    "type": "LineString",
    "coordinates": [
     [
      -0.49606,
      38.34498
     ],
     [
      -0.6951,
      38.27179
     ],
     [
      -0.9498,
      38.08126
     ],
     [
      -0.99549,
      38.04715
     ],
     [
      -1.13346,
      37.97658
     ],
     [
      -0.83407,
      37.77891
     ],
     [
      -0.96706,
      37.74694
     ],
     [
      -0.97497,
      37.60503
     ]
    ]
   },
   "properties": {
    "lid": "95",
    "name": "MD 43 Alicante - Cartagena",
    "type": "Media Distancia",
    "operator": "Renfe",
    "stroke": "#FF8200",
    "stroke-width": 2,
    "stroke-opacity": 0.7,
    "total_sta": 8,
    "coords_sta": 8,
    "missing_coords": 0
   }
  },
  {
   "type": "Feature",
   "geometry": {
    "type": "LineString",
    "coordinates": [
     [
      -0.49606,
      38.34498
     ],
     [
      -0.6951,
      38.27179
     ],
     [
      -0.9498,
      38.08126
     ],
     [
      -0.99549,
      38.04715
     ],
     [
      -1.13346,
      37.97658
     ],
     [
      -1.20816,
      37.9665
     ],
     [
      -1.34728,
      37.88705
     ],
     [
      -1.41449,
      37.84935
     ],
     [
      -1.57478,
      37.86234
     ],
     [
      -1.69632,
      37.67193
     ]
    ]
   },
   "properties": {
    "lid": "96",
    "name": "MD 61 Alicante - Lorca",
    "type": "Media Distancia",
    "operator": "Renfe",
    "stroke": "#FF8200",
    "stroke-width": 2,
    "stroke-opacity": 0.7,
    "total_sta": 11,
    "coords_sta": 10,
    "missing_coords": 1
   }
  },
  {
   "type": "Feature",
   "geometry": {
    "type": "LineString",
    "coordinates": [
     [
      -1.13346,
      37.97658
     ],
     [
      -0.83407,
      37.77891
     ],
     [
      -0.96706,
      37.74694
     ],
     [
      -0.97497,
      37.60503
     ]
    ]
   },
   "properties": {
    "lid": "97",
    "name": "Regional Murcia - Cartagena",
    "type": "Regional",
    "operator": "Renfe",
    "stroke": "#898989",
    "stroke-width": 2,
    "stroke-opacity": 0.7,
    "total_sta": 4,
    "coords_sta": 4,
    "missing_coords": 0
   }
  },
  {
   "type": "Feature",
   "geometry": {
    "type": "LineString",
    "coordinates": [
     [
      -0.37719,
      39.46691
     ],
     [
      -0.52468,
      38.99225
     ],
     [
      -0.75309,
      38.87813
     ],
     [
      -0.95385,
      38.76545
     ],
     [
      -0.86795,
      38.63227
     ],
     [
      -0.8011,
      38.4849
     ],
     [
      -0.49606,
      38.34498
     ],
     [
      -0.6951,
      38.27179
     ],
     [
      -0.9498,
      38.08126
     ],
     [
      -0.99549,
      38.04715
     ],
     [
      -1.13346,
      37.97658
     ]
    ]
   },
   "properties": {
    "lid": "98",
    "name": "Regional Valencia - Murcia",
    "type": "Regional",
    "operator": "Renfe",
    "stroke": "#898989",
    "stroke-width": 2,
    "stroke-opacity": 0.7,
    "total_sta": 11,
    "coords_sta": 11,
    "missing_coords": 0
   }
  },
  {
   "type": "Feature",
   "geometry": {
    "type": "LineString",
    "coordinates": [
     [
      -0.91139,
      41.65857
     ],
     [
      -1.02049,
      41.72273
     ],
     [
      -1.11261,
      41.77163
     ],
     [
      -1.32133,
      41.86709
     ],
     [
      -1.42087,
      41.91536
     ],
     [
      -1.51548,
      41.99707
     ],
     [
      -1.59767,
      42.0595
     ],
     [
      -1.69244,
      42.17287
     ],
     [
      -1.67121,
      42.52575
     ],
     [
      -2.18131,
      42.89541
     ],
     [
      -2.30674,
      42.86923
     ],
     [
      -2.38889,
      42.84631
     ],
     [
      -2.51463,
      42.84904
     ],
     [
      -2.6727,
      42.8413
     ]
    ]
   },
   "properties": {
    "lid": "99",
    "name": "MD 26 Zaragoza - Vitoria",
    "type": "Media Distancia",
    "operator": "Renfe",
    "stroke": "#FF8200",
    "stroke-width": 2,
    "stroke-opacity": 0.7,
    "total_sta": 14,
    "coords_sta": 14,
    "missing_coords": 0
   }
  },
  {
   "type": "Feature",
   "geometry": {
    "type": "LineString",
    "coordinates": [
     [
      -0.91139,
      41.65857
     ],
     [
      -1.02049,
      41.72273
     ],
     [
      -1.11261,
      41.77163
     ],
     [
      -1.32133,
      41.86709
     ],
     [
      -1.42087,
      41.91536
     ],
     [
      -1.51548,
      41.99707
     ],
     [
      -1.59767,
      42.0595
     ],
     [
      -1.69244,
      42.17287
     ],
     [
      -1.74814,
      42.18661
     ],
     [
      -1.84786,
      42.23005
     ],
     [
      -1.95782,
      42.3107
     ],
     [
      -2.07128,
      42.38065
     ],
     [
      -2.44082,
      42.45757
     ]
    ]
   },
   "properties": {
    "lid": "100",
    "name": "Regional Exprés Castejón - Logroño",
    "type": "Regional Exprés",
    "operator": "Renfe",
    "stroke": "#898989",
    "stroke-width": 2,
    "stroke-opacity": 0.7,
    "total_sta": 13,
    "coords_sta": 13,
    "missing_coords": 0
   }
  },
  {
   "type": "Feature",
   "geometry": {
    "type": "LineString",
    "coordinates": [
     [
      -3.68271,
      40.47395
     ],
     [
      -3.18225,
      40.64408
     ],
     [
      -2.64622,
      41.07145
     ],
     [
      -2.49305,
      41.13631
     ],
     [
      -2.42117,
      41.16522
     ],
     [
      -2.27769,
      41.21565
     ],
     [
      -2.52534,
      41.48919
     ],
     [
      -2.47561,
      41.75535
     ],
     [
      -1.99851,
      41.80555
     ],
     [
      -1.69244,
      42.17287
     ]
    ]
   },
   "properties": {
    "lid": "101",
    "name": "Regional Madrid - Castejón",
    "type": "Regional",
    "operator": "Renfe",
    "stroke": "#898989",
    "stroke-width": 2,
    "stroke-opacity": 0.7,
    "total_sta": 10,
    "coords_sta": 10,
    "missing_coords": 0
   }
  },
  {
   "type": "Feature",
   "geometry": {
    "type": "LineString",
    "coordinates": [
     [
      -1.97483,
      42.92039
     ],
     [
      -2.18131,
      42.89541
     ],
     [
      -2.30674,
      42.86923
     ],
     [
      -2.38889,
      42.84631
     ],
     [
      -2.51463,
      42.84904
     ],
     [
      -2.6727,
      42.8413
     ]
    ]
   },
   "properties": {
    "lid": "102",
    "name": "Regional Pamplona - Vitoria",
    "type": "Regional",
    "operator": "Renfe",
    "stroke": "#898989",
    "stroke-width": 2,
    "stroke-opacity": 0.7,
    "total_sta": 6,
    "coords_sta": 6,
    "missing_coords": 0
   }
  },
  {
   "type": "Feature",
   "geometry": {
    "type": "LineString",
    "coordinates": [
     [
      -2.44082,
      42.45757
     ],
     [
      -2.85025,
      42.58175
     ],
     [
      -2.94114,
      42.6908
     ],
     [
      -3.11282,
      42.63021
     ],
     [
      -3.31908,
      42.54273
     ],
     [
      -3.66632,
      42.37117
     ],
     [
      -4.49627,
      41.9174
     ],
     [
      -4.53386,
      42.01573
     ],
     [
      -4.7272,
      41.64334
     ]
    ]
   },
   "properties": {
    "lid": "104",
    "name": "Regional Logroño - Valladolid",
    "type": "Regional",
    "operator": "Renfe",
    "stroke": "#898989",
    "stroke-width": 2,
    "stroke-opacity": 0.7,
    "total_sta": 9,
    "coords_sta": 9,
    "missing_coords": 0
   }
  },
  {
   "type": "Feature",
   "geometry": {
    "type": "LineString",
    "coordinates": [
     [
      -0.91139,
      41.65857
     ],
     [
      -1.02049,
      41.72273
     ],
     [
      -1.11261,
      41.77163
     ],
     [
      -1.32133,
      41.86709
     ],
     [
      -1.42087,
      41.91536
     ],
     [
      -1.51548,
      41.99707
     ],
     [
      -1.59767,
      42.0595
     ],
     [
      -1.69244,
      42.17287
     ],
     [
      -1.74814,
      42.18661
     ],
     [
      -1.84786,
      42.23005
     ],
     [
      -1.95782,
      42.3107
     ],
     [
      -2.07128,
      42.38065
     ],
     [
      -2.44082,
      42.45757
     ],
     [
      -2.85025,
      42.58175
     ],
     [
      -2.94114,
      42.6908
     ]
    ]
   },
   "properties": {
    "lid": "105",
    "name": "Regional Exprés Zaragoza - Miranda",
    "type": "Regional Exprés",
    "operator": "Renfe",
    "stroke": "#898989",
    "stroke-width": 2,
    "stroke-opacity": 0.7,
    "total_sta": 15,
    "coords_sta": 15,
    "missing_coords": 0
   }
  },
  {
   "type": "Feature",
   "geometry": {
    "type": "LineString",
    "coordinates": [
     [
      -6.38572,
      39.46118
     ],
     [
      -6.53447,
      39.46807
     ],
     [
      -7.11698,
      39.38155
     ],
     [
      -7.23072,
      39.42694
     ]
    ]
   },
   "properties": {
    "lid": "106",
    "name": "Regional Cáceres - Valencia de Alcántara",
    "type": "Regional",
    "operator": "Renfe",
    "stroke": "#898989",
    "stroke-width": 2,
    "stroke-opacity": 0.7,
    "total_sta": 4,
    "coords_sta": 4,
    "missing_coords": 0
   }
  },
  {
   "type": "Feature",
   "geometry": {
    "type": "LineString",
    "coordinates": [
     [
      -6.98162,
      38.89073
     ],
     [
      -7.02588,
      38.88305
     ],
     [
      -8.47375,
      39.46165
     ]
    ]
   },
   "properties": {
    "lid": "107",
    "name": "Regional Internacional (Raia) Badajoz - Entroncamento",
    "type": "Regional Internacional",
    "operator": "CP",
    "stroke": "#00508F",
    "stroke-width": 2,
    "stroke-opacity": 0.7,
    "total_sta": 5,
    "coords_sta": 3,
    "missing_coords": 2
   }
  },
  {
   "type": "Feature",
   "geometry": {
    "type": "LineString",
    "coordinates": [
     [
      2.14,
      41.37901
     ],
     [
      2.16828,
      41.38944
     ],
     [
      2.16538,
      41.39254
     ],
     [
      2.19114,
      41.43663
     ],
     [
      2.29161,
      41.59965
     ],
     [
      2.49097,
      41.68565
     ],
     [
      2.67338,
      41.77217
     ],
     [
      2.74502,
      41.80748
     ],
     [
      2.80057,
      41.84116
     ],
     [
      2.81174,
      41.89616
     ],
     [
      2.17096,
      41.39502
     ],
     [
      2.87485,
      42.02732
     ],
     [
      2.9153,
      42.03698
     ],
     [
      2.95717,
      42.04749
     ],
     [
      2.96476,
      42.06828
     ],
     [
      2.96561,
      42.12222
     ],
     [
      2.97803,
      42.21637
     ],
     [
      2.96897,
      42.265
     ],
     [
      3.0863,
      42.32515
     ],
     [
      3.14916,
      42.3668
     ],
     [
      3.15418,
      42.407
     ],
     [
      3.15801,
      42.4248
     ]
    ]
   },
   "properties": {
    "lid": "108",
    "name": "R11 Barcelona - Portbou",
    "type": "Regional",
    "operator": "Renfe",
    "stroke": "#FF8200",
    "stroke-width": 2,
    "stroke-opacity": 0.7,
    "total_sta": 23,
    "coords_sta": 22,
    "missing_coords": 1
   }
  },
  {
   "type": "Feature",
   "geometry": {
    "type": "LineString",
    "coordinates": [
     [
      2.18556,
      41.38439
     ],
     [
      2.16828,
      41.38944
     ],
     [
      2.14,
      41.37901
     ],
     [
      1.73082,
      41.22018
     ],
     [
      1.52579,
      41.18608
     ],
     [
      1.37659,
      41.22339
     ],
     [
      1.31748,
      41.2395
     ],
     [
      1.2974,
      41.25034
     ],
     [
      1.25878,
      41.29835
     ],
     [
      1.195,
      41.30604
     ],
     [
      1.17649,
      41.33763
     ],
     [
      1.16571,
      41.37652
     ],
     [
      0.82553,
      41.54392
     ],
     [
      0.63304,
      41.62073
     ]
    ]
   },
   "properties": {
    "lid": "110",
    "name": "R13 Barcelona - Lleida (por Valls)",
    "type": "Regional",
    "operator": "Renfe",
    "stroke": "#FF8200",
    "stroke-width": 2,
    "stroke-opacity": 0.7,
    "total_sta": 20,
    "coords_sta": 14,
    "missing_coords": 6
   }
  },
  {
   "type": "Feature",
   "geometry": {
    "type": "LineString",
    "coordinates": [
     [
      2.18556,
      41.38439
     ],
     [
      2.16828,
      41.38944
     ],
     [
      2.14,
      41.37901
     ],
     [
      1.73082,
      41.22018
     ],
     [
      1.52579,
      41.18608
     ],
     [
      1.40571,
      41.14279
     ],
     [
      1.3733,
      41.13661
     ],
     [
      1.25354,
      41.11122
     ],
     [
      1.15044,
      41.11288
     ],
     [
      1.09994,
      41.1606
     ],
     [
      1.17417,
      41.2616
     ],
     [
      1.195,
      41.30604
     ],
     [
      1.17649,
      41.33763
     ],
     [
      1.16571,
      41.37652
     ],
     [
      0.82553,
      41.54392
     ],
     [
      0.63304,
      41.62073
     ]
    ]
   },
   "properties": {
    "lid": "111",
    "name": "R14 Barcelona - Lleida (por Tarragona)",
    "type": "Regional",
    "operator": "Renfe",
    "stroke": "#FF8200",
    "stroke-width": 2,
    "stroke-opacity": 0.7,
    "total_sta": 21,
    "coords_sta": 16,
    "missing_coords": 5
   }
  },
  {
   "type": "Feature",
   "geometry": {
    "type": "LineString",
    "coordinates": [
     [
      2.18556,
      41.38439
     ],
     [
      2.16828,
      41.38944
     ],
     [
      2.14,
      41.37901
     ],
     [
      1.73082,
      41.22018
     ],
     [
      1.52579,
      41.18608
     ],
     [
      1.40571,
      41.14279
     ],
     [
      1.3733,
      41.13661
     ],
     [
      1.25354,
      41.11122
     ],
     [
      1.15044,
      41.11288
     ],
     [
      1.09994,
      41.1606
     ],
     [
      1.02207,
      41.16641
     ],
     [
      0.97578,
      41.14005
     ],
     [
      0.92079,
      41.14362
     ],
     [
      0.85864,
      41.13316
     ],
     [
      0.81051,
      41.13093
     ],
     [
      0.65342,
      41.10642
     ],
     [
      0.56905,
      41.18232
     ],
     [
      0.54015,
      41.22942
     ],
     [
      0.48079,
      41.24851
     ]
    ]
   },
   "properties": {
    "lid": "112",
    "name": "R15 Barcelona - Riba-roja d'Ebre",
    "type": "Regional",
    "operator": "Renfe",
    "stroke": "#FF8200",
    "stroke-width": 2,
    "stroke-opacity": 0.7,
    "total_sta": 21,
    "coords_sta": 19,
    "missing_coords": 2
   }
  },
  {
   "type": "Feature",
   "geometry": {
    "type": "LineString",
    "coordinates": [
     [
      2.18556,
      41.38439
     ],
     [
      2.16828,
      41.38944
     ],
     [
      2.14,
      41.37901
     ],
     [
      1.73082,
      41.22018
     ],
     [
      1.52579,
      41.18608
     ],
     [
      1.40571,
      41.14279
     ],
     [
      1.3733,
      41.13661
     ],
     [
      1.25354,
      41.11122
     ],
     [
      1.15044,
      41.11288
     ],
     [
      1.04528,
      41.08111
     ],
     [
      0.52288,
      40.80712
     ],
     [
      0.55586,
      40.75908
     ]
    ]
   },
   "properties": {
    "lid": "113",
    "name": "R16 Barcelona - Ulldecona",
    "type": "Regional",
    "operator": "Renfe",
    "stroke": "#FF8200",
    "stroke-width": 2,
    "stroke-opacity": 0.7,
    "total_sta": 18,
    "coords_sta": 12,
    "missing_coords": 6
   }
  },
  {
   "type": "Feature",
   "geometry": {
    "type": "LineString",
    "coordinates": [
     [
      2.14,
      41.37901
     ],
     [
      1.73082,
      41.22018
     ],
     [
      1.52579,
      41.18608
     ],
     [
      1.40571,
      41.14279
     ],
     [
      1.3733,
      41.13661
     ],
     [
      1.25354,
      41.11122
     ],
     [
      1.1558,
      41.0851
     ]
    ]
   },
   "properties": {
    "lid": "114",
    "name": "R17 Barcelona - Port Aventura",
    "type": "Regional",
    "operator": "Renfe",
    "stroke": "#FF8200",
    "stroke-width": 2,
    "stroke-opacity": 0.7,
    "total_sta": 7,
    "coords_sta": 7,
    "missing_coords": 0
   }
  },
  {
   "type": "Feature",
   "geometry": {
    "type": "LineString",
    "coordinates": [
     [
      -6.52214,
      42.4055
     ],
     [
      -5.56132,
      42.6291
     ],
     [
      -5.53796,
      42.68227
     ],
     [
      -5.52995,
      42.71871
     ],
     [
      -5.51642,
      42.75472
     ],
     [
      -5.51191,
      42.77153
     ],
     [
      -5.50703,
      42.79091
     ],
     [
      -5.50822,
      42.80634
     ],
     [
      -5.62648,
      42.80399
     ],
     [
      -5.62641,
      42.80399
     ],
     [
      -5.50736,
      42.84072
     ],
     [
      -5.52217,
      42.84114
     ],
     [
      -5.50736,
      42.84072
     ],
     [
      -5.62641,
      42.80399
     ],
     [
      -5.48701,
      42.84966
     ],
     [
      -5.44283,
      42.85473
     ],
     [
      -5.42873,
      42.85591
     ],
     [
      -5.41207,
      42.85511
     ],
     [
      -5.40324,
      42.86494
     ],
     [
      -5.38997,
      42.85959
     ],
     [
      -5.33952,
      42.85855
     ],
     [
      -5.3345,
      42.86463
     ],
     [
      -5.32871,
      42.86278
     ],
     [
      -5.31818,
      42.83857
     ],
     [
      -5.21402,
      42.80889
     ],
     [
      -5.18003,
      42.80978
     ],
     [
      -5.12748,
      42.78615
     ],
     [
      -5.13091,
      42.80318
     ],
     [
      -5.07096,
      42.76789
     ],
     [
      -5.28308,
      42.81238
     ],
     [
      -5.04132,
      42.7703
     ],
     [
      -5.02714,
      42.78328
     ],
     [
      -5.00559,
      42.77981
     ],
     [
      -4.97248,
      42.7876
     ],
     [
      -4.92968,
      42.76528
     ],
     [
      -4.90536,
      42.78668
     ],
     [
      -4.85188,
      42.79097
     ],
     [
      -4.85188,
      42.79097
     ],
     [
      -4.74178,
      42.80196
     ],
     [
      -4.60194,
      42.81211
     ],
     [
      -4.68605,
      42.81855
     ],
     [
      -4.4944,
      42.83933
     ],
     [
      -4.38611,
      42.85131
     ],
     [
      -4.23375,
      42.78527
     ],
     [
      -4.16506,
      42.87121
     ],
     [
      -4.07531,
      42.91032
     ],
     [
      -4.04268,
      42.9321
     ],
     [
      -3.98261,
      42.98795
     ],
     [
      -3.94475,
      42.99152
     ],
     [
      -3.85841,
      42.99637
     ],
     [
      -3.84486,
      43.00579
     ],
     [
      -3.88,
      42.96
     ],
     [
      -3.75683,
      43.01241
     ],
     [
      -3.68835,
      43.04527
     ],
     [
      -3.45763,
      43.0884
     ],
     [
      -3.64949,
      43.17974
     ],
     [
      -3.61968,
      43.06058
     ],
     [
      -3.68835,
      43.04527
     ],
     [
      -3.45763,
      43.0884
     ],
     [
      -3.64949,
      43.17974
     ],
     [
      -3.64949,
      43.17974
     ],
     [
      -3.50392,
      43.20202
     ],
     [
      -3.12,
      43.21
     ],
     [
      -3.43834,
      43.28247
     ],
     [
      -3.43828,
      43.28203
     ],
     [
      -3.44564,
      43.31366
     ],
     [
      -3.42105,
      43.34653
     ],
     [
      -3.43336,
      43.35883
     ],
     [
      -3.46936,
      43.39418
     ],
     [
      -3.49051,
      43.41708
     ],
     [
      -3.52496,
      43.42303
     ],
     [
      -3.57707,
      43.41363
     ],
     [
      -3.66666,
      43.40502
     ],
     [
      -3.70366,
      43.41124
     ],
     [
      -3.73816,
      43.39942
     ],
     [
      -3.76655,
      43.40105
     ],
     [
      -3.8209,
      43.40396
     ],
     [
      -3.84096,
      43.41612
     ],
     [
      -3.81102,
      43.4583
     ],
     [
      -3.19827,
      43.23335
     ],
     [
      -3.10896,
      43.2105
     ],
     [
      -3.10896,
      43.2105
     ],
     [
      -3.13333,
      43.21283
     ],
     [
      -3.13853,
      43.21095
     ],
     [
      -3.18981,
      43.19654
     ],
     [
      -3.19746,
      43.19006
     ],
     [
      -3.18981,
      43.19654
     ],
     [
      -3.10896,
      43.2105
     ],
     [
      -3.13333,
      43.21283
     ],
     [
      -3.13853,
      43.21095
     ],
     [
      -3.05048,
      43.20205
     ],
     [
      -3.09533,
      43.20896
     ],
     [
      -3.10896,
      43.2105
     ],
     [
      -3.05048,
      43.20205
     ],
     [
      -3.01643,
      43.23336
     ],
     [
      -2.98998,
      43.24782
     ],
     [
      -2.97199,
      43.25544
     ],
     [
      -2.97268,
      43.26171
     ],
     [
      -2.97203,
      43.27771
     ],
     [
      -2.95322,
      43.25965
     ],
     [
      -2.92524,
      43.29188
     ],
     [
      -2.9265,
      43.25991
     ]
    ]
   },
   "properties": {
    "lid": "115",
    "name": "R4 Correo de La Robla León - Bilbao",
    "type": "Regional",
    "operator": "Renfe Cercanías AM",
    "stroke": "#EC1C24",
    "stroke-width": 2,
    "stroke-opacity": 0.7,
    "total_sta": 109,
    "coords_sta": 102,
    "missing_coords": 7
   }
  },
  {
   "type": "Feature",
   "geometry": {
    "type": "LineString",
    "coordinates": [
     [
      -6.52214,
      42.4055
     ],
     [
      -5.52217,
      42.84114
     ],
     [
      -5.41207,
      42.85511
     ],
     [
      -5.32871,
      42.86278
     ],
     [
      -5.13091,
      42.80318
     ],
     [
      -4.85188,
      42.79097
     ]
    ]
   },
   "properties": {
    "lid": "116",
    "name": "C1 León - Guardo",
    "type": "Regional",
    "operator": "Renfe Cercanías AM",
    "stroke": "#EC1C24",
    "stroke-width": 2,
    "stroke-opacity": 0.7,
    "total_sta": 6,
    "coords_sta": 6,
    "missing_coords": 0
   }
  },
  {
   "type": "Feature",
   "geometry": {
    "type": "LineString",
    "coordinates": [
     [
      -3.68226,
      40.47206
     ],
     [
      -3.6886,
      40.40697
     ],
     [
      -3.61825,
      40.03483
     ],
     [
      -3.73859,
      39.94957
     ],
     [
      -3.33025,
      39.62197
     ],
     [
      -3.26637,
      39.50422
     ],
     [
      -3.20537,
      39.39566
     ],
     [
      -2.77539,
      39.27854
     ],
     [
      -2.59851,
      39.26072
     ],
     [
      -2.16292,
      39.19932
     ],
     [
      -1.85687,
      38.99485
     ],
     [
      -1.10557,
      38.86765
     ],
     [
      -0.86795,
      38.63227
     ],
     [
      -0.75309,
      38.87813
     ],
     [
      -0.52468,
      38.99225
     ],
     [
      -0.37719,
      39.46691
     ]
    ]
   },
   "properties": {
    "lid": "117",
    "name": "MD Línea 45/46 Madrid - Valencia",
    "type": "Media Distancia",
    "operator": "Renfe",
    "stroke": "#F37021",
    "stroke-width": 2,
    "stroke-opacity": 0.7,
    "total_sta": 16,
    "coords_sta": 16,
    "missing_coords": 0
   }
  },
  {
   "type": "Feature",
   "geometry": {
    "type": "LineString",
    "coordinates": [
     [
      -3.68226,
      40.47206
     ],
     [
      -3.6886,
      40.40697
     ],
     [
      -3.61825,
      40.03483
     ],
     [
      -3.73859,
      39.94957
     ],
     [
      -3.33025,
      39.62197
     ],
     [
      -3.26637,
      39.50422
     ],
     [
      -3.20537,
      39.39566
     ],
     [
      -3.3706,
      39.0059
     ],
     [
      -3.60408,
      39.06141
     ],
     [
      -3.70965,
      38.89551
     ],
     [
      -3.91314,
      38.98487
     ]
    ]
   },
   "properties": {
    "lid": "118",
    "name": "MD Línea 45/46 Madrid - Ciudad Real",
    "type": "Media Distancia",
    "operator": "Renfe",
    "stroke": "#F37021",
    "stroke-width": 2,
    "stroke-opacity": 0.7,
    "total_sta": 11,
    "coords_sta": 11,
    "missing_coords": 0
   }
  },
  {
   "type": "Feature",
   "geometry": {
    "type": "LineString",
    "coordinates": [
     [
      -3.68226,
      40.47206
     ],
     [
      -3.6886,
      40.40697
     ],
     [
      -3.61825,
      40.03483
     ],
     [
      -3.73859,
      39.94957
     ],
     [
      -3.33025,
      39.62197
     ],
     [
      -3.26637,
      39.50422
     ],
     [
      -3.20537,
      39.39566
     ],
     [
      -3.23305,
      39.16888
     ],
     [
      -3.3706,
      39.0059
     ],
     [
      -3.39614,
      38.76328
     ],
     [
      -3.45135,
      38.64459
     ],
     [
      -3.50174,
      38.51432
     ],
     [
      -3.5177,
      38.21573
     ],
     [
      -3.58914,
      38.06908
     ],
     [
      -3.81,
      37.97
     ],
     [
      -3.79079,
      37.77998
     ]
    ]
   },
   "properties": {
    "lid": "119",
    "name": "MD Línea 58 Madrid - Jaén",
    "type": "Media Distancia",
    "operator": "Renfe",
    "stroke": "#F37021",
    "stroke-width": 2,
    "stroke-opacity": 0.7,
    "total_sta": 16,
    "coords_sta": 16,
    "missing_coords": 0
   }
  },
  {
   "type": "Feature",
   "geometry": {
    "type": "LineString",
    "coordinates": [
     [
      -3.71933,
      40.42096
     ],
     [
      -3.71194,
      40.40204
     ],
     [
      -3.69412,
      40.39933
     ],
     [
      -3.68011,
      40.39572
     ],
     [
      -3.6886,
      40.40697
     ],
     [
      -3.6917,
      40.4225
     ],
     [
      -3.6917,
      40.44584
     ],
     [
      -3.68271,
      40.47395
     ],
     [
      -3.66306,
      40.48468
     ],
     [
      -3.61642,
      40.48181
     ],
     [
      -3.59284,
      40.49243
     ]
    ]
   },
   "properties": {
    "lid": "120",
    "name": "C-1 Príncipe Pío - Atocha - T4",
    "type": "Cercanías",
    "operator": "Renfe",
    "stroke": "#EC1C24",
    "stroke-width": 2,
    "stroke-opacity": 0.7,
    "total_sta": 11,
    "coords_sta": 11,
    "missing_coords": 0
   }
  },
  {
   "type": "Feature",
   "geometry": {
    "type": "LineString",
    "coordinates": [
     [
      -3.18225,
      40.64408
     ],
     [
      -3.26534,
      40.56101
     ],
     [
      -3.29857,
      40.53463
     ],
     [
      -3.3353,
      40.50544
     ],
     [
      -3.36619,
      40.48906
     ],
     [
      -3.39299,
      40.48035
     ],
     [
      -3.47973,
      40.45473
     ],
     [
      -3.56101,
      40.42373
     ],
     [
      -3.60889,
      40.4042
     ],
     [
      -3.60909,
      40.38713
     ],
     [
      -3.62479,
      40.38206
     ],
     [
      -3.65609,
      40.37617
     ],
     [
      -3.66802,
      40.38163
     ],
     [
      -3.6886,
      40.40697
     ],
     [
      -3.6917,
      40.4225
     ],
     [
      -3.6917,
      40.44584
     ],
     [
      -3.68271,
      40.47395
     ]
    ]
   },
   "properties": {
    "lid": "121",
    "name": "C-2 Guadalajara - Alcalá - Atocha - Chamartín",
    "type": "Cercanías",
    "operator": "Renfe",
    "stroke": "#00A650",
    "stroke-width": 2,
    "stroke-opacity": 0.7,
    "total_sta": 18,
    "coords_sta": 17,
    "missing_coords": 1
   }
  },
  {
   "type": "Feature",
   "geometry": {
    "type": "LineString",
    "coordinates": [
     [
      -3.61825,
      40.03483
     ],
     [
      -3.61013,
      40.15906
     ],
     [
      -3.6647,
      40.19603
     ],
     [
      -3.70384,
      40.24299
     ],
     [
      -3.70758,
      40.30551
     ],
     [
      -3.70969,
      40.31853
     ],
     [
      -3.69938,
      40.33163
     ],
     [
      -3.68375,
      40.3422
     ],
     [
      -3.68398,
      40.35259
     ],
     [
      -3.6886,
      40.40697
     ],
     [
      -3.70339,
      40.41694
     ],
     [
      -3.6917,
      40.44584
     ],
     [
      -3.68271,
      40.47395
     ]
    ]
   },
   "properties": {
    "lid": "122",
    "name": "C-3 Aranjuez - Atocha - Chamartín",
    "type": "Cercanías",
    "operator": "Renfe",
    "stroke": "#EC1C24",
    "stroke-width": 2,
    "stroke-opacity": 0.7,
    "total_sta": 13,
    "coords_sta": 13,
    "missing_coords": 0
   }
  },
  {
   "type": "Feature",
   "geometry": {
    "type": "LineString",
    "coordinates": [
     [
      -3.76936,
      40.24105
     ],
     [
      -3.73751,
      40.28824
     ],
     [
      -3.73407,
      40.30971
     ],
     [
      -3.72731,
      40.32296
     ],
     [
      -3.71177,
      40.34103
     ],
     [
      -3.6886,
      40.40697
     ],
     [
      -3.70339,
      40.41694
     ],
     [
      -3.6917,
      40.44584
     ],
     [
      -3.68271,
      40.47395
     ],
     [
      -3.65439,
      40.5474
     ]
    ]
   },
   "properties": {
    "lid": "123",
    "name": "C-4a Parla - Alcobendas - San Sebastián de los Reyes",
    "type": "Cercanías",
    "operator": "Renfe",
    "stroke": "#2251A2",
    "stroke-width": 2,
    "stroke-opacity": 0.7,
    "total_sta": 12,
    "coords_sta": 10,
    "missing_coords": 2
   }
  },
  {
   "type": "Feature",
   "geometry": {
    "type": "LineString",
    "coordinates": [
     [
      -3.76936,
      40.24105
     ],
     [
      -3.73751,
      40.28824
     ],
     [
      -3.73407,
      40.30971
     ],
     [
      -3.72731,
      40.32296
     ],
     [
      -3.71177,
      40.34103
     ],
     [
      -3.6886,
      40.40697
     ],
     [
      -3.70339,
      40.41694
     ],
     [
      -3.6917,
      40.44584
     ],
     [
      -3.68271,
      40.47395
     ],
     [
      -3.65439,
      40.5474
     ],
     [
      -3.69496,
      40.48815
     ],
     [
      -3.71654,
      40.49104
     ],
     [
      -3.71383,
      40.55847
     ],
     [
      -3.71565,
      40.59891
     ],
     [
      -3.77656,
      40.6452
     ]
    ]
   },
   "properties": {
    "lid": "124",
    "name": "C-4b Parla - Colmenar Viejo",
    "type": "Cercanías",
    "operator": "Renfe",
    "stroke": "#2251A2",
    "stroke-width": 2,
    "stroke-opacity": 0.7,
    "total_sta": 17,
    "coords_sta": 15,
    "missing_coords": 2
   }
  },
  {
   "type": "Feature",
   "geometry": {
    "type": "LineString",
    "coordinates": [
     [
      -3.88226,
      40.33095
     ],
     [
      -3.87442,
      40.31631
     ],
     [
      -3.83199,
      40.34994
     ],
     [
      -3.81568,
      40.35655
     ],
     [
      -3.79197,
      40.3779
     ],
     [
      -3.78038,
      40.38146
     ],
     [
      -3.76863,
      40.38355
     ],
     [
      -3.76144,
      40.38571
     ],
     [
      -3.74472,
      40.39923
     ],
     [
      -3.70289,
      40.40522
     ],
     [
      -3.6886,
      40.40697
     ],
     [
      -3.68011,
      40.39572
     ],
     [
      -3.68398,
      40.35259
     ],
     [
      -3.71177,
      40.34103
     ],
     [
      -3.70502,
      40.35034
     ],
     [
      -3.70474,
      40.36551
     ],
     [
      -3.69874,
      40.37902
     ],
     [
      -3.77236,
      40.32809
     ],
     [
      -3.76936,
      40.24105
     ],
     [
      -3.79828,
      40.28229
     ],
     [
      -3.82844,
      40.25563
     ]
    ]
   },
   "properties": {
    "lid": "125",
    "name": "C-5 Móstoles El Soto - Atocha - Humanes",
    "type": "Cercanías",
    "operator": "Renfe",
    "stroke": "#1B1464",
    "stroke-width": 2,
    "stroke-opacity": 0.7,
    "total_sta": 21,
    "coords_sta": 21,
    "missing_coords": 0
   }
  },
  {
   "type": "Feature",
   "geometry": {
    "type": "LineString",
    "coordinates": [
     [
      -3.36619,
      40.48906
     ],
     [
      -3.39299,
      40.48035
     ],
     [
      -3.47973,
      40.45473
     ],
     [
      -3.56101,
      40.42373
     ],
     [
      -3.60889,
      40.4042
     ],
     [
      -3.60909,
      40.38713
     ],
     [
      -3.62479,
      40.38206
     ],
     [
      -3.65609,
      40.37617
     ],
     [
      -3.66802,
      40.38163
     ],
     [
      -3.6886,
      40.40697
     ],
     [
      -3.6917,
      40.4225
     ],
     [
      -3.6917,
      40.44584
     ],
     [
      -3.68271,
      40.47395
     ],
     [
      -3.69496,
      40.48815
     ],
     [
      -3.72559,
      40.4953
     ],
     [
      -3.84597,
      40.47434
     ],
     [
      -3.80785,
      40.46533
     ],
     [
      -3.80006,
      40.44741
     ],
     [
      -3.78549,
      40.44858
     ],
     [
      -3.71933,
      40.42096
     ]
    ]
   },
   "properties": {
    "lid": "126",
    "name": "C-7 Alcalá - Atocha - Príncipe Pío - Chamartín",
    "type": "Cercanías",
    "operator": "Renfe",
    "stroke": "#F17A24",
    "stroke-width": 2,
    "stroke-opacity": 0.7,
    "total_sta": 23,
    "coords_sta": 20,
    "missing_coords": 3
   }
  },
  {
   "type": "Feature",
   "geometry": {
    "type": "LineString",
    "coordinates": [
     [
      -3.18225,
      40.64408
     ],
     [
      -3.26534,
      40.56101
     ],
     [
      -3.29857,
      40.53463
     ],
     [
      -3.3353,
      40.50544
     ],
     [
      -3.36619,
      40.48906
     ],
     [
      -3.39299,
      40.48035
     ],
     [
      -3.44142,
      40.46386
     ],
     [
      -3.47973,
      40.45473
     ],
     [
      -3.56101,
      40.42373
     ],
     [
      -3.60889,
      40.4042
     ],
     [
      -3.60909,
      40.38713
     ],
     [
      -3.62479,
      40.38206
     ],
     [
      -3.65609,
      40.37617
     ],
     [
      -3.66802,
      40.38163
     ],
     [
      -3.6886,
      40.40697
     ],
     [
      -3.6917,
      40.4225
     ],
     [
      -3.6917,
      40.44584
     ],
     [
      -3.68226,
      40.47206
     ],
     [
      -3.69496,
      40.48815
     ],
     [
      -3.72559,
      40.4953
     ],
     [
      -3.89647,
      40.55201
     ],
     [
      -3.95702,
      40.57459
     ],
     [
      -3.98261,
      40.60065
     ],
     [
      -4.00815,
      40.62638
     ],
     [
      -4.02208,
      40.63905
     ],
     [
      -4.03532,
      40.65824
     ],
     [
      -4.03519,
      40.69257
     ],
     [
      -4.06603,
      40.73766
     ]
    ]
   },
   "properties": {
    "lid": "127",
    "name": "C-8a Santa María de la Alameda-Peguerinos - Villalba - Madrid-Chamartín - Guadalajara",
    "type": "Cercanías",
    "operator": "Renfe",
    "stroke": "#92278F",
    "stroke-width": 2,
    "stroke-opacity": 0.7,
    "total_sta": 30,
    "coords_sta": 28,
    "missing_coords": 2
   }
  },
  {
   "type": "Feature",
   "geometry": {
    "type": "LineString",
    "coordinates": [
     [
      -3.18225,
      40.64408
     ],
     [
      -3.26534,
      40.56101
     ],
     [
      -3.29857,
      40.53463
     ],
     [
      -3.36619,
      40.48906
     ],
     [
      -3.39299,
      40.48035
     ],
     [
      -3.47973,
      40.45473
     ],
     [
      -3.56101,
      40.42373
     ],
     [
      -3.60889,
      40.4042
     ],
     [
      -3.60909,
      40.38713
     ],
     [
      -3.62479,
      40.38206
     ],
     [
      -3.65609,
      40.37617
     ],
     [
      -3.66802,
      40.38163
     ],
     [
      -3.6886,
      40.40697
     ],
     [
      -3.6917,
      40.4225
     ],
     [
      -3.6917,
      40.44584
     ],
     [
      -3.68271,
      40.47395
     ],
     [
      -3.69496,
      40.48815
     ],
     [
      -3.72559,
      40.4953
     ],
     [
      -3.84597,
      40.47434
     ],
     [
      -3.80785,
      40.46533
     ],
     [
      -3.80006,
      40.44741
     ],
     [
      -3.78549,
      40.44858
     ],
     [
      -3.71933,
      40.42096
     ],
     [
      -3.66306,
      40.48468
     ],
     [
      -4.00815,
      40.62638
     ],
     [
      -4.02208,
      40.63905
     ],
     [
      -4.03532,
      40.65824
     ],
     [
      -4.03519,
      40.69257
     ],
     [
      -4.06706,
      40.70658
     ],
     [
      -4.06603,
      40.73766
     ]
    ]
   },
   "properties": {
    "lid": "128",
    "name": "C-8b Cercedilla - Villalba - Madrid-Chamartín - Guadalajara",
    "type": "Cercanías",
    "operator": "Renfe",
    "stroke": "#92278F",
    "stroke-width": 2,
    "stroke-opacity": 0.7,
    "total_sta": 33,
    "coords_sta": 30,
    "missing_coords": 3
   }
  },
  {
   "type": "Feature",
   "geometry": {
    "type": "LineString",
    "coordinates": [
     [
      -4.06603,
      40.73766
     ],
     [
      -4.00474,
      40.78438
     ],
     [
      -3.96456,
      40.82232
     ]
    ]
   },
   "properties": {
    "lid": "129",
    "name": "C-9 Cercedilla - Cotos",
    "type": "Cercanías",
    "operator": "Renfe",
    "stroke": "#92278F",
    "stroke-width": 2,
    "stroke-opacity": 0.7,
    "total_sta": 3,
    "coords_sta": 3,
    "missing_coords": 0
   }
  },
  {
   "type": "Feature",
   "geometry": {
    "type": "LineString",
    "coordinates": [
     [
      -4.00815,
      40.62638
     ],
     [
      -3.98261,
      40.60065
     ],
     [
      -3.95702,
      40.57459
     ],
     [
      -3.89647,
      40.55201
     ],
     [
      -3.72559,
      40.4953
     ],
     [
      -3.69496,
      40.48815
     ],
     [
      -3.68271,
      40.47395
     ],
     [
      -3.6917,
      40.44584
     ],
     [
      -3.6917,
      40.4225
     ],
     [
      -3.6886,
      40.40697
     ],
     [
      -3.68011,
      40.39572
     ],
     [
      -3.69412,
      40.39933
     ],
     [
      -3.71194,
      40.40204
     ],
     [
      -3.71933,
      40.42096
     ],
     [
      -3.66306,
      40.48468
     ],
     [
      -3.61642,
      40.48181
     ],
     [
      -3.59284,
      40.49243
     ]
    ]
   },
   "properties": {
    "lid": "130",
    "name": "C-10 Villalba - Príncipe Pío - Atocha - T4",
    "type": "Cercanías",
    "operator": "Renfe",
    "stroke": "#94297A",
    "stroke-width": 2,
    "stroke-opacity": 0.7,
    "total_sta": 18,
    "coords_sta": 17,
    "missing_coords": 1
   }
  },
  {
   "type": "Feature",
   "geometry": {
    "type": "LineString",
    "coordinates": [
     [
      -3.66705,
      40.48005
     ],
     [
      -3.67696,
      40.45712
     ],
     [
      -3.67653,
      40.4618
     ],
     [
      -3.70801,
      40.4846
     ],
     [
      -3.70916,
      40.49962
     ],
     [
      -3.63504,
      40.55438
     ],
     [
      -3.61155,
      40.55984
     ],
     [
      -3.60284,
      40.42356
     ],
     [
      -3.62299,
      40.42755
     ],
     [
      -3.63826,
      40.42317
     ],
     [
      -3.66354,
      40.43106
     ],
     [
      -3.67012,
      40.40781
     ],
     [
      -3.66967,
      40.4144
     ],
     [
      -3.68643,
      40.42046
     ],
     [
      -3.69493,
      40.41905
     ],
     [
      -3.70339,
      40.41694
     ],
     [
      -3.70458,
      40.41236
     ],
     [
      -3.69909,
      40.41229
     ],
     [
      -3.6886,
      40.40697
     ],
     [
      -3.6811,
      40.4043
     ],
     [
      -3.67488,
      40.4014
     ],
     [
      -3.67012,
      40.40781
     ],
     [
      -3.66135,
      40.41128
     ],
     [
      -3.65253,
      40.41033
     ],
     [
      -3.64185,
      40.40526
     ],
     [
      -3.60889,
      40.4042
     ],
     [
      -3.60355,
      40.40399
     ],
     [
      -3.62152,
      40.39991
     ],
     [
      -3.719,
      40.386
     ],
     [
      -3.61873,
      40.3722
     ],
     [
      -3.61258,
      40.36924
     ],
     [
      -3.59212,
      40.35999
     ]
    ]
   },
   "properties": {
    "lid": "131",
    "name": "Línea 1 Pinar de Chamartín - Valdecarros",
    "type": "Metro",
    "operator": "Metro de Madrid",
    "stroke": "#006F42",
    "stroke-width": 2,
    "stroke-opacity": 0.7,
    "total_sta": 34,
    "coords_sta": 32,
    "missing_coords": 2
   }
  },
  {
   "type": "Feature",
   "geometry": {
    "type": "LineString",
    "coordinates": [
     [
      -3.60284,
      40.42356
     ],
     [
      -3.62299,
      40.42755
     ],
     [
      -3.63826,
      40.42317
     ],
     [
      -3.66354,
      40.43106
     ],
     [
      -3.67012,
      40.40781
     ],
     [
      -3.66967,
      40.4144
     ],
     [
      -3.68643,
      40.42046
     ],
     [
      -3.69493,
      40.41905
     ],
     [
      -3.70941,
      40.41798
     ],
     [
      -3.70857,
      40.42043
     ],
     [
      -3.70739,
      40.42477
     ],
     [
      -3.70576,
      40.42977
     ],
     [
      -3.70449,
      40.43318
     ],
     [
      -3.70396,
      40.44678
     ]
    ]
   },
   "properties": {
    "lid": "132",
    "name": "Línea 2 Las Rosas - Cuatro Caminos",
    "type": "Metro",
    "operator": "Metro de Madrid",
    "stroke": "#FF0000",
    "stroke-width": 2,
    "stroke-opacity": 0.7,
    "total_sta": 16,
    "coords_sta": 14,
    "missing_coords": 2
   }
  },
  {
   "type": "Feature",
   "geometry": {
    "type": "LineString",
    "coordinates": [
     [
      -3.70969,
      40.31853
     ],
     [
      -3.77236,
      40.32809
     ],
     [
      -3.77677,
      40.3367
     ],
     [
      -3.75238,
      40.33462
     ],
     [
      -3.62133,
      40.37943
     ],
     [
      -3.708,
      40.379
     ],
     [
      -3.65919,
      40.39301
     ],
     [
      -3.65388,
      40.39162
     ],
     [
      -3.74129,
      40.39281
     ],
     [
      -3.73172,
      40.38864
     ],
     [
      -3.72318,
      40.38693
     ],
     [
      -3.69496,
      40.39144
     ],
     [
      -3.70289,
      40.40522
     ],
     [
      -3.70066,
      40.40845
     ],
     [
      -3.70339,
      40.41694
     ],
     [
      -3.70591,
      40.42029
     ],
     [
      -3.7133,
      40.42676
     ],
     [
      -3.71617,
      40.43073
     ],
     [
      -3.83677,
      40.47388
     ]
    ]
   },
   "properties": {
    "lid": "133",
    "name": "Línea 3 El Casar - Moncloa",
    "type": "Metro",
    "operator": "Metro de Madrid",
    "stroke": "#FFCC00",
    "stroke-width": 2,
    "stroke-opacity": 0.7,
    "total_sta": 19,
    "coords_sta": 19,
    "missing_coords": 0
   }
  },
  {
   "type": "Feature",
   "geometry": {
    "type": "LineString",
    "coordinates": [
     [
      -3.71617,
      40.43073
     ],
     [
      -3.70159,
      40.44159
     ],
     [
      -3.69926,
      40.43845
     ],
     [
      -3.69121,
      40.43799
     ],
     [
      -4.24807,
      40.52125
     ],
     [
      -3.6754,
      40.4294
     ],
     [
      -3.6762,
      40.4247
     ],
     [
      -3.66967,
      40.4144
     ],
     [
      -3.67472,
      40.43447
     ],
     [
      -3.6773,
      40.43765
     ],
     [
      -3.65618,
      40.45594
     ],
     [
      -3.64556,
      40.45924
     ],
     [
      -3.65212,
      40.47473
     ],
     [
      -3.63858,
      40.46982
     ],
     [
      -3.60805,
      40.44401
     ],
     [
      -3.57176,
      40.46791
     ],
     [
      -3.59284,
      40.49243
     ],
     [
      -3.66943,
      40.50834
     ],
     [
      -3.69599,
      40.50534
     ],
     [
      -3.69469,
      40.50097
     ],
     [
      -3.68216,
      40.50154
     ],
     [
      -3.6869,
      40.48345
     ],
     [
      -3.68271,
      40.47395
     ],
     [
      -3.66705,
      40.48005
     ]
    ]
   },
   "properties": {
    "lid": "134",
    "name": "Línea 4 Argüelles - Pinar de Chamartín",
    "type": "Metro",
    "operator": "Metro de Madrid",
    "stroke": "#A626AA",
    "stroke-width": 2,
    "stroke-opacity": 0.7,
    "total_sta": 24,
    "coords_sta": 24,
    "missing_coords": 0
   }
  },
  {
   "type": "Feature",
   "geometry": {
    "type": "LineString",
    "coordinates": [
     [
      -3.58797,
      40.45758
     ],
     [
      -3.5942,
      40.45338
     ],
     [
      -3.60805,
      40.44401
     ],
     [
      -3.62953,
      40.44637
     ],
     [
      -3.61712,
      40.44362
     ],
     [
      -3.62702,
      40.44088
     ],
     [
      -3.63774,
      40.43793
     ],
     [
      -3.66354,
      40.43106
     ],
     [
      -3.66871,
      40.42814
     ],
     [
      -3.6762,
      40.4247
     ],
     [
      -3.70831,
      40.41129
     ],
     [
      -3.70596,
      40.40407
     ],
     [
      -3.73172,
      40.38864
     ],
     [
      -3.72536,
      40.39253
     ],
     [
      -3.76828,
      40.39468
     ],
     [
      -3.76549,
      40.39073
     ],
     [
      -3.75106,
      40.38442
     ],
     [
      -3.74498,
      40.38782
     ],
     [
      -3.74004,
      40.38879
     ],
     [
      -3.86483,
      40.32171
     ],
     [
      -3.75312,
      40.40784
     ],
     [
      -3.76093,
      40.40349
     ]
    ]
   },
   "properties": {
    "lid": "135",
    "name": "Línea 5 Alameda de Osuna - Casa de Campo",
    "type": "Metro",
    "operator": "Metro de Madrid",
    "stroke": "#90CC00",
    "stroke-width": 2,
    "stroke-opacity": 0.7,
    "total_sta": 22,
    "coords_sta": 22,
    "missing_coords": 0
   }
  },
  {
   "type": "Feature",
   "geometry": {
    "type": "LineString",
    "coordinates": [
     [
      -3.74472,
      40.39923
     ],
     [
      -3.74129,
      40.39281
     ],
     [
      -3.73172,
      40.38864
     ],
     [
      -3.72318,
      40.38693
     ],
     [
      -3.71787,
      40.38536
     ],
     [
      -3.7056,
      40.38803
     ],
     [
      -3.69496,
      40.39144
     ],
     [
      -3.68841,
      40.39323
     ],
     [
      -3.68011,
      40.39572
     ],
     [
      -3.67488,
      40.4014
     ],
     [
      -3.67012,
      40.40781
     ],
     [
      -3.66967,
      40.4144
     ],
     [
      -3.66906,
      40.4222
     ],
     [
      -3.66871,
      40.42814
     ],
     [
      -3.67472,
      40.43447
     ],
     [
      -3.6773,
      40.43765
     ],
     [
      -3.68464,
      40.44432
     ],
     [
      -3.6917,
      40.44584
     ],
     [
      -3.70396,
      40.44678
     ],
     [
      -3.71317,
      40.44627
     ],
     [
      -3.60096,
      40.4338
     ],
     [
      -3.72642,
      40.4438
     ],
     [
      -3.83677,
      40.47388
     ],
     [
      -3.71617,
      40.43073
     ],
     [
      -3.71933,
      40.42096
     ],
     [
      -3.72713,
      40.41383
     ],
     [
      -3.73841,
      40.40999
     ],
     [
      -3.74527,
      40.4048
     ],
     [
      -3.74472,
      40.39923
     ]
    ]
   },
   "properties": {
    "lid": "136",
    "name": "Línea 6 Circular",
    "type": "Metro",
    "operator": "Metro de Madrid",
    "stroke": "#F37021",
    "stroke-width": 2,
    "stroke-opacity": 0.7,
    "total_sta": 29,
    "coords_sta": 29,
    "missing_coords": 0
   }
  },
  {
   "type": "Feature",
   "geometry": {
    "type": "LineString",
    "coordinates": [
     [
      -3.53451,
      40.41761
     ],
     [
      -3.52536,
      40.42337
     ],
     [
      -3.56196,
      40.42386
     ],
     [
      -3.60096,
      40.4338
     ],
     [
      -3.61712,
      40.44362
     ],
     [
      -3.62702,
      40.44088
     ],
     [
      -3.63774,
      40.43793
     ],
     [
      -3.64417,
      40.43503
     ],
     [
      -3.64815,
      40.43311
     ],
     [
      -3.64947,
      40.427
     ],
     [
      -3.64045,
      40.43031
     ],
     [
      -3.6521,
      40.43937
     ],
     [
      -3.6629,
      40.43931
     ],
     [
      -3.65618,
      40.45594
     ],
     [
      -3.64556,
      40.45924
     ],
     [
      -3.65212,
      40.47473
     ],
     [
      -3.63858,
      40.46982
     ],
     [
      -3.72559,
      40.4953
     ]
    ]
   },
   "properties": {
    "lid": "137",
    "name": "Línea 7 Hospital del Henares - Pitis",
    "type": "Metro",
    "operator": "Metro de Madrid",
    "stroke": "#FF6600",
    "stroke-width": 2,
    "stroke-opacity": 0.7,
    "total_sta": 19,
    "coords_sta": 18,
    "missing_coords": 1
   }
  },
  {
   "type": "Feature",
   "geometry": {
    "type": "LineString",
    "coordinates": [
     [
      -3.6917,
      40.44584
     ],
     [
      -3.69121,
      40.43799
     ],
     [
      -3.63858,
      40.46982
     ],
     [
      -3.57176,
      40.46791
     ],
     [
      -3.59284,
      40.49243
     ]
    ]
   },
   "properties": {
    "lid": "138",
    "name": "Línea 8 Nuevos Ministerios - Aeropuerto T4",
    "type": "Metro",
    "operator": "Metro de Madrid",
    "stroke": "#FF99CC",
    "stroke-width": 2,
    "stroke-opacity": 0.7,
    "total_sta": 5,
    "coords_sta": 5,
    "missing_coords": 0
   }
  },
  {
   "type": "Feature",
   "geometry": {
    "type": "LineString",
    "coordinates": [
     [
      -3.70916,
      40.49962
     ],
     [
      -3.70801,
      40.4846
     ],
     [
      -3.67653,
      40.4618
     ],
     [
      -3.67696,
      40.45712
     ],
     [
      -3.66705,
      40.48005
     ],
     [
      -3.67761,
      40.45133
     ],
     [
      -3.67846,
      40.44448
     ],
     [
      -3.6773,
      40.43765
     ],
     [
      -3.66906,
      40.4222
     ],
     [
      -3.67012,
      40.40781
     ],
     [
      -3.66967,
      40.4144
     ],
     [
      -3.67488,
      40.4014
     ],
     [
      -3.6886,
      40.40697
     ],
     [
      -3.70339,
      40.41694
     ],
     [
      -3.70596,
      40.40407
     ],
     [
      -3.7164,
      40.39745
     ],
     [
      -3.72536,
      40.39253
     ],
     [
      -3.76549,
      40.39073
     ],
     [
      -3.75106,
      40.38442
     ],
     [
      -3.59573,
      40.40124
     ],
     [
      -3.44752,
      40.30368
     ]
    ]
   },
   "properties": {
    "lid": "139",
    "name": "Línea 9 Paco de Lucía - Arganda del Rey",
    "type": "Metro",
    "operator": "Metro de Madrid",
    "stroke": "#990066",
    "stroke-width": 2,
    "stroke-opacity": 0.7,
    "total_sta": 21,
    "coords_sta": 21,
    "missing_coords": 0
   }
  },
  {
   "type": "Feature",
   "geometry": {
    "type": "LineString",
    "coordinates": [
     [
      -3.61155,
      40.55984
     ],
     [
      -3.62406,
      40.55091
     ],
     [
      -3.63504,
      40.55438
     ],
     [
      -3.64697,
      40.55022
     ],
     [
      -3.63805,
      40.54046
     ],
     [
      -3.63549,
      40.53203
     ],
     [
      -3.65852,
      40.52743
     ],
     [
      -3.66232,
      40.51516
     ],
     [
      -3.66943,
      40.50834
     ],
     [
      -3.69599,
      40.50534
     ],
     [
      -3.69469,
      40.50097
     ],
     [
      -3.68216,
      40.50154
     ],
     [
      -3.6869,
      40.48345
     ],
     [
      -3.68271,
      40.47395
     ],
     [
      -3.68966,
      40.46628
     ],
     [
      -3.69002,
      40.45948
     ],
     [
      -3.69073,
      40.45237
     ],
     [
      -3.6917,
      40.44584
     ],
     [
      -3.69121,
      40.43799
     ],
     [
      -3.69598,
      40.42741
     ],
     [
      -3.70109,
      40.42624
     ],
     [
      -3.71088,
      40.42345
     ],
     [
      -3.71933,
      40.42096
     ],
     [
      -3.73488,
      40.41651
     ],
     [
      -3.75312,
      40.40784
     ],
     [
      -3.76093,
      40.40349
     ],
     [
      -3.7748,
      40.39686
     ],
     [
      -3.78402,
      40.38371
     ],
     [
      -3.79197,
      40.3779
     ],
     [
      -3.80732,
      40.34977
     ],
     [
      -3.81202,
      40.34521
     ]
    ]
   },
   "properties": {
    "lid": "140",
    "name": "Línea 10 Hospital Infanta Sofía - Puerta del Sur",
    "type": "Metro",
    "operator": "Metro de Madrid",
    "stroke": "#006F42",
    "stroke-width": 2,
    "stroke-opacity": 0.7,
    "total_sta": 31,
    "coords_sta": 31,
    "missing_coords": 0
   }
  },
  {
   "type": "Feature",
   "geometry": {
    "type": "LineString",
    "coordinates": [
     [
      -3.71787,
      40.38536
     ],
     [
      -3.708,
      40.379
     ],
     [
      -3.86483,
      40.32171
     ],
     [
      -3.69439,
      40.36999
     ],
     [
      -3.71832,
      40.32418
     ],
     [
      -5.727,
      37.59012
     ],
     [
      -3.77766,
      40.3582
     ]
    ]
   },
   "properties": {
    "lid": "141",
    "name": "Línea 11 Plaza Elíptica - La Fortuna",
    "type": "Metro",
    "operator": "Metro de Madrid",
    "stroke": "#006F42",
    "stroke-width": 2,
    "stroke-opacity": 0.7,
    "total_sta": 7,
    "coords_sta": 7,
    "missing_coords": 0
   }
  },
  {
   "type": "Feature",
   "geometry": {
    "type": "LineString",
    "coordinates": [
     [
      -3.735,
      40.392
     ],
     [
      -3.70969,
      40.31853
     ],
     [
      -3.78717,
      40.28666
     ],
     [
      -3.81582,
      40.28585
     ],
     [
      -3.79828,
      40.28229
     ],
     [
      -3.79248,
      40.29672
     ],
     [
      -3.80745,
      40.28522
     ],
     [
      -3.83677,
      40.29674
     ],
     [
      -3.88226,
      40.33095
     ],
     [
      -3.86483,
      40.32171
     ],
     [
      -3.84283,
      40.34155
     ],
     [
      -3.87442,
      40.31631
     ],
     [
      -3.82078,
      40.3495
     ],
     [
      -3.83199,
      40.34994
     ],
     [
      -3.74811,
      40.34409
     ],
     [
      -3.81202,
      40.34521
     ]
    ]
   },
   "properties": {
    "lid": "142",
    "name": "Línea 12 Circular MetroSur",
    "type": "Metro",
    "operator": "Metro de Madrid",
    "stroke": "#006F42",
    "stroke-width": 2,
    "stroke-opacity": 0.7,
    "total_sta": 17,
    "coords_sta": 16,
    "missing_coords": 1
   }
  },
  {
   "type": "Feature",
   "geometry": {
    "type": "LineString",
    "coordinates": [
     [
      -3.70941,
      40.41798
     ],
     [
      -3.71933,
      40.42096
     ]
    ]
   },
   "properties": {
    "lid": "143",
    "name": "Ramal Ópera - Príncipe Pío",
    "type": "Metro",
    "operator": "Metro de Madrid",
    "stroke": "#FFFFFF",
    "stroke-width": 2,
    "stroke-opacity": 0.7,
    "total_sta": 2,
    "coords_sta": 2,
    "missing_coords": 0
   }
  },
  {
   "type": "Feature",
   "geometry": {
    "type": "LineString",
    "coordinates": [
     [
      -3.66705,
      40.48005
     ],
     [
      -3.66306,
      40.48468
     ],
     [
      -3.66122,
      40.48724
     ],
     [
      -3.65373,
      40.48536
     ],
     [
      -3.65138,
      40.48917
     ],
     [
      -3.65584,
      40.49367
     ],
     [
      -3.65844,
      40.4976
     ],
     [
      -3.6651,
      40.50546
     ],
     [
      -3.66943,
      40.50834
     ]
    ]
   },
   "properties": {
    "lid": "144",
    "name": "ML1 Pinar de Chamartín - Las Tablas",
    "type": "Tranvía",
    "operator": "Metro Ligero de Madrid",
    "stroke": "#003399",
    "stroke-width": 2,
    "stroke-opacity": 0.7,
    "total_sta": 9,
    "coords_sta": 9,
    "missing_coords": 0
   }
  },
  {
   "type": "Feature",
   "geometry": {
    "type": "LineString",
    "coordinates": [
     [
      -3.7748,
      40.39686
     ],
     [
      -3.7813,
      40.40228
     ],
     [
      -3.7845,
      40.40722
     ],
     [
      -3.78755,
      40.41043
     ],
     [
      -3.79259,
      40.41574
     ],
     [
      -3.79875,
      40.41929
     ],
     [
      -3.80459,
      40.42307
     ],
     [
      -3.80753,
      40.43059
     ],
     [
      -3.80161,
      40.43254
     ],
     [
      -3.79514,
      40.43344
     ],
     [
      -3.79304,
      40.43909
     ],
     [
      -3.79117,
      40.44482
     ]
    ]
   },
   "properties": {
    "lid": "145",
    "name": "ML2 Colonia Jardín - Aravaca",
    "type": "Tranvía",
    "operator": "Metro Ligero Oeste",
    "stroke": "#990066",
    "stroke-width": 2,
    "stroke-opacity": 0.7,
    "total_sta": 12,
    "coords_sta": 12,
    "missing_coords": 0
   }
  },
  {
   "type": "Feature",
   "geometry": {
    "type": "LineString",
    "coordinates": [
     [
      -3.7748,
      40.39686
     ],
     [
      -3.78399,
      40.39709
     ],
     [
      -3.78992,
      40.39526
     ],
     [
      -3.79568,
      40.39454
     ],
     [
      -5.95041,
      37.36777
     ],
     [
      -3.81674,
      40.39872
     ],
     [
      -3.83579,
      40.39794
     ],
     [
      -3.83807,
      40.3942
     ],
     [
      -3.84769,
      40.39502
     ],
     [
      -3.86433,
      40.39529
     ],
     [
      -3.87938,
      40.40197
     ],
     [
      -3.88008,
      40.40717
     ],
     [
      -3.88569,
      40.40564
     ],
     [
      -3.89264,
      40.40513
     ],
     [
      -3.89741,
      40.40594
     ],
     [
      -3.90401,
      40.40785
     ]
    ]
   },
   "properties": {
    "lid": "146",
    "name": "ML3 Colonia Jardín - Boadilla",
    "type": "Tranvía",
    "operator": "Metro Ligero Oeste",
    "stroke": "#FF6600",
    "stroke-width": 2,
    "stroke-opacity": 0.7,
    "total_sta": 16,
    "coords_sta": 16,
    "missing_coords": 0
   }
  },
  {
   "type": "Feature",
   "geometry": {
    "type": "LineString",
    "coordinates": [
     [
      -3.76238,
      40.24538
     ],
     [
      -3.76631,
      40.24596
     ],
     [
      -3.69901,
      40.43526
     ],
     [
      -3.77237,
      40.23471
     ],
     [
      -3.70929,
      40.41816
     ],
     [
      -3.70339,
      40.41694
     ],
     [
      -3.773,
      40.237
     ],
     [
      -3.66135,
      40.41128
     ],
     [
      -3.76936,
      40.24105
     ]
    ]
   },
   "properties": {
    "lid": "147",
    "name": "ML4 Tranvía de Parla",
    "type": "Tranvía",
    "operator": "Tranvía de Parla",
    "stroke": "#00A550",
    "stroke-width": 2,
    "stroke-opacity": 0.7,
    "total_sta": 13,
    "coords_sta": 9,
    "missing_coords": 4
   }
  },
  {
   "type": "Feature",
   "geometry": {
    "type": "LineString",
    "coordinates": [
     [
      2.02099,
      41.40994
     ],
     [
      2.07056,
      41.35752
     ],
     [
      2.10094,
      41.36424
     ],
     [
      2.14,
      41.37901
     ],
     [
      2.17008,
      41.38655
     ],
     [
      2.18091,
      41.39211
     ],
     [
      2.18692,
      41.41014
     ],
     [
      2.2491,
      41.44571
     ],
     [
      2.27221,
      41.46291
     ],
     [
      2.28686,
      41.46874
     ],
     [
      2.31042,
      41.47691
     ],
     [
      2.31981,
      41.47902
     ],
     [
      2.35492,
      41.48761
     ],
     [
      2.38983,
      41.50049
     ],
     [
      2.71646,
      41.63015
     ],
     [
      1.90683,
      41.52259
     ],
     [
      2.44552,
      41.53305
     ],
     [
      2.49837,
      41.5554
     ],
     [
      2.52602,
      41.56844
     ],
     [
      2.54942,
      41.57741
     ],
     [
      2.58115,
      41.58645
     ],
     [
      2.59404,
      41.59227
     ],
     [
      2.66657,
      41.61471
     ],
     [
      2.69361,
      41.62236
     ],
     [
      2.71646,
      41.63015
     ],
     [
      2.7414,
      41.64153
     ],
     [
      2.76901,
      41.67334
     ],
     [
      2.71948,
      41.70705
     ],
     [
      2.67338,
      41.77217
     ]
    ]
   },
   "properties": {
    "lid": "148",
    "name": "R1 Molins de Rei - Maçanet-Massanes",
    "type": "Rodalies",
    "operator": "Renfe",
    "stroke": "#63B5E5",
    "stroke-width": 2,
    "stroke-opacity": 0.7,
    "total_sta": 31,
    "coords_sta": 29,
    "missing_coords": 2
   }
  },
  {
   "type": "Feature",
   "geometry": {
    "type": "LineString",
    "coordinates": [
     [
      1.9794,
      41.27871
     ],
     [
      2.01035,
      41.30305
     ],
     [
      2.02743,
      41.30929
     ],
     [
      2.08926,
      41.33089
     ],
     [
      2.1072,
      41.34465
     ],
     [
      2.14,
      41.37901
     ],
     [
      2.16828,
      41.38944
     ],
     [
      2.18692,
      41.41014
     ],
     [
      2.19114,
      41.43663
     ],
     [
      2.18825,
      41.48405
     ],
     [
      2.19986,
      41.51043
     ],
     [
      2.21754,
      41.53347
     ],
     [
      2.24538,
      41.54972
     ],
     [
      2.29161,
      41.59965
     ]
    ]
   },
   "properties": {
    "lid": "149",
    "name": "R2 Castelldefels - Granollers Centre",
    "type": "Rodalies",
    "operator": "Renfe",
    "stroke": "#00A54F",
    "stroke-width": 2,
    "stroke-opacity": 0.7,
    "total_sta": 15,
    "coords_sta": 14,
    "missing_coords": 1
   }
  },
  {
   "type": "Feature",
   "geometry": {
    "type": "LineString",
    "coordinates": [
     [
      2.07347,
      41.30427
     ],
     [
      2.08926,
      41.33089
     ],
     [
      2.1072,
      41.34465
     ],
     [
      2.14,
      41.37901
     ],
     [
      2.16828,
      41.38944
     ],
     [
      2.18692,
      41.41014
     ],
     [
      2.19114,
      41.43663
     ],
     [
      2.18825,
      41.48405
     ],
     [
      2.19986,
      41.51043
     ],
     [
      2.21754,
      41.53347
     ],
     [
      2.24538,
      41.54972
     ],
     [
      2.29161,
      41.59965
     ],
     [
      2.29497,
      41.62985
     ],
     [
      2.35618,
      41.63642
     ],
     [
      2.4046,
      41.63791
     ],
     [
      2.49097,
      41.68565
     ],
     [
      2.53893,
      41.71796
     ],
     [
      2.56869,
      41.72649
     ],
     [
      2.63167,
      41.7479
     ],
     [
      2.67338,
      41.77217
     ]
    ]
   },
   "properties": {
    "lid": "150",
    "name": "R2 Nord Aeroport - Maçanet-Massanes",
    "type": "Rodalies",
    "operator": "Renfe",
    "stroke": "#00A54F",
    "stroke-width": 2,
    "stroke-opacity": 0.7,
    "total_sta": 21,
    "coords_sta": 20,
    "missing_coords": 1
   }
  },
  {
   "type": "Feature",
   "geometry": {
    "type": "LineString",
    "coordinates": [
     [
      1.52579,
      41.18608
     ],
     [
      1.57502,
      41.18956
     ],
     [
      1.60645,
      41.19246
     ],
     [
      1.63154,
      41.19476
     ],
     [
      1.6761,
      41.20421
     ],
     [
      1.73082,
      41.22018
     ],
     [
      1.80973,
      41.2392
     ],
     [
      1.9026,
      41.2543
     ],
     [
      1.9794,
      41.27871
     ],
     [
      2.01035,
      41.30305
     ],
     [
      2.02743,
      41.30929
     ],
     [
      2.08926,
      41.33089
     ],
     [
      2.1072,
      41.34465
     ],
     [
      2.14,
      41.37901
     ],
     [
      2.16828,
      41.38944
     ],
     [
      2.18556,
      41.38439
     ]
    ]
   },
   "properties": {
    "lid": "151",
    "name": "R2 Sud Sant Vicenç de Calders - Barcelona-Estació de França",
    "type": "Rodalies",
    "operator": "Renfe",
    "stroke": "#00A54F",
    "stroke-width": 2,
    "stroke-opacity": 0.7,
    "total_sta": 17,
    "coords_sta": 16,
    "missing_coords": 1
   }
  },
  {
   "type": "Feature",
   "geometry": {
    "type": "LineString",
    "coordinates": [
     [
      2.10094,
      41.36424
     ],
     [
      2.14,
      41.37901
     ],
     [
      2.16538,
      41.39254
     ],
     [
      2.18091,
      41.39211
     ],
     [
      2.18702,
      41.42262
     ],
     [
      2.19114,
      41.43663
     ],
     [
      2.17994,
      41.45922
     ],
     [
      2.18003,
      41.46993
     ],
     [
      2.18538,
      41.4839
     ],
     [
      2.19426,
      41.52172
     ],
     [
      2.20597,
      41.53646
     ],
     [
      2.22591,
      41.55604
     ],
     [
      2.27658,
      41.61124
     ],
     [
      2.29497,
      41.62985
     ],
     [
      2.28866,
      41.68449
     ],
     [
      2.27156,
      41.72089
     ],
     [
      2.24919,
      41.76072
     ],
     [
      2.22281,
      41.79941
     ],
     [
      2.24726,
      41.84189
     ],
     [
      2.26911,
      41.99986
     ],
     [
      2.25998,
      42.05214
     ],
     [
      2.24193,
      42.06467
     ],
     [
      2.21765,
      42.10483
     ],
     [
      2.19616,
      42.19551
     ],
     [
      2.16577,
      42.22165
     ],
     [
      2.16546,
      42.29919
     ],
     [
      2.09979,
      42.31431
     ],
     [
      2.01513,
      42.32075
     ],
     [
      1.92456,
      42.42937
     ]
    ]
   },
   "properties": {
    "lid": "152",
    "name": "R3 L'Hospitalet de Llobregat - Puigcerdà / Latour-de-Carol",
    "type": "Rodalies",
    "operator": "Renfe",
    "stroke": "#E30613",
    "stroke-width": 2,
    "stroke-opacity": 0.7,
    "total_sta": 36,
    "coords_sta": 29,
    "missing_coords": 7
   }
  },
  {
   "type": "Feature",
   "geometry": {
    "type": "LineString",
    "coordinates": [
     [
      1.52579,
      41.18608
     ],
     [
      1.53813,
      41.2209
     ],
     [
      1.60041,
      41.27367
     ],
     [
      1.66009,
      41.31459
     ],
     [
      1.70339,
      41.34462
     ],
     [
      1.79468,
      41.42033
     ],
     [
      1.86538,
      41.44862
     ],
     [
      1.87254,
      41.49773
     ],
     [
      1.9267,
      41.47909
     ],
     [
      1.96779,
      41.47328
     ],
     [
      2.00256,
      41.4355
     ],
     [
      2.02099,
      41.40994
     ],
     [
      2.07056,
      41.35752
     ],
     [
      2.10094,
      41.36424
     ],
     [
      2.14,
      41.37901
     ],
     [
      2.17008,
      41.38655
     ],
     [
      2.18091,
      41.39211
     ],
     [
      2.18702,
      41.42262
     ],
     [
      2.19114,
      41.43663
     ],
     [
      2.17994,
      41.45922
     ],
     [
      2.18003,
      41.46993
     ],
     [
      2.18538,
      41.4839
     ],
     [
      2.14762,
      41.49263
     ],
     [
      2.11825,
      41.51357
     ],
     [
      2.10517,
      41.52866
     ],
     [
      2.11589,
      41.54641
     ],
     [
      2.09655,
      41.56169
     ],
     [
      2.03974,
      41.56745
     ],
     [
      2.01426,
      41.56987
     ],
     [
      1.97399,
      41.56912
     ],
     [
      1.95707,
      41.56389
     ],
     [
      1.89392,
      41.60189
     ],
     [
      1.85477,
      41.64054
     ],
     [
      1.86232,
      41.66886
     ],
     [
      1.82663,
      41.72026
     ]
    ]
   },
   "properties": {
    "lid": "153",
    "name": "R4 Sant Vicenç de Calders - Manresa",
    "type": "Rodalies",
    "operator": "Renfe",
    "stroke": "#F17A24",
    "stroke-width": 2,
    "stroke-opacity": 0.7,
    "total_sta": 41,
    "coords_sta": 35,
    "missing_coords": 6
   }
  },
  {
   "type": "Feature",
   "geometry": {
    "type": "LineString",
    "coordinates": [
     [
      2.14952,
      41.37557
     ],
     [
      2.13937,
      41.36786
     ],
     [
      2.13017,
      41.36116
     ],
     [
      2.11707,
      41.35478
     ],
     [
      2.11036,
      41.36095
     ],
     [
      2.10248,
      41.35891
     ],
     [
      2.08451,
      41.35304
     ],
     [
      2.07056,
      41.35752
     ],
     [
      2.04295,
      41.34849
     ],
     [
      2.03528,
      41.35752
     ],
     [
      2.03161,
      41.3641
     ],
     [
      2.0239,
      41.3702
     ],
     [
      2.01238,
      41.3881
     ],
     [
      2.00494,
      41.39934
     ],
     [
      2.00157,
      41.40664
     ],
     [
      1.99557,
      41.42078
     ],
     [
      1.97309,
      41.44684
     ],
     [
      1.96256,
      41.45564
     ],
     [
      1.96779,
      41.47328
     ],
     [
      1.9267,
      41.47909
     ],
     [
      1.9186,
      41.48403
     ],
     [
      1.85477,
      41.64054
     ],
     [
      1.85031,
      41.60912
     ],
     [
      1.86232,
      41.66886
     ],
     [
      1.83302,
      41.73222
     ],
     [
      1.82663,
      41.72026
     ],
     [
      1.82663,
      41.72026
     ]
    ]
   },
   "properties": {
    "lid": "154",
    "name": "R5 Plaça d'Espanya - Manresa Baixador",
    "type": "Cercanías",
    "operator": "FGC",
    "stroke": "#00A69C",
    "stroke-width": 2,
    "stroke-opacity": 0.7,
    "total_sta": 29,
    "coords_sta": 27,
    "missing_coords": 2
   }
  },
  {
   "type": "Feature",
   "geometry": {
    "type": "LineString",
    "coordinates": [
     [
      2.14952,
      41.37557
     ],
     [
      2.13017,
      41.36116
     ],
     [
      2.10248,
      41.35891
     ],
     [
      2.04295,
      41.34849
     ],
     [
      1.9267,
      41.47909
     ],
     [
      1.9186,
      41.48403
     ],
     [
      1.85477,
      41.64054
     ],
     [
      1.85031,
      41.60912
     ],
     [
      1.86232,
      41.66886
     ],
     [
      1.83302,
      41.73222
     ],
     [
      1.82663,
      41.72026
     ],
     [
      1.82663,
      41.72026
     ]
    ]
   },
   "properties": {
    "lid": "155",
    "name": "R50 Plaça d'Espanya - Manresa (Semidirecto)",
    "type": "Cercanías",
    "operator": "FGC",
    "stroke": "#00A69C",
    "stroke-width": 2,
    "stroke-opacity": 0.7,
    "total_sta": 13,
    "coords_sta": 12,
    "missing_coords": 1
   }
  },
  {
   "type": "Feature",
   "geometry": {
    "type": "LineString",
    "coordinates": [
     [
      2.14952,
      41.37557
     ],
     [
      2.13937,
      41.36786
     ],
     [
      2.13017,
      41.36116
     ],
     [
      2.11707,
      41.35478
     ],
     [
      2.11036,
      41.36095
     ],
     [
      2.10248,
      41.35891
     ],
     [
      2.08451,
      41.35304
     ],
     [
      2.07056,
      41.35752
     ],
     [
      2.04295,
      41.34849
     ],
     [
      2.03528,
      41.35752
     ],
     [
      2.03161,
      41.3641
     ],
     [
      2.0239,
      41.3702
     ],
     [
      2.01238,
      41.3881
     ],
     [
      2.00494,
      41.39934
     ],
     [
      2.00157,
      41.40664
     ],
     [
      1.99557,
      41.42078
     ],
     [
      1.97309,
      41.44684
     ],
     [
      1.96256,
      41.45564
     ],
     [
      1.96779,
      41.47328
     ],
     [
      1.9267,
      41.47909
     ],
     [
      1.9186,
      41.48403
     ],
     [
      1.87254,
      41.49773
     ],
     [
      1.8125,
      41.50296
     ],
     [
      1.75441,
      41.52588
     ],
     [
      1.70851,
      41.52034
     ],
     [
      1.69535,
      41.52156
     ],
     [
      1.64138,
      41.57369
     ],
     [
      1.6298,
      41.57807
     ]
    ]
   },
   "properties": {
    "lid": "156",
    "name": "R6 Plaça d'Espanya - Igualada",
    "type": "Cercanías",
    "operator": "FGC",
    "stroke": "#582D81",
    "stroke-width": 2,
    "stroke-opacity": 0.7,
    "total_sta": 32,
    "coords_sta": 28,
    "missing_coords": 4
   }
  },
  {
   "type": "Feature",
   "geometry": {
    "type": "LineString",
    "coordinates": [
     [
      2.14952,
      41.37557
     ],
     [
      2.13017,
      41.36116
     ],
     [
      2.10248,
      41.35891
     ],
     [
      2.04295,
      41.34849
     ],
     [
      1.9267,
      41.47909
     ],
     [
      1.9186,
      41.48403
     ],
     [
      1.87254,
      41.49773
     ],
     [
      1.8125,
      41.50296
     ],
     [
      1.75441,
      41.52588
     ],
     [
      1.69535,
      41.52156
     ],
     [
      1.64138,
      41.57369
     ],
     [
      1.6298,
      41.57807
     ]
    ]
   },
   "properties": {
    "lid": "157",
    "name": "R60 Plaça d'Espanya - Igualada (Semidirecto)",
    "type": "Cercanías",
    "operator": "FGC",
    "stroke": "#582D81",
    "stroke-width": 2,
    "stroke-opacity": 0.7,
    "total_sta": 14,
    "coords_sta": 12,
    "missing_coords": 2
   }
  },
  {
   "type": "Feature",
   "geometry": {
    "type": "LineString",
    "coordinates": [
     [
      2.19114,
      41.43663
     ],
     [
      2.18538,
      41.4839
     ],
     [
      2.14762,
      41.49263
     ]
    ]
   },
   "properties": {
    "lid": "158",
    "name": "R7 Barcelona Sant Andreu - Cerdanyola Universitat",
    "type": "Rodalies",
    "operator": "Renfe",
    "stroke": "#F9BA15",
    "stroke-width": 2,
    "stroke-opacity": 0.7,
    "total_sta": 5,
    "coords_sta": 3,
    "missing_coords": 2
   }
  },
  {
   "type": "Feature",
   "geometry": {
    "type": "LineString",
    "coordinates": [
     [
      1.9267,
      41.47909
     ],
     [
      1.96779,
      41.47328
     ],
     [
      2.24538,
      41.54972
     ],
     [
      2.29161,
      41.59965
     ]
    ]
   },
   "properties": {
    "lid": "159",
    "name": "R8 Martorell Central - Granollers Centre",
    "type": "Rodalies",
    "operator": "Renfe",
    "stroke": "#94297A",
    "stroke-width": 2,
    "stroke-opacity": 0.7,
    "total_sta": 8,
    "coords_sta": 4,
    "missing_coords": 4
   }
  },
  {
   "type": "Feature",
   "geometry": {
    "type": "LineString",
    "coordinates": [
     [
      2.10094,
      41.36424
     ],
     [
      2.14,
      41.37901
     ],
     [
      2.17008,
      41.38655
     ],
     [
      2.18091,
      41.39211
     ],
     [
      2.18692,
      41.41014
     ],
     [
      2.23055,
      41.42433
     ],
     [
      2.2491,
      41.44571
     ],
     [
      2.27221,
      41.46291
     ],
     [
      2.28686,
      41.46874
     ],
     [
      2.31042,
      41.47691
     ],
     [
      2.31981,
      41.47902
     ],
     [
      2.35492,
      41.48761
     ],
     [
      2.38983,
      41.50049
     ],
     [
      1.90683,
      41.52259
     ],
     [
      2.44552,
      41.53305
     ],
     [
      2.49837,
      41.5554
     ],
     [
      2.52602,
      41.56844
     ],
     [
      2.54942,
      41.57741
     ],
     [
      2.58115,
      41.58645
     ],
     [
      2.59404,
      41.59227
     ],
     [
      2.66657,
      41.61471
     ],
     [
      2.69361,
      41.62236
     ],
     [
      2.71646,
      41.63015
     ],
     [
      2.7414,
      41.64153
     ],
     [
      2.76901,
      41.67334
     ],
     [
      2.71948,
      41.70705
     ],
     [
      2.67338,
      41.77217
     ],
     [
      2.74502,
      41.80748
     ],
     [
      2.80057,
      41.84116
     ],
     [
      2.81174,
      41.89616
     ],
     [
      2.17096,
      41.39502
     ],
     [
      2.87485,
      42.02732
     ],
     [
      2.9153,
      42.03698
     ],
     [
      2.95717,
      42.04749
     ],
     [
      2.96476,
      42.06828
     ],
     [
      2.96561,
      42.12222
     ],
     [
      2.97803,
      42.21637
     ],
     [
      2.96897,
      42.265
     ],
     [
      3.0863,
      42.32515
     ],
     [
      3.14916,
      42.3668
     ],
     [
      3.15418,
      42.407
     ],
     [
      3.15801,
      42.4248
     ]
    ]
   },
   "properties": {
    "lid": "160",
    "name": "RG1 L'Hospitalet de Llobregat - Figueres / Portbou",
    "type": "Rodalies",
    "operator": "Renfe",
    "stroke": "#A2CFEE",
    "stroke-width": 2,
    "stroke-opacity": 0.7,
    "total_sta": 43,
    "coords_sta": 42,
    "missing_coords": 1
   }
  },
  {
   "type": "Feature",
   "geometry": {
    "type": "LineString",
    "coordinates": [
     [
      0.63304,
      41.62073
     ],
     [
      0.68571,
      41.65425
     ],
     [
      0.72791,
      41.68736
     ],
     [
      0.763,
      41.7165
     ],
     [
      0.80557,
      41.75575
     ],
     [
      0.81469,
      41.78922
     ]
    ]
   },
   "properties": {
    "lid": "161",
    "name": "RL1 Lleida Pirineus - Balaguer",
    "type": "Rodalies",
    "operator": "FGC",
    "stroke": "#9E6B30",
    "stroke-width": 2,
    "stroke-opacity": 0.7,
    "total_sta": 6,
    "coords_sta": 6,
    "missing_coords": 0
   }
  },
  {
   "type": "Feature",
   "geometry": {
    "type": "LineString",
    "coordinates": [
     [
      0.63304,
      41.62073
     ],
     [
      0.68571,
      41.65425
     ],
     [
      0.72791,
      41.68736
     ],
     [
      0.763,
      41.7165
     ],
     [
      0.81469,
      41.78922
     ],
     [
      0.81205,
      41.82329
     ],
     [
      0.83263,
      41.86641
     ],
     [
      0.72791,
      41.68736
     ],
     [
      0.85252,
      41.93186
     ],
     [
      0.85155,
      42.00676
     ],
     [
      0.88287,
      42.05859
     ],
     [
      0.88808,
      42.10138
     ],
     [
      0.89243,
      42.14692
     ],
     [
      0.94046,
      42.20684
     ],
     [
      0.96616,
      42.24
     ]
    ]
   },
   "properties": {
    "lid": "162",
    "name": "RL2 Lleida Pirineus - La Pobla de Segur",
    "type": "Rodalies",
    "operator": "FGC",
    "stroke": "#A8862A",
    "stroke-width": 2,
    "stroke-opacity": 0.7,
    "total_sta": 16,
    "coords_sta": 15,
    "missing_coords": 1
   }
  },
  {
   "type": "Feature",
   "geometry": {
    "type": "LineString",
    "coordinates": [
     [
      0.63304,
      41.62073
     ],
     [
      0.7816,
      41.63175
     ],
     [
      0.89688,
      41.63195
     ],
     [
      0.93086,
      41.63592
     ],
     [
      0.96797,
      41.63738
     ],
     [
      1.01297,
      41.6326
     ],
     [
      1.07898,
      41.6464
     ],
     [
      1.13883,
      41.6503
     ],
     [
      1.27472,
      41.6737
     ]
    ]
   },
   "properties": {
    "lid": "163",
    "name": "RL3 Lleida Pirineus - Cervera de Segarra",
    "type": "Rodalies",
    "operator": "Renfe",
    "stroke": "#71A43B",
    "stroke-width": 2,
    "stroke-opacity": 0.7,
    "total_sta": 9,
    "coords_sta": 9,
    "missing_coords": 0
   }
  },
  {
   "type": "Feature",
   "geometry": {
    "type": "LineString",
    "coordinates": [
     [
      0.63304,
      41.62073
     ],
     [
      0.7816,
      41.63175
     ],
     [
      0.89688,
      41.63195
     ],
     [
      0.93086,
      41.63592
     ],
     [
      0.96797,
      41.63738
     ],
     [
      1.01297,
      41.6326
     ],
     [
      1.07898,
      41.6464
     ],
     [
      1.13883,
      41.6503
     ],
     [
      1.27472,
      41.6737
     ],
     [
      1.42063,
      41.65585
     ],
     [
      1.51519,
      41.73015
     ],
     [
      1.69858,
      41.73236
     ],
     [
      1.82663,
      41.72026
     ]
    ]
   },
   "properties": {
    "lid": "164",
    "name": "RL4 Lleida Pirineus - Manresa",
    "type": "Rodalies",
    "operator": "Renfe",
    "stroke": "#00763C",
    "stroke-width": 2,
    "stroke-opacity": 0.7,
    "total_sta": 16,
    "coords_sta": 13,
    "missing_coords": 3
   }
  },
  {
   "type": "Feature",
   "geometry": {
    "type": "LineString",
    "coordinates": [
     [
      1.25354,
      41.11122
     ],
     [
      1.15044,
      41.11288
     ],
     [
      1.09994,
      41.1606
     ]
    ]
   },
   "properties": {
    "lid": "165",
    "name": "RT1 Tarragona - Reus",
    "type": "Rodalies",
    "operator": "Renfe",
    "stroke": "#EFA6B2",
    "stroke-width": 2,
    "stroke-opacity": 0.7,
    "total_sta": 3,
    "coords_sta": 3,
    "missing_coords": 0
   }
  },
  {
   "type": "Feature",
   "geometry": {
    "type": "LineString",
    "coordinates": [
     [
      1.1558,
      41.0851
     ],
     [
      1.25354,
      41.11122
     ],
     [
      1.3733,
      41.13661
     ],
     [
      1.40571,
      41.14279
     ],
     [
      1.52579,
      41.18608
     ],
     [
      1.53813,
      41.2209
     ],
     [
      1.60041,
      41.27367
     ]
    ]
   },
   "properties": {
    "lid": "166",
    "name": "RT2 L'Arboç - Salou - Port Aventura",
    "type": "Rodalies",
    "operator": "Renfe",
    "stroke": "#D60928",
    "stroke-width": 2,
    "stroke-opacity": 0.7,
    "total_sta": 7,
    "coords_sta": 7,
    "missing_coords": 0
   }
  },
  {
   "type": "Feature",
   "geometry": {
    "type": "LineString",
    "coordinates": [
     [
      2.17008,
      41.38655
     ],
     [
      2.15798,
      41.39287
     ],
     [
      2.15215,
      41.39976
     ],
     [
      2.14281,
      41.39867
     ],
     [
      2.13615,
      41.39779
     ],
     [
      2.13087,
      41.39778
     ],
     [
      2.11141,
      41.40905
     ],
     [
      2.09692,
      41.42008
     ],
     [
      2.09166,
      41.42751
     ],
     [
      2.0732,
      41.44486
     ],
     [
      2.06835,
      41.45784
     ],
     [
      2.07824,
      41.46797
     ],
     [
      2.06191,
      41.46922
     ],
     [
      2.03737,
      41.47531
     ],
     [
      2.03346,
      41.52871
     ],
     [
      2.00758,
      41.5603
     ],
     [
      2.01905,
      41.56336
     ],
     [
      2.01608,
      41.5704
     ],
     [
      2.01335,
      41.5804
     ]
    ]
   },
   "properties": {
    "lid": "167",
    "name": "S1 Barcelona Plaça Catalunya - Terrassa Naciones Unides",
    "type": "Suburbano",
    "operator": "FGC",
    "stroke": "#F7A800",
    "stroke-width": 2,
    "stroke-opacity": 0.7,
    "total_sta": 21,
    "coords_sta": 19,
    "missing_coords": 2
   }
  },
  {
   "type": "Feature",
   "geometry": {
    "type": "LineString",
    "coordinates": [
     [
      2.17008,
      41.38655
     ],
     [
      2.15798,
      41.39287
     ],
     [
      2.15215,
      41.39976
     ],
     [
      2.14281,
      41.39867
     ],
     [
      2.13615,
      41.39779
     ],
     [
      2.13087,
      41.39778
     ],
     [
      2.11141,
      41.40905
     ],
     [
      2.09692,
      41.42008
     ],
     [
      2.09166,
      41.42751
     ],
     [
      2.0732,
      41.44486
     ],
     [
      2.06835,
      41.45784
     ],
     [
      2.07824,
      41.46797
     ],
     [
      2.07286,
      41.48129
     ],
     [
      1.83336,
      41.58876
     ],
     [
      2.09058,
      41.50084
     ],
     [
      2.10242,
      41.503
     ],
     [
      2.15215,
      41.39976
     ],
     [
      2.10875,
      41.54746
     ],
     [
      2.10028,
      41.55505
     ],
     [
      2.09655,
      41.56169
     ],
     [
      2.08991,
      41.57123
     ]
    ]
   },
   "properties": {
    "lid": "168",
    "name": "S2 Barcelona Plaça Catalunya - Sabadell Parc del Nord",
    "type": "Suburbano",
    "operator": "FGC",
    "stroke": "#B1CA5E",
    "stroke-width": 2,
    "stroke-opacity": 0.7,
    "total_sta": 24,
    "coords_sta": 21,
    "missing_coords": 3
   }
  },
  {
   "type": "Feature",
   "geometry": {
    "type": "LineString",
    "coordinates": [
     [
      2.14952,
      41.37557
     ],
     [
      2.13937,
      41.36786
     ],
     [
      2.13017,
      41.36116
     ],
     [
      2.11707,
      41.35478
     ],
     [
      2.11036,
      41.36095
     ],
     [
      2.10248,
      41.35891
     ],
     [
      2.08451,
      41.35304
     ],
     [
      2.07056,
      41.35752
     ],
     [
      2.04295,
      41.34849
     ],
     [
      2.03528,
      41.35752
     ],
     [
      2.0239,
      41.3702
     ],
     [
      2.03161,
      41.3641
     ],
     [
      1.99557,
      41.42078
     ],
     [
      2.01238,
      41.3881
     ],
     [
      2.00494,
      41.39934
     ]
    ]
   },
   "properties": {
    "lid": "169",
    "name": "S3 Plaça d'Espanya - Can Ros",
    "type": "Suburbano",
    "operator": "FGC",
    "stroke": "#99CD5D",
    "stroke-width": 2,
    "stroke-opacity": 0.7,
    "total_sta": 16,
    "coords_sta": 15,
    "missing_coords": 1
   }
  },
  {
   "type": "Feature",
   "geometry": {
    "type": "LineString",
    "coordinates": [
     [
      2.14952,
      41.37557
     ],
     [
      2.13937,
      41.36786
     ],
     [
      2.13017,
      41.36116
     ],
     [
      2.11707,
      41.35478
     ],
     [
      2.11036,
      41.36095
     ],
     [
      2.10248,
      41.35891
     ],
     [
      2.08451,
      41.35304
     ],
     [
      2.07056,
      41.35752
     ],
     [
      2.04295,
      41.34849
     ],
     [
      2.03528,
      41.35752
     ],
     [
      2.0239,
      41.3702
     ],
     [
      2.03161,
      41.3641
     ],
     [
      1.99557,
      41.42078
     ],
     [
      2.01238,
      41.3881
     ],
     [
      2.00494,
      41.39934
     ],
     [
      2.00157,
      41.40664
     ],
     [
      1.96256,
      41.45564
     ],
     [
      1.97309,
      41.44684
     ],
     [
      1.96779,
      41.47328
     ],
     [
      1.9267,
      41.47909
     ],
     [
      1.9186,
      41.48403
     ],
     [
      1.90683,
      41.52259
     ],
     [
      1.88791,
      41.54147
     ]
    ]
   },
   "properties": {
    "lid": "170",
    "name": "S4 Plaça d'Espanya - Olesa de Montserrat",
    "type": "Suburbano",
    "operator": "FGC",
    "stroke": "#E6613B",
    "stroke-width": 2,
    "stroke-opacity": 0.7,
    "total_sta": 24,
    "coords_sta": 23,
    "missing_coords": 1
   }
  },
  {
   "type": "Feature",
   "geometry": {
    "type": "LineString",
    "coordinates": [
     [
      2.14952,
      41.37557
     ],
     [
      2.13937,
      41.36786
     ],
     [
      2.13017,
      41.36116
     ],
     [
      2.11707,
      41.35478
     ],
     [
      2.11036,
      41.36095
     ],
     [
      2.10248,
      41.35891
     ],
     [
      2.08451,
      41.35304
     ],
     [
      2.07056,
      41.35752
     ],
     [
      2.04295,
      41.34849
     ],
     [
      2.03528,
      41.35752
     ],
     [
      2.0239,
      41.3702
     ],
     [
      2.03161,
      41.3641
     ],
     [
      1.99557,
      41.42078
     ],
     [
      2.01238,
      41.3881
     ],
     [
      2.00494,
      41.39934
     ],
     [
      2.00157,
      41.40664
     ],
     [
      1.96256,
      41.45564
     ],
     [
      1.97309,
      41.44684
     ],
     [
      1.96779,
      41.47328
     ],
     [
      1.9267,
      41.47909
     ],
     [
      1.9186,
      41.48403
     ]
    ]
   },
   "properties": {
    "lid": "171",
    "name": "S8 Plaça d'Espanya - Martorell Enllaç",
    "type": "Suburbano",
    "operator": "FGC",
    "stroke": "#64A3D7",
    "stroke-width": 2,
    "stroke-opacity": 0.7,
    "total_sta": 22,
    "coords_sta": 21,
    "missing_coords": 1
   }
  },
  {
   "type": "Feature",
   "geometry": {
    "type": "LineString",
    "coordinates": [
     [
      2.14952,
      41.37557
     ],
     [
      2.13937,
      41.36786
     ],
     [
      2.13017,
      41.36116
     ],
     [
      2.11707,
      41.35478
     ],
     [
      2.11036,
      41.36095
     ],
     [
      2.10248,
      41.35891
     ],
     [
      2.08451,
      41.35304
     ],
     [
      2.07056,
      41.35752
     ],
     [
      2.04295,
      41.34849
     ],
     [
      2.03528,
      41.35752
     ],
     [
      2.0239,
      41.3702
     ],
     [
      2.03161,
      41.3641
     ],
     [
      1.99557,
      41.42078
     ],
     [
      2.01238,
      41.3881
     ],
     [
      2.00494,
      41.39934
     ],
     [
      2.00157,
      41.40664
     ]
    ]
   },
   "properties": {
    "lid": "172",
    "name": "S9 Plaça d'Espanya - Quatre Camins",
    "type": "Suburbano",
    "operator": "FGC",
    "stroke": "#D66D99",
    "stroke-width": 2,
    "stroke-opacity": 0.7,
    "total_sta": 17,
    "coords_sta": 16,
    "missing_coords": 1
   }
  },
  {
   "type": "Feature",
   "geometry": {
    "type": "LineString",
    "coordinates": [
     [
      2.1072,
      41.34465
     ],
     [
      2.1072,
      41.34465
     ],
     [
      2.10248,
      41.35891
     ],
     [
      2.09987,
      41.36397
     ],
     [
      2.10274,
      41.36768
     ],
     [
      2.10983,
      41.36832
     ],
     [
      2.11663,
      41.36841
     ],
     [
      2.12861,
      41.3688
     ],
     [
      2.13333,
      41.37279
     ],
     [
      2.13791,
      41.37538
     ],
     [
      2.14952,
      41.37557
     ],
     [
      2.15457,
      41.37924
     ],
     [
      2.15889,
      41.38249
     ],
     [
      2.17008,
      41.38655
     ],
     [
      2.17331,
      41.38809
     ],
     [
      2.18091,
      41.39211
     ],
     [
      2.18627,
      41.395
     ],
     [
      2.18752,
      41.40221
     ],
     [
      2.18692,
      41.41014
     ],
     [
      2.18694,
      41.41604
     ],
     [
      2.18702,
      41.42262
     ],
     [
      2.18364,
      41.42978
     ],
     [
      2.19114,
      41.43663
     ],
     [
      2.19071,
      41.44313
     ],
     [
      2.19374,
      41.44877
     ],
     [
      2.19954,
      41.44995
     ],
     [
      2.20805,
      41.45108
     ],
     [
      2.21841,
      41.45167
     ]
    ]
   },
   "properties": {
    "lid": "173",
    "name": "L1 Hospital de Bellvitge - Fondo",
    "type": "Metro",
    "operator": "TMB",
    "stroke": "#E30613",
    "stroke-width": 2,
    "stroke-opacity": 0.7,
    "total_sta": 29,
    "coords_sta": 28,
    "missing_coords": 1
   }
  },
  {
   "type": "Feature",
   "geometry": {
    "type": "LineString",
    "coordinates": [
     [
      2.16943,
      41.37441
     ],
     [
      2.16327,
      41.37979
     ],
     [
      2.16828,
      41.38944
     ],
     [
      2.17552,
      41.39482
     ],
     [
      2.17945,
      41.40052
     ],
     [
      2.17388,
      41.40403
     ],
     [
      2.18252,
      41.40707
     ],
     [
      2.18692,
      41.41014
     ],
     [
      2.31007,
      41.98456
     ],
     [
      2.20073,
      41.41906
     ],
     [
      2.20977,
      41.42989
     ],
     [
      2.21757,
      41.43372
     ],
     [
      2.22786,
      41.43532
     ],
     [
      2.23369,
      41.44044
     ],
     [
      2.23805,
      41.44394
     ],
     [
      2.24422,
      41.44896
     ]
    ]
   },
   "properties": {
    "lid": "174",
    "name": "L2 Paral·lel - Badalona Pompeu Fabra",
    "type": "Metro",
    "operator": "TMB",
    "stroke": "#93278F",
    "stroke-width": 2,
    "stroke-opacity": 0.7,
    "total_sta": 18,
    "coords_sta": 16,
    "missing_coords": 2
   }
  },
  {
   "type": "Feature",
   "geometry": {
    "type": "LineString",
    "coordinates": [
     [
      2.11169,
      41.38424
     ],
     [
      2.11786,
      41.38581
     ],
     [
      2.12622,
      41.38794
     ],
     [
      2.13088,
      41.38413
     ],
     [
      2.13563,
      41.38182
     ],
     [
      2.14111,
      41.38147
     ],
     [
      2.14952,
      41.37557
     ],
     [
      2.16057,
      41.37498
     ],
     [
      2.16943,
      41.37441
     ],
     [
      2.17577,
      41.37667
     ],
     [
      2.17307,
      41.3814
     ],
     [
      2.17008,
      41.38655
     ],
     [
      2.16828,
      41.38944
     ],
     [
      2.15996,
      41.39596
     ],
     [
      2.15298,
      41.40206
     ],
     [
      2.15002,
      41.40616
     ],
     [
      2.14452,
      41.41191
     ],
     [
      2.14113,
      41.41754
     ],
     [
      2.1424,
      41.42491
     ],
     [
      2.14838,
      41.43554
     ],
     [
      2.15688,
      41.438
     ],
     [
      2.16644,
      41.44177
     ],
     [
      2.17578,
      41.44736
     ],
     [
      2.18416,
      41.44948
     ]
    ]
   },
   "properties": {
    "lid": "175",
    "name": "L3 Zona Universitària - Trinitat Nova",
    "type": "Metro",
    "operator": "TMB",
    "stroke": "#00A651",
    "stroke-width": 2,
    "stroke-opacity": 0.7,
    "total_sta": 25,
    "coords_sta": 24,
    "missing_coords": 1
   }
  },
  {
   "type": "Feature",
   "geometry": {
    "type": "LineString",
    "coordinates": [
     [
      2.18416,
      41.44948
     ],
     [
      2.1786,
      41.44385
     ],
     [
      2.17336,
      41.43701
     ],
     [
      2.1765,
      41.42503
     ],
     [
      2.17407,
      41.41608
     ],
     [
      2.16551,
      41.4121
     ],
     [
      2.16319,
      41.40627
     ],
     [
      2.16843,
      41.40009
     ],
     [
      2.17096,
      41.39502
     ],
     [
      2.16828,
      41.38944
     ],
     [
      2.17331,
      41.38809
     ],
     [
      2.17871,
      41.384
     ],
     [
      2.18548,
      41.38212
     ],
     [
      2.19348,
      41.38785
     ],
     [
      2.19204,
      41.3951
     ],
     [
      2.19765,
      41.39938
     ],
     [
      2.20328,
      41.40364
     ],
     [
      2.20911,
      41.40801
     ],
     [
      2.21668,
      41.41178
     ],
     [
      2.21609,
      41.41509
     ],
     [
      2.20971,
      41.42037
     ]
    ]
   },
   "properties": {
    "lid": "176",
    "name": "L4 Trinitat Nova - La Pau",
    "type": "Metro",
    "operator": "TMB",
    "stroke": "#FFC20E",
    "stroke-width": 2,
    "stroke-opacity": 0.7,
    "total_sta": 22,
    "coords_sta": 21,
    "missing_coords": 1
   }
  },
  {
   "type": "Feature",
   "geometry": {
    "type": "LineString",
    "coordinates": [
     [
      2.07055,
      41.3573
     ],
     [
      2.07922,
      41.35799
     ],
     [
      2.08433,
      41.36334
     ],
     [
      2.09152,
      41.36658
     ],
     [
      2.09976,
      41.37174
     ],
     [
      2.10712,
      41.37381
     ],
     [
      2.11204,
      41.3759
     ],
     [
      2.1184,
      41.37587
     ],
     [
      2.12893,
      41.37555
     ],
     [
      2.13791,
      41.37538
     ],
     [
      2.14111,
      41.38147
     ],
     [
      2.14496,
      41.38398
     ],
     [
      2.15054,
      41.38816
     ],
     [
      2.15996,
      41.39596
     ],
     [
      2.16843,
      41.40009
     ],
     [
      2.17388,
      41.40403
     ],
     [
      2.17598,
      41.41073
     ],
     [
      2.18101,
      41.41469
     ],
     [
      2.18702,
      41.42262
     ],
     [
      2.18129,
      41.42342
     ],
     [
      2.1765,
      41.42503
     ],
     [
      2.175,
      41.42959
     ],
     [
      2.16817,
      41.43046
     ],
     [
      2.16032,
      41.42969
     ],
     [
      2.15511,
      41.4244
     ],
     [
      2.14936,
      41.42166
     ],
     [
      2.1424,
      41.42491
     ]
    ]
   },
   "properties": {
    "lid": "177",
    "name": "L5 Cornellà Centre - Vall d'Hebron",
    "type": "Metro",
    "operator": "TMB",
    "stroke": "#1A479A",
    "stroke-width": 2,
    "stroke-opacity": 0.7,
    "total_sta": 27,
    "coords_sta": 27,
    "missing_coords": 0
   }
  },
  {
   "type": "Feature",
   "geometry": {
    "type": "LineString",
    "coordinates": [
     [
      2.17008,
      41.38655
     ],
     [
      2.15798,
      41.39287
     ],
     [
      2.15215,
      41.39976
     ],
     [
      2.14281,
      41.39867
     ],
     [
      2.13615,
      41.39779
     ],
     [
      2.13087,
      41.39778
     ]
    ]
   },
   "properties": {
    "lid": "178",
    "name": "L6 Barcelona Plaça Catalunya - Sarrià",
    "type": "Metro",
    "operator": "FGC",
    "stroke": "#492F91",
    "stroke-width": 2,
    "stroke-opacity": 0.7,
    "total_sta": 8,
    "coords_sta": 6,
    "missing_coords": 2
   }
  },
  {
   "type": "Feature",
   "geometry": {
    "type": "LineString",
    "coordinates": [
     [
      2.17008,
      41.38655
     ],
     [
      2.15798,
      41.39287
     ],
     [
      2.15215,
      41.39976
     ],
     [
      2.14744,
      41.40133
     ],
     [
      2.14304,
      41.40331
     ],
     [
      2.13914,
      41.40581
     ],
     [
      2.13716,
      41.40966
     ]
    ]
   },
   "properties": {
    "lid": "179",
    "name": "L7 Barcelona Plaça Catalunya - Avinguda Tibidabo",
    "type": "Metro",
    "operator": "FGC",
    "stroke": "#964F1A",
    "stroke-width": 2,
    "stroke-opacity": 0.7,
    "total_sta": 7,
    "coords_sta": 7,
    "missing_coords": 0
   }
  },
  {
   "type": "Feature",
   "geometry": {
    "type": "LineString",
    "coordinates": [
     [
      2.14952,
      41.37557
     ],
     [
      2.13937,
      41.36786
     ],
     [
      2.13017,
      41.36116
     ],
     [
      2.11707,
      41.35478
     ],
     [
      2.11036,
      41.36095
     ],
     [
      2.10248,
      41.35891
     ],
     [
      2.08451,
      41.35304
     ],
     [
      2.07056,
      41.35752
     ],
     [
      2.04295,
      41.34849
     ],
     [
      2.03528,
      41.35752
     ]
    ]
   },
   "properties": {
    "lid": "180",
    "name": "L8 Barcelona Plaça d'Espanya - Molí Nou",
    "type": "Metro",
    "operator": "FGC",
    "stroke": "#F37021",
    "stroke-width": 2,
    "stroke-opacity": 0.7,
    "total_sta": 11,
    "coords_sta": 10,
    "missing_coords": 1
   }
  },
  {
   "type": "Feature",
   "geometry": {
    "type": "LineString",
    "coordinates": [
     [
      2.18702,
      41.42262
     ],
     [
      2.19344,
      41.42976
     ],
     [
      2.20481,
      41.43613
     ],
     [
      2.21029,
      41.44447
     ],
     [
      2.21581,
      41.44684
     ],
     [
      2.21841,
      41.45167
     ],
     [
      2.2124,
      41.45476
     ],
     [
      2.20559,
      41.45946
     ],
     [
      2.19849,
      41.45768
     ]
    ]
   },
   "properties": {
    "lid": "181",
    "name": "L9 Nord La Sagrera - Can Zam",
    "type": "Metro",
    "operator": "TMB",
    "stroke": "#F47721",
    "stroke-width": 2,
    "stroke-opacity": 0.7,
    "total_sta": 9,
    "coords_sta": 9,
    "missing_coords": 0
   }
  },
  {
   "type": "Feature",
   "geometry": {
    "type": "LineString",
    "coordinates": [
     [
      2.11169,
      41.38424
     ],
     [
      2.1184,
      41.37587
     ],
     [
      2.11663,
      41.36841
     ],
     [
      2.11707,
      41.35478
     ],
     [
      2.12798,
      41.34181
     ],
     [
      2.11123,
      41.33357
     ],
     [
      2.10307,
      41.32898
     ],
     [
      2.09013,
      41.33167
     ],
     [
      2.09357,
      41.32184
     ],
     [
      2.08735,
      41.31671
     ],
     [
      2.07342,
      41.31132
     ],
     [
      2.07312,
      41.30383
     ],
     [
      2.07104,
      41.28826
     ]
    ]
   },
   "properties": {
    "lid": "182",
    "name": "L9 Sud Zona Universitària - Aeroport T1",
    "type": "Metro",
    "operator": "TMB",
    "stroke": "#F47721",
    "stroke-width": 2,
    "stroke-opacity": 0.7,
    "total_sta": 15,
    "coords_sta": 13,
    "missing_coords": 2
   }
  },
  {
   "type": "Feature",
   "geometry": {
    "type": "LineString",
    "coordinates": [
     [
      2.18702,
      41.42262
     ],
     [
      2.19344,
      41.42976
     ],
     [
      2.20481,
      41.43613
     ],
     [
      2.21755,
      41.4413
     ],
     [
      2.22458,
      41.44273
     ],
     [
      2.23369,
      41.44044
     ]
    ]
   },
   "properties": {
    "lid": "183",
    "name": "L10 Nord La Sagrera - Gorg",
    "type": "Metro",
    "operator": "TMB",
    "stroke": "#009EE0",
    "stroke-width": 2,
    "stroke-opacity": 0.7,
    "total_sta": 6,
    "coords_sta": 6,
    "missing_coords": 0
   }
  },
  {
   "type": "Feature",
   "geometry": {
    "type": "LineString",
    "coordinates": [
     [
      2.1184,
      41.37587
     ],
     [
      2.11663,
      41.36841
     ],
     [
      2.11707,
      41.35478
     ],
     [
      2.12429,
      41.36139
     ],
     [
      2.13301,
      41.36324
     ],
     [
      2.13874,
      41.36049
     ],
     [
      2.14216,
      41.35585
     ],
     [
      2.13312,
      41.32375
     ]
    ]
   },
   "properties": {
    "lid": "184",
    "name": "L10 Sud Collblanc - ZAL",
    "type": "Metro",
    "operator": "TMB",
    "stroke": "#F37021",
    "stroke-width": 2,
    "stroke-opacity": 0.7,
    "total_sta": 11,
    "coords_sta": 8,
    "missing_coords": 3
   }
  },
  {
   "type": "Feature",
   "geometry": {
    "type": "LineString",
    "coordinates": [
     [
      2.18416,
      41.44948
     ],
     [
      2.18495,
      41.45124
     ],
     [
      2.17994,
      41.45922
     ],
     [
      2.1746,
      41.46078
     ],
     [
      2.17311,
      41.46234
     ]
    ]
   },
   "properties": {
    "lid": "185",
    "name": "L11 Trinitat Nova - Can Cuiàs",
    "type": "Metro Ligero",
    "operator": "TMB",
    "stroke": "#B7D12A",
    "stroke-width": 2,
    "stroke-opacity": 0.7,
    "total_sta": 5,
    "coords_sta": 5,
    "missing_coords": 0
   }
  },
  {
   "type": "Feature",
   "geometry": {
    "type": "LineString",
    "coordinates": [
     [
      2.14323,
      41.39222
     ],
     [
      2.13653,
      41.39047
     ],
     [
      2.12622,
      41.38794
     ],
     [
      2.1216,
      41.38673
     ],
     [
      2.11786,
      41.38581
     ],
     [
      2.11169,
      41.38424
     ],
     [
      2.11487,
      41.38073
     ],
     [
      2.11204,
      41.3759
     ],
     [
      2.06625,
      41.35634
     ],
     [
      2.05892,
      41.36468
     ]
    ]
   },
   "properties": {
    "lid": "187",
    "name": "T1 Francesc Macià - Bon Viatge",
    "type": "Tranvía",
    "operator": "Tram",
    "stroke": "#009A51",
    "stroke-width": 2,
    "stroke-opacity": 0.7,
    "total_sta": 14,
    "coords_sta": 10,
    "missing_coords": 4
   }
  },
  {
   "type": "Feature",
   "geometry": {
    "type": "LineString",
    "coordinates": [
     [
      2.14323,
      41.39222
     ],
     [
      2.13653,
      41.39047
     ],
     [
      2.12622,
      41.38794
     ],
     [
      2.1216,
      41.38673
     ],
     [
      2.11786,
      41.38581
     ],
     [
      2.11169,
      41.38424
     ],
     [
      2.11487,
      41.38073
     ],
     [
      2.11204,
      41.3759
     ],
     [
      2.06625,
      41.35634
     ],
     [
      2.05892,
      41.36468
     ],
     [
      2.06293,
      41.36779
     ],
     [
      2.09166,
      41.42751
     ]
    ]
   },
   "properties": {
    "lid": "188",
    "name": "T2 Francesc Macià - Llevant-Les Planes",
    "type": "Tranvía",
    "operator": "Tram",
    "stroke": "#94C11F",
    "stroke-width": 2,
    "stroke-opacity": 0.7,
    "total_sta": 17,
    "coords_sta": 12,
    "missing_coords": 5
   }
  },
  {
   "type": "Feature",
   "geometry": {
    "type": "LineString",
    "coordinates": [
     [
      2.14323,
      41.39222
     ],
     [
      2.13653,
      41.39047
     ],
     [
      2.12622,
      41.38794
     ],
     [
      2.1216,
      41.38673
     ],
     [
      2.11786,
      41.38581
     ],
     [
      2.11169,
      41.38424
     ],
     [
      2.11487,
      41.38073
     ],
     [
      2.11204,
      41.3759
     ],
     [
      2.06625,
      41.35634
     ],
     [
      2.05278,
      41.37139
     ],
     [
      2.0669,
      41.37974
     ],
     [
      1.83336,
      41.58876
     ]
    ]
   },
   "properties": {
    "lid": "189",
    "name": "T3 Francesc Macià - Sant Feliu",
    "type": "Tranvía",
    "operator": "Tram",
    "stroke": "#00A89C",
    "stroke-width": 2,
    "stroke-opacity": 0.7,
    "total_sta": 19,
    "coords_sta": 12,
    "missing_coords": 7
   }
  },
  {
   "type": "Feature",
   "geometry": {
    "type": "LineString",
    "coordinates": [
     [
      2.19348,
      41.38785
     ],
     [
      2.18627,
      41.395
     ],
     [
      2.1869,
      41.39755
     ],
     [
      2.18752,
      41.40221
     ],
     [
      2.19151,
      41.40439
     ],
     [
      2.19826,
      41.40621
     ],
     [
      2.98933,
      42.17229
     ],
     [
      2.20911,
      41.40801
     ],
     [
      2.43625,
      41.52955
     ],
     [
      2.21668,
      41.41178
     ],
     [
      2.15996,
      41.39596
     ],
     [
      2.22621,
      41.41886
     ],
     [
      2.23055,
      41.42433
     ]
    ]
   },
   "properties": {
    "lid": "190",
    "name": "T4 Ciutadella - Estació de Sant Adrià",
    "type": "Tranvía",
    "operator": "Tram",
    "stroke": "#00A89C",
    "stroke-width": 2,
    "stroke-opacity": 0.7,
    "total_sta": 13,
    "coords_sta": 13,
    "missing_coords": 0
   }
  },
  {
   "type": "Feature",
   "geometry": {
    "type": "LineString",
    "coordinates": [
     [
      2.18752,
      41.40221
     ],
     [
      2.20539,
      41.53737
     ],
     [
      2.19351,
      41.40802
     ],
     [
      2.15798,
      41.39287
     ],
     [
      2.20971,
      41.42037
     ],
     [
      2.20971,
      41.42037
     ],
     [
      2.22195,
      41.42265
     ],
     [
      1.83336,
      41.58876
     ],
     [
      2.18252,
      41.40707
     ],
     [
      2.23369,
      41.44044
     ]
    ]
   },
   "properties": {
    "lid": "191",
    "name": "T5 Glòries - Gorg",
    "type": "Tranvía",
    "operator": "Tram",
    "stroke": "#91278F",
    "stroke-width": 2,
    "stroke-opacity": 0.7,
    "total_sta": 11,
    "coords_sta": 10,
    "missing_coords": 1
   }
  },
  {
   "type": "Feature",
   "geometry": {
    "type": "LineString",
    "coordinates": [
     [
      2.18752,
      41.40221
     ],
     [
      2.20539,
      41.53737
     ],
     [
      2.19351,
      41.40802
     ],
     [
      2.15798,
      41.39287
     ],
     [
      2.20971,
      41.42037
     ],
     [
      2.20971,
      41.42037
     ],
     [
      2.23055,
      41.42433
     ]
    ]
   },
   "properties": {
    "lid": "192",
    "name": "T6 Glòries - Estació de Sant Adrià",
    "type": "Tranvía",
    "operator": "Tram",
    "stroke": "#009EE0",
    "stroke-width": 2,
    "stroke-opacity": 0.7,
    "total_sta": 10,
    "coords_sta": 7,
    "missing_coords": 3
   }
  },
  {
   "type": "Feature",
   "geometry": {
    "type": "LineString",
    "coordinates": [
     [
      2.1371,
      41.40994
     ],
     [
      2.13492,
      41.41318
     ],
     [
      2.13405,
      41.41501
     ],
     [
      2.13269,
      41.41567
     ],
     [
      2.16822,
      41.38701
     ],
     [
      2.1311,
      41.41646
     ]
    ]
   },
   "properties": {
    "lid": "193",
    "name": "Tramvia Blau Plaça Kennedy - Funicular del Tibidabo",
    "type": "Tranvía Histórico",
    "operator": "TMB",
    "stroke": "#00519E",
    "stroke-width": 2,
    "stroke-opacity": 0.7,
    "total_sta": 6,
    "coords_sta": 6,
    "missing_coords": 0
   }
  },
  {
   "type": "Feature",
   "geometry": {
    "type": "LineString",
    "coordinates": [
     [
      2.16302,
      41.36875
     ],
     [
      2.16943,
      41.37441
     ]
    ]
   },
   "properties": {
    "lid": "194",
    "name": "Funicular de Montjuïc",
    "type": "Funicular",
    "operator": "TMB",
    "stroke": "#996633",
    "stroke-width": 2,
    "stroke-opacity": 0.7,
    "total_sta": 2,
    "coords_sta": 2,
    "missing_coords": 0
   }
  },
  {
   "type": "Feature",
   "geometry": {
    "type": "LineString",
    "coordinates": [
     [
      2.11141,
      41.40905
     ],
     [
      2.10574,
      41.41417
     ]
    ]
   },
   "properties": {
    "lid": "195",
    "name": "Funicular de Vallvidrera",
    "type": "Funicular",
    "operator": "FGC",
    "stroke": "#492F91",
    "stroke-width": 2,
    "stroke-opacity": 0.7,
    "total_sta": 2,
    "coords_sta": 2,
    "missing_coords": 0
   }
  },
  {
   "type": "Feature",
   "geometry": {
    "type": "LineString",
    "coordinates": [
     [
      1.86474,
      41.44816
     ],
     [
      1.86459,
      41.44059
     ]
    ]
   },
   "properties": {
    "lid": "196",
    "name": "Funicular de Gelida",
    "type": "Funicular",
    "operator": "FGC",
    "stroke": "#1A1A1A",
    "stroke-width": 2,
    "stroke-opacity": 0.7,
    "total_sta": 2,
    "coords_sta": 2,
    "missing_coords": 0
   }
  },
  {
   "type": "Feature",
   "geometry": {
    "type": "LineString",
    "coordinates": [
     [
      1.84922,
      41.61036
     ],
     [
      1.84331,
      41.61549
     ],
     [
      1.83634,
      41.59197
     ]
    ]
   },
   "properties": {
    "lid": "197",
    "name": "Cremallera de Montserrat",
    "type": "Cremallera",
    "operator": "FGC",
    "stroke": "#231F20",
    "stroke-width": 2,
    "stroke-opacity": 0.7,
    "total_sta": 3,
    "coords_sta": 3,
    "missing_coords": 0
   }
  },
  {
   "type": "Feature",
   "geometry": {
    "type": "LineString",
    "coordinates": [
     [
      2.17168,
      42.30862
     ],
     [
      2.17097,
      42.33449
     ],
     [
      2.16559,
      42.35138
     ],
     [
      2.15487,
      42.39727
     ]
    ]
   },
   "properties": {
    "lid": "198",
    "name": "Cremallera de Núria",
    "type": "Cremallera",
    "operator": "FGC",
    "stroke": "#0055A5",
    "stroke-width": 2,
    "stroke-opacity": 0.7,
    "total_sta": 5,
    "coords_sta": 4,
    "missing_coords": 1
   }
  },
  {
   "type": "Feature",
   "geometry": {
    "type": "LineString",
    "coordinates": [
     [
      -0.37719,
      39.46691
     ],
     [
      -0.39259,
      39.42233
     ],
     [
      -0.39532,
      39.40917
     ],
     [
      -0.39919,
      39.40007
     ],
     [
      -0.41494,
      39.36175
     ],
     [
      -0.37906,
      39.27928
     ],
     [
      -0.30799,
      39.2058
     ],
     [
      -0.26349,
      39.17794
     ],
     [
      -0.22614,
      39.07899
     ],
     [
      -0.21498,
      39.02621
     ],
     [
      -0.18006,
      38.97035
     ],
     [
      -0.16242,
      38.99022
     ]
    ]
   },
   "properties": {
    "lid": "199",
    "name": "C-1 Valencia-Nord - Gandia",
    "type": "Cercanías",
    "operator": "Renfe",
    "stroke": "#EC1C24",
    "stroke-width": 2,
    "stroke-opacity": 0.7,
    "total_sta": 12,
    "coords_sta": 12,
    "missing_coords": 0
   }
  },
  {
   "type": "Feature",
   "geometry": {
    "type": "LineString",
    "coordinates": [
     [
      -0.37719,
      39.46691
     ],
     [
      -0.39259,
      39.42233
     ],
     [
      -0.39532,
      39.40917
     ],
     [
      -0.39919,
      39.40007
     ],
     [
      -0.41494,
      39.36175
     ],
     [
      -0.42999,
      39.2842
     ],
     [
      -0.44093,
      39.19315
     ],
     [
      -0.45068,
      39.1532
     ],
     [
      -0.45455,
      39.12051
     ],
     [
      -0.52468,
      38.99225
     ],
     [
      -0.58651,
      38.96917
     ],
     [
      -0.68533,
      38.91134
     ],
     [
      -0.75309,
      38.87813
     ]
    ]
   },
   "properties": {
    "lid": "200",
    "name": "C-2 Valencia-Nord - Moixent",
    "type": "Cercanías",
    "operator": "Renfe",
    "stroke": "#00A650",
    "stroke-width": 2,
    "stroke-opacity": 0.7,
    "total_sta": 13,
    "coords_sta": 13,
    "missing_coords": 0
   }
  },
  {
   "type": "Feature",
   "geometry": {
    "type": "LineString",
    "coordinates": [
     [
      -0.37719,
      39.46691
     ],
     [
      -0.40262,
      39.45107
     ],
     [
      -0.43218,
      39.46257
     ],
     [
      -0.46374,
      39.46096
     ],
     [
      -0.56738,
      39.48567
     ],
     [
      -0.68627,
      39.49078
     ],
     [
      -0.72292,
      39.47105
     ],
     [
      -0.7874,
      39.4271
     ],
     [
      -1.13473,
      39.52175
     ]
    ]
   },
   "properties": {
    "lid": "201",
    "name": "C-3 Valencia-Nord - Utiel",
    "type": "Cercanías",
    "operator": "Renfe",
    "stroke": "#EC1C24",
    "stroke-width": 2,
    "stroke-opacity": 0.7,
    "total_sta": 9,
    "coords_sta": 9,
    "missing_coords": 0
   }
  },
  {
   "type": "Feature",
   "geometry": {
    "type": "LineString",
    "coordinates": [
     [
      -0.37719,
      39.46691
     ],
     [
      -0.33467,
      39.47007
     ],
     [
      -0.27141,
      39.67567
     ],
     [
      -0.32066,
      39.67941
     ],
     [
      -0.36577,
      39.75296
     ],
     [
      -0.43178,
      39.81256
     ],
     [
      -0.48235,
      39.84706
     ],
     [
      -0.49385,
      39.85453
     ],
     [
      -0.56939,
      39.91496
     ],
     [
      -0.5722,
      39.94728
     ]
    ]
   },
   "properties": {
    "lid": "202",
    "name": "C-5 Valencia-Nord - Caudiel",
    "type": "Cercanías",
    "operator": "Renfe",
    "stroke": "#1B1464",
    "stroke-width": 2,
    "stroke-opacity": 0.7,
    "total_sta": 10,
    "coords_sta": 10,
    "missing_coords": 0
   }
  },
  {
   "type": "Feature",
   "geometry": {
    "type": "LineString",
    "coordinates": [
     [
      -0.37719,
      39.46691
     ],
     [
      -0.33467,
      39.47007
     ],
     [
      -0.32371,
      39.52648
     ],
     [
      -0.32053,
      39.5431
     ],
     [
      -0.31812,
      39.55568
     ],
     [
      -0.3119,
      39.58819
     ],
     [
      -0.30966,
      39.58854
     ],
     [
      -0.27141,
      39.67567
     ],
     [
      -0.23965,
      39.71926
     ],
     [
      -0.21843,
      39.74876
     ],
     [
      -0.20296,
      39.76777
     ],
     [
      -0.19031,
      39.78278
     ],
     [
      -0.16236,
      39.82088
     ],
     [
      -0.15224,
      39.85297
     ],
     [
      -0.10405,
      39.8965
     ],
     [
      -0.09654,
      39.93296
     ],
     [
      -0.07676,
      39.95484
     ],
     [
      -0.00226,
      39.97506
     ]
    ]
   },
   "properties": {
    "lid": "203",
    "name": "C-6 Valencia-Nord - Castelló de la Plana",
    "type": "Cercanías",
    "operator": "Renfe",
    "stroke": "#92278F",
    "stroke-width": 2,
    "stroke-opacity": 0.7,
    "total_sta": 18,
    "coords_sta": 18,
    "missing_coords": 0
   }
  },
  {
   "type": "Feature",
   "geometry": {
    "type": "LineString",
    "coordinates": [
     [
      -0.4575,
      39.59073
     ],
     [
      -0.38961,
      39.54975
     ],
     [
      -0.46093,
      39.4361
     ],
     [
      -0.46467,
      39.36306
     ],
     [
      -0.52513,
      39.22739
     ],
     [
      -0.52366,
      39.11701
     ],
     [
      -0.05189,
      39.98817
     ]
    ]
   },
   "properties": {
    "lid": "204",
    "name": "L1 Bétera - Castelló",
    "type": "Metro",
    "operator": "Metrovalencia",
    "stroke": "#E61C10",
    "stroke-width": 2,
    "stroke-opacity": 0.7,
    "total_sta": 7,
    "coords_sta": 7,
    "missing_coords": 0
   }
  },
  {
   "type": "Feature",
   "geometry": {
    "type": "LineString",
    "coordinates": [
     [
      -0.59072,
      39.62259
     ],
     [
      -0.5842,
      39.59899
     ],
     [
      -0.56173,
      39.58233
     ],
     [
      -0.53595,
      39.56162
     ],
     [
      -0.44194,
      39.49889
     ],
     [
      -0.38621,
      39.47015
     ],
     [
      -0.47263,
      39.43168
     ]
    ]
   },
   "properties": {
    "lid": "205",
    "name": "L2 Llíria - Torrent Avinguda",
    "type": "Metro",
    "operator": "Metrovalencia",
    "stroke": "#9561A5",
    "stroke-width": 2,
    "stroke-opacity": 0.7,
    "total_sta": 7,
    "coords_sta": 7,
    "missing_coords": 0
   }
  },
  {
   "type": "Feature",
   "geometry": {
    "type": "LineString",
    "coordinates": [
     [
      -0.33087,
      39.58797
     ],
     [
      -0.3407,
      39.56175
     ],
     [
      -0.35163,
      39.52802
     ],
     [
      -0.3542,
      39.51222
     ],
     [
      -0.36235,
      39.48481
     ],
     [
      -0.52468,
      38.99225
     ],
     [
      -0.38621,
      39.47015
     ],
     [
      -0.40687,
      39.47076
     ],
     [
      -0.41812,
      39.47399
     ],
     [
      -0.47437,
      39.49219
     ]
    ]
   },
   "properties": {
    "lid": "206",
    "name": "L3 Rafelbunyol - Aeroport",
    "type": "Metro",
    "operator": "Metrovalencia",
    "stroke": "#EA118D",
    "stroke-width": 2,
    "stroke-opacity": 0.7,
    "total_sta": 11,
    "coords_sta": 10,
    "missing_coords": 1
   }
  },
  {
   "type": "Feature",
   "geometry": {
    "type": "LineString",
    "coordinates": [
     [
      -0.406,
      39.382
     ],
     [
      -0.415,
      39.512
     ],
     [
      -0.36746,
      39.48632
     ],
     [
      -0.36235,
      39.48481
     ],
     [
      -0.37414,
      39.48003
     ],
     [
      -0.43159,
      39.15229
     ]
    ]
   },
   "properties": {
    "lid": "207",
    "name": "L4 Mas del Rosari - Doctor Lluch",
    "type": "Tranvía",
    "operator": "Metrovalencia",
    "stroke": "#2251A2",
    "stroke-width": 2,
    "stroke-opacity": 0.7,
    "total_sta": 8,
    "coords_sta": 6,
    "missing_coords": 2
   }
  },
  {
   "type": "Feature",
   "geometry": {
    "type": "LineString",
    "coordinates": [
     [
      -0.33863,
      39.46486
     ],
     [
      -0.34313,
      39.46777
     ],
     [
      -0.35049,
      39.47033
     ],
     [
      -0.35754,
      39.47241
     ],
     [
      -0.52468,
      38.99225
     ],
     [
      -0.38621,
      39.47015
     ],
     [
      -0.40687,
      39.47076
     ],
     [
      -0.41812,
      39.47399
     ],
     [
      -0.45906,
      39.48962
     ],
     [
      -0.47437,
      39.49219
     ]
    ]
   },
   "properties": {
    "lid": "208",
    "name": "L5 Marítim - Aeroport",
    "type": "Metro",
    "operator": "Metrovalencia",
    "stroke": "#14A456",
    "stroke-width": 2,
    "stroke-opacity": 0.7,
    "total_sta": 11,
    "coords_sta": 10,
    "missing_coords": 1
   }
  },
  {
   "type": "Feature",
   "geometry": {
    "type": "LineString",
    "coordinates": [
     [
      -0.47263,
      39.43168
     ],
     [
      -0.46093,
      39.4361
     ],
     [
      -0.39777,
      39.45509
     ],
     [
      -0.4095,
      39.458
     ],
     [
      -0.38465,
      39.45936
     ],
     [
      -0.37928,
      39.4636
     ],
     [
      -0.36602,
      39.47311
     ],
     [
      -0.33863,
      39.46486
     ]
    ]
   },
   "properties": {
    "lid": "209",
    "name": "L7 Torrent Avinguda - Marítim",
    "type": "Metro",
    "operator": "Metrovalencia",
    "stroke": "#EA5912",
    "stroke-width": 2,
    "stroke-opacity": 0.7,
    "total_sta": 9,
    "coords_sta": 8,
    "missing_coords": 1
   }
  },
  {
   "type": "Feature",
   "geometry": {
    "type": "LineString",
    "coordinates": [
     [
      -0.35754,
      39.47241
     ],
     [
      -0.35871,
      39.49209
     ],
     [
      -0.36235,
      39.48481
     ],
     [
      -0.36602,
      39.47311
     ],
     [
      -0.52468,
      38.99225
     ],
     [
      -0.38621,
      39.47015
     ],
     [
      -0.40687,
      39.47076
     ],
     [
      -0.41812,
      39.47399
     ],
     [
      -0.55943,
      39.54331
     ]
    ]
   },
   "properties": {
    "lid": "210",
    "name": "L9 Alboraya Peris Aragó - Riba-roja de Túria",
    "type": "Metro",
    "operator": "Metrovalencia",
    "stroke": "#9A0033",
    "stroke-width": 2,
    "stroke-opacity": 0.7,
    "total_sta": 10,
    "coords_sta": 9,
    "missing_coords": 1
   }
  },
  {
   "type": "Feature",
   "geometry": {
    "type": "LineString",
    "coordinates": [
     [
      -0.49606,
      38.34498
     ],
     [
      -0.37777,
      39.46613
     ],
     [
      -0.36431,
      39.45784
     ],
     [
      -0.37146,
      39.44153
     ],
     [
      -0.35255,
      39.45576
     ],
     [
      -0.34718,
      39.45305
     ],
     [
      -0.3336,
      39.45005
     ]
    ]
   },
   "properties": {
    "lid": "211",
    "name": "L10 Alacant - Natzaret",
    "type": "Tranvía",
    "operator": "Metrovalencia",
    "stroke": "#90A2AE",
    "stroke-width": 2,
    "stroke-opacity": 0.7,
    "total_sta": 7,
    "coords_sta": 7,
    "missing_coords": 0
   }
  },
  {
   "type": "Feature",
   "geometry": {
    "type": "LineString",
    "coordinates": [
     [
      -0.49606,
      38.34498
     ],
     [
      -0.37777,
      39.46613
     ],
     [
      -0.36431,
      39.45784
     ],
     [
      -0.37146,
      39.44153
     ],
     [
      -0.35255,
      39.45576
     ],
     [
      -0.33467,
      39.47007
     ]
    ]
   },
   "properties": {
    "lid": "212",
    "name": "L11 Alacant - Canyamelar",
    "type": "Tranvía",
    "operator": "Metrovalencia",
    "stroke": "#D0964D",
    "stroke-width": 2,
    "stroke-opacity": 0.7,
    "total_sta": 7,
    "coords_sta": 6,
    "missing_coords": 1
   }
  },
  {
   "type": "Feature",
   "geometry": {
    "type": "LineString",
    "coordinates": [
     [
      -0.49606,
      38.34498
     ],
     [
      -0.37777,
      39.46613
     ],
     [
      -0.36431,
      39.45784
     ],
     [
      -0.37146,
      39.44153
     ],
     [
      -0.35255,
      39.45576
     ]
    ]
   },
   "properties": {
    "lid": "213",
    "name": "L12 Alacant - Ciutat de les Arts i les Ciències",
    "type": "Tranvía",
    "operator": "Metrovalencia",
    "stroke": "#00A99D",
    "stroke-width": 2,
    "stroke-opacity": 0.7,
    "total_sta": 5,
    "coords_sta": 5,
    "missing_coords": 0
   }
  },
  {
   "type": "Feature",
   "geometry": {
    "type": "LineString",
    "coordinates": [
     [
      -0.49062,
      38.34603
     ],
     [
      -0.48483,
      38.34816
     ],
     [
      -0.47567,
      38.35209
     ],
     [
      -0.473,
      38.34906
     ],
     [
      -0.43801,
      38.36545
     ],
     [
      -0.42865,
      38.37482
     ],
     [
      -0.40836,
      38.38859
     ],
     [
      -0.40669,
      38.39693
     ],
     [
      -0.4042,
      38.40513
     ],
     [
      -0.39732,
      38.41721
     ],
     [
      -0.39776,
      38.41602
     ],
     [
      -0.3969,
      38.42152
     ],
     [
      -0.39639,
      38.42665
     ],
     [
      -0.38261,
      38.43914
     ],
     [
      -0.37338,
      38.44482
     ],
     [
      -0.35373,
      38.45215
     ],
     [
      -0.36451,
      38.45014
     ],
     [
      -0.487,
      38.321
     ],
     [
      -0.39639,
      38.42665
     ],
     [
      -0.31536,
      38.47726
     ],
     [
      -0.23646,
      38.50603
     ],
     [
      -0.23169,
      38.51008
     ],
     [
      -0.21923,
      38.51358
     ],
     [
      -0.19882,
      38.53085
     ],
     [
      -0.17504,
      38.54066
     ],
     [
      -0.12339,
      38.54832
     ],
     [
      -0.13558,
      38.54828
     ]
    ]
   },
   "properties": {
    "lid": "214",
    "name": "L1 Luceros - Benidorm",
    "type": "Tren-Tram",
    "operator": "TRAM d'Alacant",
    "stroke": "#F37021",
    "stroke-width": 2,
    "stroke-opacity": 0.7,
    "total_sta": 32,
    "coords_sta": 27,
    "missing_coords": 5
   }
  },
  {
   "type": "Feature",
   "geometry": {
    "type": "LineString",
    "coordinates": [
     [
      -0.49062,
      38.34603
     ],
     [
      -0.48483,
      38.34816
     ],
     [
      -0.47567,
      38.35209
     ],
     [
      -0.47312,
      38.36023
     ],
     [
      -0.47951,
      38.36322
     ],
     [
      -0.49056,
      38.37658
     ]
    ]
   },
   "properties": {
    "lid": "215",
    "name": "L2 Luceros - Sant Vicent del Raspeig",
    "type": "Tranvía",
    "operator": "TRAM d'Alacant",
    "stroke": "#009639",
    "stroke-width": 2,
    "stroke-opacity": 0.7,
    "total_sta": 11,
    "coords_sta": 6,
    "missing_coords": 5
   }
  },
  {
   "type": "Feature",
   "geometry": {
    "type": "LineString",
    "coordinates": [
     [
      -0.49062,
      38.34603
     ],
     [
      -0.48483,
      38.34816
     ],
     [
      -0.47567,
      38.35209
     ],
     [
      -0.473,
      38.34906
     ],
     [
      -0.43801,
      38.36545
     ],
     [
      -0.42865,
      38.37482
     ],
     [
      -0.40836,
      38.38859
     ],
     [
      -0.40669,
      38.39693
     ],
     [
      -0.4042,
      38.40513
     ],
     [
      -0.39732,
      38.41721
     ],
     [
      -0.39776,
      38.41602
     ],
     [
      -0.3969,
      38.42152
     ],
     [
      -0.39639,
      38.42665
     ]
    ]
   },
   "properties": {
    "lid": "216",
    "name": "L3 Luceros - El Campello",
    "type": "Tranvía",
    "operator": "TRAM d'Alacant",
    "stroke": "#F2A900",
    "stroke-width": 2,
    "stroke-opacity": 0.7,
    "total_sta": 16,
    "coords_sta": 13,
    "missing_coords": 3
   }
  },
  {
   "type": "Feature",
   "geometry": {
    "type": "LineString",
    "coordinates": [
     [
      -0.49062,
      38.34603
     ],
     [
      -0.48483,
      38.34816
     ],
     [
      -0.47567,
      38.35209
     ],
     [
      -0.473,
      38.34906
     ],
     [
      -0.43801,
      38.36545
     ],
     [
      -0.42865,
      38.37482
     ]
    ]
   },
   "properties": {
    "lid": "217",
    "name": "L4 Luceros - Plaza de La Coruña",
    "type": "Tranvía",
    "operator": "TRAM d'Alacant",
    "stroke": "#009FE3",
    "stroke-width": 2,
    "stroke-opacity": 0.7,
    "total_sta": 11,
    "coords_sta": 6,
    "missing_coords": 5
   }
  },
  {
   "type": "Feature",
   "geometry": {
    "type": "LineString",
    "coordinates": [
     [
      -0.473,
      38.34906
     ],
     [
      -0.43801,
      38.36545
     ],
     [
      -0.42865,
      38.37482
     ]
    ]
   },
   "properties": {
    "lid": "218",
    "name": "L5 Porta del Mar - Plaza de La Coruña",
    "type": "Tranvía",
    "operator": "TRAM d'Alacant",
    "stroke": "#8D1743",
    "stroke-width": 2,
    "stroke-opacity": 0.7,
    "total_sta": 10,
    "coords_sta": 3,
    "missing_coords": 7
   }
  },
  {
   "type": "Feature",
   "geometry": {
    "type": "LineString",
    "coordinates": [
     [
      -0.13558,
      38.54828
     ],
     [
      -0.12339,
      38.54832
     ],
     [
      -0.10417,
      38.55942
     ],
     [
      -0.09296,
      38.56765
     ],
     [
      -0.0791,
      38.57474
     ],
     [
      -0.06955,
      38.56923
     ],
     [
      -0.05218,
      38.5959
     ],
     [
      -0.04792,
      38.60223
     ],
     [
      -0.03255,
      38.61265
     ],
     [
      -0.05218,
      38.5959
     ],
     [
      0.03291,
      38.64993
     ],
     [
      0.02326,
      38.67198
     ],
     [
      0.07646,
      38.71501
     ],
     [
      0.09797,
      38.72925
     ],
     [
      0.08739,
      38.77522
     ],
     [
      0.0638,
      38.82298
     ],
     [
      -0.10405,
      39.8965
     ],
     [
      -0.02647,
      38.86905
     ]
    ]
   },
   "properties": {
    "lid": "219",
    "name": "L9 Benidorm - Dénia",
    "type": "Regional",
    "operator": "TRAM d'Alacant",
    "stroke": "#7F7F7F",
    "stroke-width": 2,
    "stroke-opacity": 0.7,
    "total_sta": 19,
    "coords_sta": 18,
    "missing_coords": 1
   }
  },
  {
   "type": "Feature",
   "geometry": {
    "type": "LineString",
    "coordinates": [
     [
      -1.13346,
      37.97658
     ],
     [
      -0.99549,
      38.04715
     ],
     [
      -0.9498,
      38.08126
     ],
     [
      -0.87556,
      38.13675
     ],
     [
      -0.83835,
      38.16725
     ],
     [
      -0.78156,
      38.22451
     ],
     [
      -0.6951,
      38.27179
     ],
     [
      -0.58276,
      38.28965
     ],
     [
      -0.49606,
      38.34498
     ]
    ]
   },
   "properties": {
    "lid": "220",
    "name": "C-1 Murcia del Carmen - Alicante Terminal",
    "type": "Cercanías",
    "operator": "Renfe",
    "stroke": "#EC1C24",
    "stroke-width": 2,
    "stroke-opacity": 0.7,
    "total_sta": 9,
    "coords_sta": 9,
    "missing_coords": 0
   }
  },
  {
   "type": "Feature",
   "geometry": {
    "type": "LineString",
    "coordinates": [
     [
      -1.13346,
      37.97658
     ],
     [
      -1.20816,
      37.9665
     ],
     [
      -1.34728,
      37.88705
     ],
     [
      -1.41449,
      37.84935
     ],
     [
      -1.57478,
      37.86234
     ],
     [
      -1.68561,
      37.6807
     ],
     [
      -1.69632,
      37.67193
     ],
     [
      -1.7319,
      37.58099
     ],
     [
      -1.7495,
      37.3992
     ],
     [
      -1.6944,
      37.39464
     ],
     [
      -1.58607,
      37.41182
     ]
    ]
   },
   "properties": {
    "lid": "221",
    "name": "C-2 Murcia del Carmen - Águilas",
    "type": "Cercanías",
    "operator": "Renfe",
    "stroke": "#00A650",
    "stroke-width": 2,
    "stroke-opacity": 0.7,
    "total_sta": 13,
    "coords_sta": 11,
    "missing_coords": 2
   }
  },
  {
   "type": "Feature",
   "geometry": {
    "type": "LineString",
    "coordinates": [
     [
      -0.49606,
      38.34498
     ],
     [
      -0.6951,
      38.27179
     ],
     [
      -0.77755,
      38.40726
     ],
     [
      -0.8011,
      38.4849
     ],
     [
      -0.8142,
      38.54472
     ],
     [
      -0.86795,
      38.63227
     ]
    ]
   },
   "properties": {
    "lid": "222",
    "name": "C-3 Alicante-Terminal - San Vicente Centre",
    "type": "Cercanías",
    "operator": "Renfe",
    "stroke": "#EC1C24",
    "stroke-width": 2,
    "stroke-opacity": 0.7,
    "total_sta": 7,
    "coords_sta": 6,
    "missing_coords": 1
   }
  },
  {
   "type": "Feature",
   "geometry": {
    "type": "LineString",
    "coordinates": [
     [
      -1.16265,
      38.01253
     ],
     [
      -1.1304,
      37.98323
     ],
     [
      -1.18407,
      37.99741
     ],
     [
      -1.18659,
      37.99296
     ]
    ]
   },
   "properties": {
    "lid": "224",
    "name": "L1b Los Rectores Terra Natura - UCAM Gabarrón",
    "type": "Tranvía",
    "operator": "Tranvía de Murcia",
    "stroke": "#80B827",
    "stroke-width": 2,
    "stroke-opacity": 0.7,
    "total_sta": 5,
    "coords_sta": 4,
    "missing_coords": 1
   }
  },
  {
   "type": "Feature",
   "geometry": {
    "type": "LineString",
    "coordinates": [
     [
      -6.0952,
      36.91154
     ],
     [
      -5.94541,
      37.01851
     ],
     [
      -5.79024,
      37.18334
     ],
     [
      -5.92332,
      37.28722
     ],
     [
      -5.97582,
      37.36281
     ],
     [
      -5.9399,
      37.47994
     ],
     [
      -5.9329,
      37.48631
     ],
     [
      -5.86677,
      37.5461
     ],
     [
      -5.80325,
      37.57474
     ],
     [
      -5.727,
      37.59012
     ],
     [
      -5.53108,
      37.66129
     ]
    ]
   },
   "properties": {
    "lid": "225",
    "name": "C-1 Lora del Río - Lebrija",
    "type": "Cercanías",
    "operator": "Renfe",
    "stroke": "#EC1C24",
    "stroke-width": 2,
    "stroke-opacity": 0.7,
    "total_sta": 12,
    "coords_sta": 11,
    "missing_coords": 1
   }
  },
  {
   "type": "Feature",
   "geometry": {
    "type": "LineString",
    "coordinates": [
     [
      -6.00751,
      37.41728
     ],
     [
      -6.01012,
      37.40724
     ]
    ]
   },
   "properties": {
    "lid": "226",
    "name": "C-2 Sevilla - Cartuja",
    "type": "Cercanías",
    "operator": "Renfe",
    "stroke": "#00A650",
    "stroke-width": 2,
    "stroke-opacity": 0.7,
    "total_sta": 4,
    "coords_sta": 2,
    "missing_coords": 2
   }
  },
  {
   "type": "Feature",
   "geometry": {
    "type": "LineString",
    "coordinates": [
     [
      -5.9399,
      37.47994
     ],
     [
      -5.9329,
      37.48631
     ],
     [
      -5.86677,
      37.5461
     ],
     [
      -5.80325,
      37.57474
     ],
     [
      -5.727,
      37.59012
     ],
     [
      -5.7317,
      37.60929
     ],
     [
      -5.73101,
      37.63547
     ],
     [
      -5.71499,
      37.65825
     ],
     [
      -5.70425,
      37.9327
     ]
    ]
   },
   "properties": {
    "lid": "227",
    "name": "C-3 Sevilla - Cazalla/Constantina",
    "type": "Cercanías",
    "operator": "Renfe",
    "stroke": "#EC1C24",
    "stroke-width": 2,
    "stroke-opacity": 0.7,
    "total_sta": 10,
    "coords_sta": 9,
    "missing_coords": 1
   }
  },
  {
   "type": "Feature",
   "geometry": {
    "type": "LineString",
    "coordinates": [
     [
      -5.9364,
      37.40368
     ],
     [
      -5.93933,
      37.37082
     ],
     [
      -5.97582,
      37.36281
     ]
    ]
   },
   "properties": {
    "lid": "228",
    "name": "C-4 Circular",
    "type": "Cercanías",
    "operator": "Renfe",
    "stroke": "#92278F",
    "stroke-width": 2,
    "stroke-opacity": 0.7,
    "total_sta": 4,
    "coords_sta": 3,
    "missing_coords": 1
   }
  },
  {
   "type": "Feature",
   "geometry": {
    "type": "LineString",
    "coordinates": [
     [
      -5.964,
      37.33292
     ],
     [
      -5.97582,
      37.36281
     ],
     [
      -6.04078,
      37.41795
     ],
     [
      -6.05688,
      37.42666
     ],
     [
      -6.12013,
      37.42084
     ],
     [
      -6.14829,
      37.40722
     ],
     [
      -6.19374,
      37.38147
     ],
     [
      -6.20799,
      37.35711
     ]
    ]
   },
   "properties": {
    "lid": "229",
    "name": "C-5 Jardines de Hércules - Benacazón",
    "type": "Cercanías",
    "operator": "Renfe",
    "stroke": "#1B1464",
    "stroke-width": 2,
    "stroke-opacity": 0.7,
    "total_sta": 9,
    "coords_sta": 8,
    "missing_coords": 1
   }
  },
  {
   "type": "Feature",
   "geometry": {
    "type": "LineString",
    "coordinates": [
     [
      -6.05169,
      37.34926
     ],
     [
      -6.04678,
      37.35303
     ],
     [
      -6.03857,
      37.3617
     ],
     [
      -6.02515,
      37.36702
     ],
     [
      -6.01046,
      37.37322
     ],
     [
      -6.00476,
      37.37649
     ],
     [
      -5.99937,
      37.37925
     ],
     [
      -5.99436,
      37.38178
     ],
     [
      -5.97399,
      37.38299
     ],
     [
      -5.96674,
      37.38166
     ],
     [
      -5.95569,
      37.38074
     ],
     [
      -5.95266,
      37.37582
     ],
     [
      -5.95041,
      37.36777
     ],
     [
      -5.8501,
      37.23497
     ],
     [
      -5.94367,
      37.354
     ],
     [
      -5.93628,
      37.34656
     ],
     [
      -5.93461,
      37.34212
     ],
     [
      -5.93834,
      37.32941
     ]
    ]
   },
   "properties": {
    "lid": "230",
    "name": "Línea 1 Ciudad Expo - Olivar de Quintos",
    "type": "Metro",
    "operator": "Metro de Sevilla",
    "stroke": "#006F42",
    "stroke-width": 2,
    "stroke-opacity": 0.7,
    "total_sta": 20,
    "coords_sta": 18,
    "missing_coords": 2
   }
  },
  {
   "type": "Feature",
   "geometry": {
    "type": "LineString",
    "coordinates": [
     [
      -5.99304,
      37.38471
     ],
     [
      -5.99436,
      37.38178
     ],
     [
      -5.9734,
      37.38224
     ],
     [
      -5.97277,
      37.38381
     ]
    ]
   },
   "properties": {
    "lid": "231",
    "name": "Metrocentro (T1) Luis de Morales - Archivo de Indias",
    "type": "Tranvía",
    "operator": "TUSSAM",
    "stroke": "#EC1C24",
    "stroke-width": 2,
    "stroke-opacity": 0.7,
    "total_sta": 7,
    "coords_sta": 4,
    "missing_coords": 3
   }
  },
  {
   "type": "Feature",
   "geometry": {
    "type": "LineString",
    "coordinates": [
     [
      -4.45505,
      36.7009
     ],
     [
      -4.48311,
      36.69258
     ],
     [
      -4.49016,
      36.67775
     ],
     [
      -4.48033,
      36.65621
     ],
     [
      -4.4855,
      36.64475
     ],
     [
      -4.49237,
      36.64216
     ],
     [
      -4.49105,
      36.64341
     ],
     [
      -4.5095,
      36.61365
     ],
     [
      -4.51544,
      36.60989
     ],
     [
      -4.53652,
      36.59908
     ],
     [
      -4.56708,
      36.5823
     ],
     [
      -4.59388,
      36.57037
     ],
     [
      -4.60657,
      36.56497
     ],
     [
      -4.61459,
      36.55462
     ],
     [
      -4.62398,
      36.54181
     ]
    ]
   },
   "properties": {
    "lid": "232",
    "name": "C-1 Málaga Centro-Alameda - Fuengirola",
    "type": "Cercanías",
    "operator": "Renfe",
    "stroke": "#EC1C24",
    "stroke-width": 2,
    "stroke-opacity": 0.7,
    "total_sta": 17,
    "coords_sta": 15,
    "missing_coords": 2
   }
  },
  {
   "type": "Feature",
   "geometry": {
    "type": "LineString",
    "coordinates": [
     [
      -4.45505,
      36.7009
     ],
     [
      -4.47831,
      36.69851
     ],
     [
      -4.54554,
      36.70509
     ],
     [
      -4.60857,
      36.73386
     ],
     [
      -4.66477,
      36.7329
     ],
     [
      -4.712,
      36.76431
     ],
     [
      -4.6994,
      36.81971
     ]
    ]
   },
   "properties": {
    "lid": "233",
    "name": "C-2 Málaga Centro-Alameda - Álora",
    "type": "Cercanías",
    "operator": "Renfe",
    "stroke": "#00A650",
    "stroke-width": 2,
    "stroke-opacity": 0.7,
    "total_sta": 9,
    "coords_sta": 7,
    "missing_coords": 2
   }
  },
  {
   "type": "Feature",
   "geometry": {
    "type": "LineString",
    "coordinates": [
     [
      -4.49442,
      36.7188
     ],
     [
      -4.4887,
      36.71799
     ],
     [
      -4.48401,
      36.71733
     ],
     [
      -4.47858,
      36.71655
     ],
     [
      -6.20598,
      36.52948
     ],
     [
      -4.46338,
      36.71802
     ],
     [
      -4.45303,
      36.71935
     ],
     [
      -4.4491,
      36.71862
     ],
     [
      -4.44611,
      36.71169
     ],
     [
      -4.43243,
      36.7128
     ],
     [
      -4.4297,
      36.71599
     ],
     [
      -4.42351,
      36.7176
     ]
    ]
   },
   "properties": {
    "lid": "234",
    "name": "L1 Andalucía Tech - Atarazanas",
    "type": "Metro",
    "operator": "Metro de Málaga",
    "stroke": "#F37021",
    "stroke-width": 2,
    "stroke-opacity": 0.7,
    "total_sta": 12,
    "coords_sta": 12,
    "missing_coords": 0
   }
  },
  {
   "type": "Feature",
   "geometry": {
    "type": "LineString",
    "coordinates": [
     [
      -4.45831,
      36.68456
     ],
     [
      -4.45592,
      36.6918
     ],
     [
      -4.45131,
      36.69542
     ],
     [
      -4.44609,
      36.69953
     ],
     [
      -4.44031,
      36.70407
     ],
     [
      -4.05682,
      36.7467
     ],
     [
      -4.43243,
      36.7128
     ],
     [
      -4.4297,
      36.71599
     ]
    ]
   },
   "properties": {
    "lid": "235",
    "name": "L2 Palacio de los Deportes - Hospital Civil",
    "type": "Metro",
    "operator": "Metro de Málaga",
    "stroke": "#00AEEF",
    "stroke-width": 2,
    "stroke-opacity": 0.7,
    "total_sta": 8,
    "coords_sta": 8,
    "missing_coords": 0
   }
  },
  {
   "type": "Feature",
   "geometry": {
    "type": "LineString",
    "coordinates": [
     [
      -6.294,
      36.537
     ],
     [
      -6.28062,
      36.52139
     ],
     [
      -6.27696,
      36.5135
     ],
     [
      -6.27205,
      36.50292
     ],
     [
      -6.26811,
      36.49436
     ],
     [
      -6.19402,
      36.47588
     ],
     [
      -6.20688,
      36.46792
     ],
     [
      -6.1853,
      36.53083
     ],
     [
      -6.19845,
      36.54413
     ],
     [
      -6.21605,
      36.58471
     ],
     [
      -6.217,
      36.6042
     ],
     [
      -6.1261,
      36.67981
     ],
     [
      -6.06645,
      36.75123
     ]
    ]
   },
   "properties": {
    "lid": "236",
    "name": "C-1 Cádiz - Jerez de la Frontera",
    "type": "Cercanías",
    "operator": "Renfe",
    "stroke": "#EC1C24",
    "stroke-width": 2,
    "stroke-opacity": 0.7,
    "total_sta": 13,
    "coords_sta": 13,
    "missing_coords": 0
   }
  },
  {
   "type": "Feature",
   "geometry": {
    "type": "LineString",
    "coordinates": [
     [
      -6.19845,
      36.54413
     ],
     [
      -6.20598,
      36.52948
     ]
    ]
   },
   "properties": {
    "lid": "237",
    "name": "C-1a Las Aletas - Universidad",
    "type": "Cercanías",
    "operator": "Renfe",
    "stroke": "#00A650",
    "stroke-width": 2,
    "stroke-opacity": 0.7,
    "total_sta": 2,
    "coords_sta": 2,
    "missing_coords": 0
   }
  },
  {
   "type": "Feature",
   "geometry": {
    "type": "LineString",
    "coordinates": [
     [
      -6.1343,
      36.4087
     ],
     [
      -6.14317,
      36.41439
     ],
     [
      -6.14472,
      36.42054
     ],
     [
      -6.14451,
      36.44051
     ],
     [
      -6.17568,
      36.46653
     ],
     [
      -6.19108,
      36.46774
     ],
     [
      -6.19554,
      36.46625
     ],
     [
      -6.199,
      36.464
     ],
     [
      -6.20103,
      36.46048
     ],
     [
      -6.20352,
      36.45817
     ],
     [
      -6.20962,
      36.45594
     ],
     [
      -6.21599,
      36.45625
     ],
     [
      -6.22469,
      36.45753
     ],
     [
      -6.26811,
      36.49436
     ],
     [
      -6.27205,
      36.50292
     ],
     [
      -6.27696,
      36.5135
     ],
     [
      -6.28062,
      36.52139
     ],
     [
      -6.294,
      36.537
     ]
    ]
   },
   "properties": {
    "lid": "238",
    "name": "T1 TramBahía Cádiz - Chiclana",
    "type": "Tren-Tram",
    "operator": "Renfe",
    "stroke": "#F37021",
    "stroke-width": 2,
    "stroke-opacity": 0.7,
    "total_sta": 21,
    "coords_sta": 18,
    "missing_coords": 3
   }
  },
  {
   "type": "Feature",
   "geometry": {
    "type": "LineString",
    "coordinates": [
     [
      -3.65338,
      37.22811
     ],
     [
      -3.64573,
      37.2224
     ],
     [
      -3.63714,
      37.21428
     ],
     [
      -3.63416,
      37.21101
     ],
     [
      -3.63039,
      37.20713
     ],
     [
      -3.62441,
      37.20152
     ],
     [
      -3.61322,
      37.19999
     ],
     [
      -3.61549,
      37.19586
     ],
     [
      -3.61504,
      37.19201
     ],
     [
      -3.61469,
      37.18878
     ],
     [
      -3.60903,
      37.18641
     ],
     [
      -3.60832,
      37.18325
     ],
     [
      -6.20598,
      36.52948
     ],
     [
      -3.60978,
      37.17659
     ],
     [
      -3.60587,
      37.17015
     ],
     [
      -3.60244,
      37.16449
     ],
     [
      -3.59654,
      37.16073
     ],
     [
      -3.59544,
      37.15817
     ],
     [
      -3.59616,
      37.15114
     ],
     [
      -3.60093,
      37.14922
     ],
     [
      -3.6069,
      37.14901
     ],
     [
      -3.61404,
      37.14399
     ],
     [
      -3.62085,
      37.1475
     ],
     [
      -3.62715,
      37.14372
     ]
    ]
   },
   "properties": {
    "lid": "239",
    "name": "Línea 1 Albolote - Granada - Armilla",
    "type": "Metro",
    "operator": "Metro de Granada",
    "stroke": "#006F42",
    "stroke-width": 2,
    "stroke-opacity": 0.7,
    "total_sta": 24,
    "coords_sta": 24,
    "missing_coords": 0
   }
  },
  {
   "type": "Feature",
   "geometry": {
    "type": "LineString",
    "coordinates": [
     [
      -3.78879,
      37.77267
     ],
     [
      -3.7894,
      37.77665
     ],
     [
      -3.79104,
      37.77349
     ],
     [
      -3.775,
      37.785
     ],
     [
      -3.77971,
      37.79532
     ],
     [
      -3.76493,
      37.82378
     ]
    ]
   },
   "properties": {
    "lid": "240",
    "name": "Tranvía de Jaén",
    "type": "Tranvía",
    "operator": "(Pendiente de operación)",
    "stroke": "#A5A5A5",
    "stroke-width": 2,
    "stroke-opacity": 0.7,
    "total_sta": 8,
    "coords_sta": 6,
    "missing_coords": 2
   }
  },
  {
   "type": "Feature",
   "geometry": {
    "type": "LineString",
    "coordinates": [
     [
      -1.02049,
      41.72273
     ],
     [
      -0.99849,
      41.71092
     ],
     [
      -0.91139,
      41.65857
     ],
     [
      -0.8959,
      41.65274
     ],
     [
      -0.89134,
      41.64392
     ],
     [
      -0.86832,
      41.63319
     ]
    ]
   },
   "properties": {
    "lid": "241",
    "name": "C-1 Casetas - Zaragoza Miraflores",
    "type": "Cercanías",
    "operator": "Renfe",
    "stroke": "#EC1C24",
    "stroke-width": 2,
    "stroke-opacity": 0.7,
    "total_sta": 6,
    "coords_sta": 6,
    "missing_coords": 0
   }
  },
  {
   "type": "Feature",
   "geometry": {
    "type": "LineString",
    "coordinates": [
     [
      -0.86106,
      41.72169
     ],
     [
      -0.89084,
      41.67496
     ],
     [
      -2.47561,
      41.75535
     ],
     [
      -0.8825,
      41.64891
     ],
     [
      -0.88205,
      41.65725
     ],
     [
      -0.8839,
      41.65521
     ],
     [
      -3.71088,
      40.42345
     ],
     [
      -0.8825,
      41.65583
     ],
     [
      -0.8825,
      41.64891
     ],
     [
      -0.8825,
      41.64891
     ],
     [
      -0.92347,
      41.62129
     ],
     [
      -0.92264,
      41.61907
     ],
     [
      -0.93034,
      41.62292
     ],
     [
      -0.92998,
      41.62357
     ],
     [
      -0.92406,
      41.62076
     ],
     [
      -0.91855,
      41.62253
     ],
     [
      -0.93639,
      41.62503
     ]
    ]
   },
   "properties": {
    "lid": "242",
    "name": "L1 Mago de Oz - Avenida de la Academia",
    "type": "Tranvía",
    "operator": "Tranvías de Zaragoza",
    "stroke": "#00A550",
    "stroke-width": 2,
    "stroke-opacity": 0.7,
    "total_sta": 27,
    "coords_sta": 17,
    "missing_coords": 10
   }
  },
  {
   "type": "Feature",
   "geometry": {
    "type": "LineString",
    "coordinates": [
     [
      -5.67563,
      43.53773
     ],
     [
      -5.69716,
      43.53537
     ],
     [
      -5.72261,
      43.54176
     ],
     [
      -5.74625,
      43.52082
     ],
     [
      -5.78191,
      43.50482
     ],
     [
      -5.80007,
      43.4742
     ],
     [
      -5.82634,
      43.46151
     ],
     [
      -5.81581,
      43.44238
     ],
     [
      -5.81212,
      43.40437
     ],
     [
      -5.82714,
      43.38817
     ],
     [
      -5.85487,
      43.36636
     ],
     [
      -5.85738,
      43.3588
     ],
     [
      -5.87287,
      43.32913
     ],
     [
      -5.8693,
      43.31323
     ],
     [
      -5.85579,
      43.3064
     ],
     [
      -5.81794,
      43.29597
     ],
     [
      -5.81284,
      43.27667
     ],
     [
      -5.78239,
      43.25004
     ],
     [
      -5.78943,
      43.22067
     ],
     [
      -5.67945,
      43.29185
     ],
     [
      -5.81561,
      43.18324
     ],
     [
      -5.83113,
      43.15865
     ],
     [
      -5.47817,
      43.35509
     ],
     [
      -5.8164,
      43.11012
     ],
     [
      -5.76944,
      43.07168
     ]
    ]
   },
   "properties": {
    "lid": "243",
    "name": "C-1 Gijón - Puente de los Fierros",
    "type": "Cercanías",
    "operator": "Renfe",
    "stroke": "#EC1C24",
    "stroke-width": 2,
    "stroke-opacity": 0.7,
    "total_sta": 25,
    "coords_sta": 25,
    "missing_coords": 0
   }
  },
  {
   "type": "Feature",
   "geometry": {
    "type": "LineString",
    "coordinates": [
     [
      -5.85487,
      43.36636
     ],
     [
      -5.85738,
      43.3588
     ],
     [
      -5.87287,
      43.32913
     ],
     [
      -5.8693,
      43.31323
     ],
     [
      -5.85579,
      43.3064
     ],
     [
      -8.16108,
      43.4953
     ],
     [
      -5.77534,
      43.33169
     ],
     [
      -5.721,
      43.32126
     ],
     [
      -6.00656,
      43.3071
     ],
     [
      -5.69277,
      43.30481
     ],
     [
      -5.67945,
      43.29185
     ],
     [
      -5.64784,
      43.28681
     ],
     [
      -5.64519,
      43.28714
     ]
    ]
   },
   "properties": {
    "lid": "244",
    "name": "C-2 Oviedo - El Entrego",
    "type": "Cercanías",
    "operator": "Renfe",
    "stroke": "#00A650",
    "stroke-width": 2,
    "stroke-opacity": 0.7,
    "total_sta": 13,
    "coords_sta": 13,
    "missing_coords": 0
   }
  },
  {
   "type": "Feature",
   "geometry": {
    "type": "LineString",
    "coordinates": [
     [
      -5.85738,
      43.3588
     ],
     [
      -5.85487,
      43.36636
     ],
     [
      -5.82714,
      43.38817
     ],
     [
      -5.81212,
      43.40437
     ],
     [
      -5.81581,
      43.44238
     ],
     [
      -5.82634,
      43.46151
     ],
     [
      -5.86148,
      43.47606
     ],
     [
      -5.60145,
      43.37753
     ],
     [
      -5.86995,
      43.52344
     ],
     [
      -5.87422,
      43.55187
     ],
     [
      -5.89657,
      43.5543
     ],
     [
      -5.92296,
      43.56148
     ],
     [
      -5.92296,
      43.56148
     ],
     [
      -5.98243,
      43.58343
     ]
    ]
   },
   "properties": {
    "lid": "245",
    "name": "C-3 Llamaquique - San Juan de Nieva",
    "type": "Cercanías",
    "operator": "Renfe",
    "stroke": "#EC1C24",
    "stroke-width": 2,
    "stroke-opacity": 0.7,
    "total_sta": 14,
    "coords_sta": 14,
    "missing_coords": 0
   }
  },
  {
   "type": "Feature",
   "geometry": {
    "type": "LineString",
    "coordinates": [
     [
      -5.67563,
      43.53773
     ],
     [
      -5.69475,
      43.52856
     ],
     [
      -5.78443,
      43.25606
     ],
     [
      -5.72261,
      43.54176
     ],
     [
      -5.71772,
      43.55524
     ],
     [
      -5.8,
      43.57
     ],
     [
      -5.75407,
      43.58085
     ],
     [
      -5.77268,
      43.58458
     ],
     [
      -5.77268,
      43.58458
     ],
     [
      -5.79767,
      43.58049
     ],
     [
      -5.87451,
      43.55131
     ],
     [
      -5.87422,
      43.55187
     ],
     [
      -5.89657,
      43.5543
     ],
     [
      -5.92296,
      43.56148
     ],
     [
      -5.92296,
      43.56148
     ],
     [
      -5.92,
      43.56
     ],
     [
      -5.9325,
      43.54431
     ],
     [
      -5.95657,
      43.5704
     ],
     [
      -5.97549,
      43.55646
     ],
     [
      -5.99545,
      43.55114
     ],
     [
      -5.97154,
      43.55367
     ],
     [
      -6.07132,
      43.52936
     ],
     [
      -5.72655,
      43.5073
     ],
     [
      -6.10361,
      43.54889
     ],
     [
      -6.11062,
      43.49114
     ],
     [
      -6.15216,
      43.55091
     ]
    ]
   },
   "properties": {
    "lid": "246",
    "name": "C-4 Gijón - Cudillero",
    "type": "Cercanías AM",
    "operator": "Renfe",
    "stroke": "#92278F",
    "stroke-width": 2,
    "stroke-opacity": 0.7,
    "total_sta": 26,
    "coords_sta": 26,
    "missing_coords": 0
   }
  },
  {
   "type": "Feature",
   "geometry": {
    "type": "LineString",
    "coordinates": [
     [
      -5.67563,
      43.53773
     ],
     [
      -5.69475,
      43.52856
     ],
     [
      -5.72655,
      43.5073
     ],
     [
      -5.7196,
      43.48653
     ],
     [
      -5.72059,
      43.53817
     ],
     [
      -5.65917,
      43.43028
     ],
     [
      -5.7036,
      43.39402
     ],
     [
      -5.70247,
      43.38248
     ],
     [
      -5.69367,
      43.37128
     ],
     [
      -5.6806,
      43.36346
     ],
     [
      -5.65858,
      43.35845
     ],
     [
      -5.63438,
      43.35077
     ],
     [
      -5.63102,
      43.33826
     ],
     [
      -5.69277,
      43.30481
     ],
     [
      -5.67945,
      43.29185
     ],
     [
      -5.64784,
      43.28681
     ],
     [
      -5.65292,
      43.2891
     ],
     [
      -5.64519,
      43.28714
     ],
     [
      -5.78702,
      42.78412
     ],
     [
      -5.60484,
      43.27602
     ],
     [
      -5.59039,
      43.27088
     ],
     [
      -5.575,
      43.25985
     ],
     [
      -5.56233,
      43.24887
     ]
    ]
   },
   "properties": {
    "lid": "247",
    "name": "C-5 Gijón - Laviana",
    "type": "Cercanías AM",
    "operator": "Renfe",
    "stroke": "#1B1464",
    "stroke-width": 2,
    "stroke-opacity": 0.7,
    "total_sta": 25,
    "coords_sta": 23,
    "missing_coords": 2
   }
  },
  {
   "type": "Feature",
   "geometry": {
    "type": "LineString",
    "coordinates": [
     [
      -5.85487,
      43.36636
     ],
     [
      -5.82714,
      43.38817
     ],
     [
      -5.80874,
      43.38621
     ],
     [
      -5.79207,
      43.37949
     ],
     [
      -5.74855,
      43.38092
     ],
     [
      -5.72969,
      43.38174
     ],
     [
      -5.70247,
      43.38248
     ],
     [
      -5.67464,
      43.38669
     ],
     [
      -5.65694,
      43.39917
     ],
     [
      -5.60145,
      43.37753
     ],
     [
      -5.58266,
      43.38052
     ],
     [
      -5.54614,
      43.3751
     ],
     [
      -5.52525,
      43.3688
     ],
     [
      -5.50899,
      43.36119
     ],
     [
      -5.45111,
      43.35617
     ],
     [
      -5.43457,
      43.35537
     ],
     [
      -5.38416,
      43.35988
     ],
     [
      -5.36916,
      43.35191
     ],
     [
      -5.36066,
      43.34401
     ]
    ]
   },
   "properties": {
    "lid": "248",
    "name": "C-6 Oviedo - Infiesto",
    "type": "Cercanías AM",
    "operator": "Renfe",
    "stroke": "#92278F",
    "stroke-width": 2,
    "stroke-opacity": 0.7,
    "total_sta": 20,
    "coords_sta": 19,
    "missing_coords": 1
   }
  },
  {
   "type": "Feature",
   "geometry": {
    "type": "LineString",
    "coordinates": [
     [
      -5.85487,
      43.36636
     ],
     [
      -5.86482,
      43.3652
     ],
     [
      -5.86482,
      43.3652
     ],
     [
      -5.88327,
      43.3639
     ],
     [
      -5.89687,
      43.35968
     ],
     [
      -5.91779,
      43.35532
     ],
     [
      -5.96504,
      43.35647
     ],
     [
      -5.96758,
      43.34856
     ],
     [
      -6.06373,
      43.39443
     ],
     [
      -6.01017,
      43.38989
     ],
     [
      -6.04518,
      43.40293
     ],
     [
      -6.06373,
      43.39443
     ],
     [
      -6.0599,
      43.42559
     ],
     [
      -6.06579,
      43.43991
     ],
     [
      -6.07716,
      43.44886
     ],
     [
      -6.09706,
      43.46942
     ],
     [
      -6.11062,
      43.49114
     ],
     [
      -6.08201,
      43.51645
     ],
     [
      -6.11062,
      43.49114
     ]
    ]
   },
   "properties": {
    "lid": "249",
    "name": "C-7 Oviedo - San Esteban",
    "type": "Cercanías AM",
    "operator": "Renfe",
    "stroke": "#92278F",
    "stroke-width": 2,
    "stroke-opacity": 0.7,
    "total_sta": 20,
    "coords_sta": 19,
    "missing_coords": 1
   }
  },
  {
   "type": "Feature",
   "geometry": {
    "type": "LineString",
    "coordinates": [
     [
      -5.61211,
      43.15606
     ],
     [
      -5.81284,
      43.27667
     ],
     [
      -5.78239,
      43.25004
     ],
     [
      -5.78943,
      43.22067
     ],
     [
      -5.78236,
      43.21158
     ],
     [
      -5.78748,
      43.19809
     ],
     [
      -5.97154,
      43.55367
     ],
     [
      -5.75485,
      43.17602
     ],
     [
      -5.6975,
      43.22639
     ],
     [
      -5.68434,
      43.16588
     ],
     [
      -5.67665,
      43.16426
     ],
     [
      -5.62491,
      43.16078
     ],
     [
      -5.6007,
      43.15211
     ]
    ]
   },
   "properties": {
    "lid": "250",
    "name": "C-8 Baiña - Collanzo",
    "type": "Cercanías AM",
    "operator": "Renfe",
    "stroke": "#92278F",
    "stroke-width": 2,
    "stroke-opacity": 0.7,
    "total_sta": 16,
    "coords_sta": 13,
    "missing_coords": 3
   }
  },
  {
   "type": "Feature",
   "geometry": {
    "type": "LineString",
    "coordinates": [
     [
      -5.67563,
      43.53773
     ],
     [
      -5.69475,
      43.52856
     ],
     [
      -5.72655,
      43.5073
     ],
     [
      -5.7196,
      43.48653
     ],
     [
      -5.72059,
      43.53817
     ],
     [
      -5.65917,
      43.43028
     ],
     [
      -5.7036,
      43.39402
     ],
     [
      -5.70247,
      43.38248
     ],
     [
      -5.79207,
      43.37949
     ],
     [
      -5.80874,
      43.38621
     ],
     [
      -5.85487,
      43.36636
     ],
     [
      -5.86482,
      43.3652
     ],
     [
      -5.86482,
      43.3652
     ],
     [
      -5.88327,
      43.3639
     ],
     [
      -5.89687,
      43.35968
     ],
     [
      -5.91779,
      43.35532
     ],
     [
      -5.96504,
      43.35647
     ],
     [
      -5.96758,
      43.34856
     ]
    ]
   },
   "properties": {
    "lid": "251",
    "name": "C-9 Trubia - Gijón",
    "type": "Cercanías AM",
    "operator": "Renfe",
    "stroke": "#92278F",
    "stroke-width": 2,
    "stroke-opacity": 0.7,
    "total_sta": 20,
    "coords_sta": 18,
    "missing_coords": 2
   }
  },
  {
   "type": "Feature",
   "geometry": {
    "type": "LineString",
    "coordinates": [
     [
      -4.83032,
      43.2577
     ],
     [
      -4.82333,
      43.23822
     ]
    ]
   },
   "properties": {
    "lid": "252",
    "name": "Funicular de Bulnes",
    "type": "Funicular",
    "operator": "Alsa",
    "stroke": "#0051A2",
    "stroke-width": 2,
    "stroke-opacity": 0.7,
    "total_sta": 2,
    "coords_sta": 2,
    "missing_coords": 0
   }
  },
  {
   "type": "Feature",
   "geometry": {
    "type": "LineString",
    "coordinates": [
     [
      -3.81102,
      43.4583
     ],
     [
      -3.82781,
      43.45404
     ],
     [
      -3.84724,
      43.4444
     ],
     [
      -3.84413,
      43.42174
     ],
     [
      -3.84096,
      43.41612
     ],
     [
      -3.84153,
      43.4104
     ],
     [
      -3.85953,
      43.39154
     ],
     [
      -3.89424,
      43.37674
     ],
     [
      -3.94951,
      43.35305
     ],
     [
      -3.96487,
      43.36066
     ],
     [
      -3.991,
      43.34768
     ],
     [
      -4.02645,
      43.34179
     ],
     [
      -4.04246,
      43.32744
     ],
     [
      -4.05404,
      43.32439
     ],
     [
      -4.07311,
      43.29859
     ],
     [
      -4.06759,
      43.26581
     ],
     [
      -4.06397,
      43.25507
     ],
     [
      -4.05416,
      43.19323
     ],
     [
      -4.04995,
      43.18477
     ],
     [
      -4.04509,
      43.17011
     ],
     [
      -4.03906,
      43.14548
     ],
     [
      -3.43831,
      43.28441
     ],
     [
      -4.0825,
      43.12277
     ],
     [
      -4.07376,
      43.08225
     ],
     [
      -4.08421,
      43.05823
     ],
     [
      -4.13438,
      43.00076
     ],
     [
      -4.14103,
      42.99434
     ]
    ]
   },
   "properties": {
    "lid": "253",
    "name": "C-1 Santander - Reinosa",
    "type": "Cercanías",
    "operator": "Renfe",
    "stroke": "#EC1C24",
    "stroke-width": 2,
    "stroke-opacity": 0.7,
    "total_sta": 27,
    "coords_sta": 27,
    "missing_coords": 0
   }
  },
  {
   "type": "Feature",
   "geometry": {
    "type": "LineString",
    "coordinates": [
     [
      -3.81102,
      43.4583
     ],
     [
      -3.82781,
      43.45404
     ],
     [
      -3.84724,
      43.4444
     ],
     [
      -3.84413,
      43.42174
     ],
     [
      -3.84096,
      43.41612
     ],
     [
      -3.85953,
      43.39154
     ],
     [
      -3.89424,
      43.37674
     ],
     [
      -3.94951,
      43.35305
     ],
     [
      -3.96487,
      43.36066
     ],
     [
      -3.991,
      43.34768
     ],
     [
      -3.94632,
      43.43169
     ],
     [
      -4.05127,
      43.35104
     ],
     [
      -4.08772,
      43.35877
     ],
     [
      -4.1494,
      43.36115
     ],
     [
      -4.15565,
      43.34077
     ],
     [
      -4.17491,
      43.33881
     ],
     [
      -4.19355,
      43.32301
     ],
     [
      -4.21543,
      43.3153
     ],
     [
      -4.23176,
      43.30784
     ]
    ]
   },
   "properties": {
    "lid": "254",
    "name": "C-2 Santander - Cabezón de la Sal",
    "type": "Cercanías AM",
    "operator": "Renfe",
    "stroke": "#00A650",
    "stroke-width": 2,
    "stroke-opacity": 0.7,
    "total_sta": 19,
    "coords_sta": 19,
    "missing_coords": 0
   }
  },
  {
   "type": "Feature",
   "geometry": {
    "type": "LineString",
    "coordinates": [
     [
      -3.84724,
      43.4444
     ],
     [
      -3.84041,
      43.42746
     ],
     [
      -3.84096,
      43.41612
     ],
     [
      -3.8209,
      43.40396
     ],
     [
      -3.81489,
      43.39727
     ],
     [
      -3.80377,
      43.39373
     ],
     [
      -3.76655,
      43.40105
     ],
     [
      -3.73816,
      43.39942
     ],
     [
      -3.73145,
      43.38723
     ],
     [
      -3.70717,
      43.35061
     ],
     [
      -3.7418,
      43.34499
     ]
    ]
   },
   "properties": {
    "lid": "255",
    "name": "C-3 Santander - Liérganes",
    "type": "Cercanías AM",
    "operator": "Renfe",
    "stroke": "#EC1C24",
    "stroke-width": 2,
    "stroke-opacity": 0.7,
    "total_sta": 11,
    "coords_sta": 11,
    "missing_coords": 0
   }
  },
  {
   "type": "Feature",
   "geometry": {
    "type": "LineString",
    "coordinates": [
     [
      -2.9325,
      43.25647
     ],
     [
      -2.94313,
      43.25454
     ],
     [
      -2.94611,
      43.2586
     ],
     [
      -2.95527,
      43.26419
     ],
     [
      -2.97203,
      43.27771
     ],
     [
      -2.96982,
      43.29101
     ],
     [
      -2.98467,
      43.30053
     ],
     [
      -3.00569,
      43.30917
     ],
     [
      -3.00479,
      43.31281
     ],
     [
      -3.02074,
      43.31767
     ],
     [
      -3.02537,
      43.32197
     ],
     [
      -3.03039,
      43.32851
     ]
    ]
   },
   "properties": {
    "lid": "256",
    "name": "C-1 Bilbao Abando - Santurtzi",
    "type": "Cercanías",
    "operator": "Renfe",
    "stroke": "#EC1C24",
    "stroke-width": 2,
    "stroke-opacity": 0.7,
    "total_sta": 13,
    "coords_sta": 12,
    "missing_coords": 1
   }
  },
  {
   "type": "Feature",
   "geometry": {
    "type": "LineString",
    "coordinates": [
     [
      -2.9325,
      43.25647
     ],
     [
      -2.94313,
      43.25454
     ],
     [
      -2.94611,
      43.2586
     ],
     [
      -2.95527,
      43.26419
     ],
     [
      -2.97203,
      43.27771
     ],
     [
      -2.96982,
      43.29101
     ],
     [
      -2.98467,
      43.30053
     ],
     [
      -3.01018,
      43.3041
     ],
     [
      -3.01691,
      43.30298
     ],
     [
      -3.02846,
      43.30146
     ],
     [
      -3.04094,
      43.30752
     ],
     [
      -3.05369,
      43.30858
     ],
     [
      -3.06041,
      43.31149
     ],
     [
      -3.06744,
      43.31937
     ],
     [
      -3.09114,
      43.31559
     ],
     [
      -3.11219,
      43.32121
     ]
    ]
   },
   "properties": {
    "lid": "257",
    "name": "C-2 Bilbao Abando - Muskiz",
    "type": "Cercanías",
    "operator": "Renfe",
    "stroke": "#00A650",
    "stroke-width": 2,
    "stroke-opacity": 0.7,
    "total_sta": 17,
    "coords_sta": 16,
    "missing_coords": 1
   }
  },
  {
   "type": "Feature",
   "geometry": {
    "type": "LineString",
    "coordinates": [
     [
      -2.93052,
      43.25009
     ],
     [
      -2.92411,
      43.24012
     ],
     [
      -2.91641,
      43.24237
     ],
     [
      -2.88969,
      43.23679
     ],
     [
      -2.88689,
      43.22559
     ],
     [
      -2.88877,
      43.21008
     ],
     [
      -2.90283,
      43.1792
     ],
     [
      -2.90914,
      43.17691
     ],
     [
      -2.91815,
      43.16992
     ],
     [
      -2.92766,
      43.16323
     ],
     [
      -2.94354,
      43.14502
     ],
     [
      -2.9605,
      43.14225
     ],
     [
      -2.96961,
      43.13292
     ],
     [
      -2.99953,
      43.09354
     ],
     [
      -2.99619,
      43.05767
     ],
     [
      -3.00184,
      43.04886
     ],
     [
      -2.99945,
      43.0744
     ],
     [
      -2.97857,
      42.98457
     ],
     [
      -3.01598,
      42.99466
     ]
    ]
   },
   "properties": {
    "lid": "258",
    "name": "C-3 Bilbao Abando - Orduña",
    "type": "Cercanías",
    "operator": "Renfe",
    "stroke": "#EC1C24",
    "stroke-width": 2,
    "stroke-opacity": 0.7,
    "total_sta": 19,
    "coords_sta": 19,
    "missing_coords": 0
   }
  },
  {
   "type": "Feature",
   "geometry": {
    "type": "LineString",
    "coordinates": [
     [
      -2.94313,
      43.25454
     ],
     [
      -2.95322,
      43.25965
     ],
     [
      -2.97414,
      43.27399
     ],
     [
      -2.97268,
      43.26171
     ],
     [
      -2.97199,
      43.25544
     ],
     [
      -2.98991,
      43.24843
     ],
     [
      -3.01643,
      43.23336
     ],
     [
      -3.02489,
      43.22282
     ],
     [
      -3.05048,
      43.20205
     ],
     [
      -3.07164,
      43.20102
     ],
     [
      -3.08246,
      43.20599
     ],
     [
      -3.09533,
      43.20896
     ],
     [
      -3.10896,
      43.2105
     ],
     [
      -3.13333,
      43.21283
     ],
     [
      -3.13853,
      43.21095
     ],
     [
      -3.14487,
      43.20392
     ],
     [
      -3.15032,
      43.19989
     ],
     [
      -3.17052,
      43.20317
     ],
     [
      -3.18981,
      43.19654
     ],
     [
      -3.19746,
      43.19006
     ]
    ]
   },
   "properties": {
    "lid": "259",
    "name": "C-4 Bilbao La Concordia - Balmaseda-La Calzada",
    "type": "Cercanías AM",
    "operator": "Renfe",
    "stroke": "#92278F",
    "stroke-width": 2,
    "stroke-opacity": 0.7,
    "total_sta": 20,
    "coords_sta": 20,
    "missing_coords": 0
   }
  },
  {
   "type": "Feature",
   "geometry": {
    "type": "LineString",
    "coordinates": [
     [
      -2.92546,
      43.26903
     ],
     [
      -2.91995,
      43.26684
     ],
     [
      -2.92252,
      43.25672
     ],
     [
      -2.91372,
      43.26373
     ],
     [
      -2.90643,
      43.25916
     ],
     [
      -2.89869,
      43.25869
     ],
     [
      -2.89774,
      43.24387
     ],
     [
      -2.89774,
      43.24387
     ],
     [
      -2.87587,
      43.22762
     ],
     [
      -2.85419,
      43.22878
     ],
     [
      -2.82176,
      43.21774
     ],
     [
      -2.79761,
      43.20612
     ],
     [
      -2.77541,
      43.20714
     ],
     [
      -2.73646,
      43.21676
     ],
     [
      -2.73646,
      43.21676
     ],
     [
      -2.63455,
      43.1694
     ],
     [
      -2.61256,
      43.16527
     ],
     [
      -2.57443,
      43.16846
     ],
     [
      -2.54802,
      43.17163
     ],
     [
      -2.50117,
      43.18483
     ],
     [
      -2.50117,
      43.18483
     ],
     [
      -2.50117,
      43.18483
     ],
     [
      -2.48727,
      43.18069
     ],
     [
      -2.48026,
      43.18456
     ],
     [
      -2.46567,
      43.18711
     ],
     [
      -2.46567,
      43.18711
     ],
     [
      -2.45502,
      43.19039
     ],
     [
      -2.41583,
      43.2136
     ],
     [
      -2.41583,
      43.2136
     ],
     [
      -2.41583,
      43.2136
     ],
     [
      -2.3879,
      43.2522
     ],
     [
      -2.35555,
      43.29364
     ],
     [
      -2.26718,
      43.27895
     ],
     [
      -2.2518,
      43.29154
     ],
     [
      -2.17106,
      43.28421
     ],
     [
      -2.17106,
      43.28421
     ],
     [
      -2.12646,
      43.27421
     ],
     [
      -2.0354,
      43.2774
     ],
     [
      -2.00743,
      43.27876
     ],
     [
      -1.99463,
      43.29182
     ],
     [
      -2.0007,
      43.30243
     ],
     [
      -1.98153,
      43.31268
     ]
    ]
   },
   "properties": {
    "lid": "260",
    "name": "E1 Bilbao Matiko - Donostia Amara",
    "type": "Suburbano",
    "operator": "Euskotren",
    "stroke": "#005FA4",
    "stroke-width": 2,
    "stroke-opacity": 0.7,
    "total_sta": 42,
    "coords_sta": 42,
    "missing_coords": 0
   }
  },
  {
   "type": "Feature",
   "geometry": {
    "type": "LineString",
    "coordinates": [
     [
      -2.02026,
      43.27095
     ],
     [
      -2.00743,
      43.27876
     ],
     [
      -1.99463,
      43.29182
     ],
     [
      -2.0007,
      43.30243
     ],
     [
      -1.98153,
      43.31268
     ],
     [
      -1.97481,
      43.30226
     ],
     [
      -1.96796,
      43.31049
     ],
     [
      -1.95487,
      43.31423
     ],
     [
      -1.93671,
      43.31962
     ],
     [
      -1.91707,
      43.31898
     ],
     [
      -1.90644,
      43.31239
     ],
     [
      -1.89869,
      43.31101
     ],
     [
      -1.88885,
      43.30826
     ],
     [
      -1.87916,
      43.30862
     ],
     [
      -1.8576,
      43.32676
     ],
     [
      -1.81706,
      43.33036
     ],
     [
      -1.80058,
      43.33921
     ],
     [
      -1.80058,
      43.33921
     ],
     [
      -1.80058,
      43.33921
     ],
     [
      -1.79156,
      43.36803
     ]
    ]
   },
   "properties": {
    "lid": "261",
    "name": "E2 Lasarte - Donostia - Hendaia",
    "type": "Suburbano",
    "operator": "Euskotren",
    "stroke": "#1D70B8",
    "stroke-width": 2,
    "stroke-opacity": 0.7,
    "total_sta": 20,
    "coords_sta": 20,
    "missing_coords": 0
   }
  },
  {
   "type": "Feature",
   "geometry": {
    "type": "LineString",
    "coordinates": [
     [
      -2.89774,
      43.24387
     ],
     [
      -2.89869,
      43.25869
     ],
     [
      -2.90643,
      43.25916
     ],
     [
      -2.91372,
      43.26373
     ],
     [
      -2.92182,
      43.26017
     ],
     [
      -2.91995,
      43.26684
     ],
     [
      -2.92546,
      43.26903
     ],
     [
      -2.92823,
      43.29831
     ],
     [
      -2.92823,
      43.29831
     ],
     [
      -2.91581,
      43.29434
     ],
     [
      -2.90599,
      43.29444
     ],
     [
      -2.88744,
      43.29089
     ],
     [
      -2.87469,
      43.28673
     ],
     [
      -2.8652,
      43.28426
     ],
     [
      -2.84635,
      43.27659
     ],
     [
      -2.83578,
      43.27345
     ]
    ]
   },
   "properties": {
    "lid": "262",
    "name": "E3 Kukullaga - Lezama",
    "type": "Suburbano",
    "operator": "Euskotren",
    "stroke": "#8CB924",
    "stroke-width": 2,
    "stroke-opacity": 0.7,
    "total_sta": 16,
    "coords_sta": 16,
    "missing_coords": 0
   }
  },
  {
   "type": "Feature",
   "geometry": {
    "type": "LineString",
    "coordinates": [
     [
      -2.92546,
      43.26903
     ],
     [
      -2.91995,
      43.26684
     ],
     [
      -2.92182,
      43.26017
     ],
     [
      -2.91372,
      43.26373
     ],
     [
      -2.90643,
      43.25916
     ],
     [
      -2.89869,
      43.25869
     ],
     [
      -2.89774,
      43.24387
     ],
     [
      -2.89774,
      43.24387
     ],
     [
      -2.87587,
      43.22762
     ],
     [
      -2.85419,
      43.22878
     ],
     [
      -2.82176,
      43.21774
     ],
     [
      -2.79761,
      43.20612
     ],
     [
      -2.77541,
      43.20714
     ],
     [
      -2.73646,
      43.21676
     ],
     [
      -2.73499,
      43.22177
     ],
     [
      -2.68942,
      43.28679
     ],
     [
      -2.68942,
      43.28679
     ],
     [
      -2.67622,
      43.31396
     ],
     [
      -2.67367,
      43.33203
     ],
     [
      -2.69036,
      43.36796
     ],
     [
      -2.69367,
      43.39087
     ],
     [
      -2.69367,
      43.39087
     ],
     [
      -2.70104,
      43.40889
     ],
     [
      -2.72334,
      43.41787
     ]
    ]
   },
   "properties": {
    "lid": "263",
    "name": "E4 Matiko - Bermeo",
    "type": "Suburbano",
    "operator": "Euskotren",
    "stroke": "#009FE3",
    "stroke-width": 2,
    "stroke-opacity": 0.7,
    "total_sta": 24,
    "coords_sta": 24,
    "missing_coords": 0
   }
  },
  {
   "type": "Feature",
   "geometry": {
    "type": "LineString",
    "coordinates": [
     [
      -1.98153,
      43.31268
     ],
     [
      -1.97481,
      43.30226
     ],
     [
      -1.96796,
      43.31049
     ],
     [
      -1.95487,
      43.31423
     ],
     [
      -1.93671,
      43.31962
     ],
     [
      -1.93108,
      43.31636
     ]
    ]
   },
   "properties": {
    "lid": "264",
    "name": "E5 Amara - Altza",
    "type": "Suburbano",
    "operator": "Euskotren",
    "stroke": "#7BB1BA",
    "stroke-width": 2,
    "stroke-opacity": 0.7,
    "total_sta": 6,
    "coords_sta": 6,
    "missing_coords": 0
   }
  },
  {
   "type": "Feature",
   "geometry": {
    "type": "LineString",
    "coordinates": [
     [
      -2.67969,
      42.87621
     ],
     [
      -2.69036,
      43.36796
     ],
     [
      -2.68121,
      42.87379
     ],
     [
      -2.68028,
      42.8695
     ],
     [
      -2.68496,
      42.85893
     ],
     [
      -2.67622,
      43.31396
     ],
     [
      -2.66917,
      42.85667
     ],
     [
      -2.67993,
      42.84803
     ],
     [
      -2.67933,
      42.84645
     ],
     [
      -2.66768,
      42.84341
     ],
     [
      -2.66677,
      42.83867
     ],
     [
      -2.48727,
      43.18069
     ]
    ]
   },
   "properties": {
    "lid": "265",
    "name": "Eje Abetxuko-Unibertsitatea",
    "type": "Tranvía",
    "operator": "Euskotren Tranbia",
    "stroke": "#009639",
    "stroke-width": 2,
    "stroke-opacity": 0.7,
    "total_sta": 16,
    "coords_sta": 12,
    "missing_coords": 4
   }
  },
  {
   "type": "Feature",
   "geometry": {
    "type": "LineString",
    "coordinates": [
     [
      -2.6793,
      42.8435
     ],
     [
      -2.69854,
      42.86621
     ],
     [
      -2.69862,
      42.86419
     ],
     [
      -2.68471,
      42.85311
     ],
     [
      -2.68471,
      42.85819
     ],
     [
      -2.66917,
      42.85667
     ],
     [
      -2.67993,
      42.84803
     ],
     [
      -2.67933,
      42.84645
     ],
     [
      -2.66768,
      42.84341
     ],
     [
      -2.65785,
      42.84324
     ],
     [
      -2.65091,
      42.84354
     ],
     [
      -2.64983,
      42.84572
     ],
     [
      -2.65071,
      42.85044
     ]
    ]
   },
   "properties": {
    "lid": "266",
    "name": "Eje Ibaiondo-Salburua",
    "type": "Tranvía",
    "operator": "Euskotren Tranbia",
    "stroke": "#F37021",
    "stroke-width": 2,
    "stroke-opacity": 0.7,
    "total_sta": 17,
    "coords_sta": 13,
    "missing_coords": 4
   }
  },
  {
   "type": "Feature",
   "geometry": {
    "type": "LineString",
    "coordinates": [
     [
      -2.90564,
      43.24695
     ],
     [
      -2.89348,
      43.23623
     ],
     [
      -2.90564,
      43.24695
     ],
     [
      -2.92173,
      43.25406
     ],
     [
      -2.92252,
      43.25672
     ],
     [
      -2.68496,
      42.85893
     ],
     [
      -2.92862,
      43.25984
     ],
     [
      -2.92612,
      43.26437
     ],
     [
      -2.92873,
      43.26631
     ],
     [
      -2.93456,
      43.26866
     ],
     [
      -2.92744,
      43.26136
     ],
     [
      -2.94395,
      43.26628
     ],
     [
      -2.77762,
      43.16402
     ],
     [
      -2.94611,
      43.2586
     ],
     [
      -2.92252,
      43.25672
     ]
    ]
   },
   "properties": {
    "lid": "267",
    "name": "TR Tranvía de Bilbao",
    "type": "Tranvía",
    "operator": "Euskotren Tranbia",
    "stroke": "#00A89C",
    "stroke-width": 2,
    "stroke-opacity": 0.7,
    "total_sta": 16,
    "coords_sta": 15,
    "missing_coords": 1
   }
  },
  {
   "type": "Feature",
   "geometry": {
    "type": "LineString",
    "coordinates": [
     [
      -2.92596,
      43.26872
     ],
     [
      -2.92596,
      43.26872
     ]
    ]
   },
   "properties": {
    "lid": "268",
    "name": "Funicular de Artxanda",
    "type": "Funicular",
    "operator": "Ayuntamiento de Bilbao",
    "stroke": "#E30613",
    "stroke-width": 2,
    "stroke-opacity": 0.7,
    "total_sta": 2,
    "coords_sta": 2,
    "missing_coords": 0
   }
  },
  {
   "type": "Feature",
   "geometry": {
    "type": "LineString",
    "coordinates": [
     [
      -3.04174,
      43.30147
     ],
     [
      -3.04927,
      43.29111
     ]
    ]
   },
   "properties": {
    "lid": "269",
    "name": "Funicular de Larreineta",
    "type": "Funicular",
    "operator": "Euskotren",
    "stroke": "#005FA4",
    "stroke-width": 2,
    "stroke-opacity": 0.7,
    "total_sta": 2,
    "coords_sta": 2,
    "missing_coords": 0
   }
  },
  {
   "type": "Feature",
   "geometry": {
    "type": "LineString",
    "coordinates": [
     [
      -2.89774,
      43.24387
     ],
     [
      -2.90564,
      43.24695
     ],
     [
      -2.91074,
      43.25115
     ],
     [
      -2.91329,
      43.2543
     ],
     [
      -2.92182,
      43.26017
     ],
     [
      -2.91995,
      43.26684
     ],
     [
      -2.92546,
      43.26903
     ],
     [
      -2.92862,
      43.25984
     ],
     [
      -2.93304,
      43.26258
     ],
     [
      -2.94186,
      43.26129
     ],
     [
      -2.9496,
      43.27155
     ],
     [
      -2.95849,
      43.27478
     ],
     [
      -2.96247,
      43.28078
     ],
     [
      -2.96982,
      43.29101
     ],
     [
      -2.97446,
      43.30388
     ],
     [
      -2.9868,
      43.31462
     ],
     [
      -2.99171,
      43.3179
     ],
     [
      -3.0011,
      43.32136
     ],
     [
      -3.00964,
      43.326
     ],
     [
      -3.00738,
      43.33303
     ],
     [
      -3.00555,
      43.34023
     ],
     [
      -3.00269,
      43.34406
     ],
     [
      -3.00929,
      43.35033
     ],
     [
      -3.01127,
      43.35644
     ],
     [
      -3.00698,
      43.36328
     ],
     [
      -2.99952,
      43.36697
     ],
     [
      -2.9915,
      43.37567
     ],
     [
      -2.97897,
      43.38022
     ],
     [
      -2.95814,
      43.379
     ],
     [
      -2.94635,
      43.40122
     ]
    ]
   },
   "properties": {
    "lid": "270",
    "name": "L1 Etxebarri - Plentzia",
    "type": "Metro",
    "operator": "Metro Bilbao",
    "stroke": "#E30613",
    "stroke-width": 2,
    "stroke-opacity": 0.7,
    "total_sta": 31,
    "coords_sta": 30,
    "missing_coords": 1
   }
  },
  {
   "type": "Feature",
   "geometry": {
    "type": "LineString",
    "coordinates": [
     [
      -2.87587,
      43.22762
     ],
     [
      -2.88203,
      43.23801
     ],
     [
      -2.89774,
      43.24387
     ],
     [
      -2.90564,
      43.24695
     ],
     [
      -2.91074,
      43.25115
     ],
     [
      -2.91329,
      43.2543
     ],
     [
      -2.92182,
      43.26017
     ],
     [
      -2.92862,
      43.25984
     ],
     [
      -2.93304,
      43.26258
     ],
     [
      -2.94186,
      43.26129
     ],
     [
      -2.9496,
      43.27155
     ],
     [
      -2.95849,
      43.27478
     ],
     [
      -2.96247,
      43.28078
     ],
     [
      -2.98248,
      43.28304
     ],
     [
      -2.98689,
      43.2897
     ],
     [
      -2.98944,
      43.29571
     ],
     [
      -2.99263,
      43.29881
     ],
     [
      -2.99261,
      43.30573
     ],
     [
      -3.00569,
      43.30917
     ],
     [
      -3.01359,
      43.31432
     ],
     [
      -3.02074,
      43.31767
     ],
     [
      -3.02537,
      43.32197
     ],
     [
      -3.03039,
      43.32851
     ],
     [
      -3.03782,
      43.32236
     ]
    ]
   },
   "properties": {
    "lid": "271",
    "name": "L2 Basauri - Kabiezes",
    "type": "Metro",
    "operator": "Metro Bilbao",
    "stroke": "#E30613",
    "stroke-width": 2,
    "stroke-opacity": 0.7,
    "total_sta": 25,
    "coords_sta": 24,
    "missing_coords": 1
   }
  },
  {
   "type": "Feature",
   "geometry": {
    "type": "LineString",
    "coordinates": [
     [
      -2.89774,
      43.24387
     ],
     [
      -2.89869,
      43.25869
     ],
     [
      -2.90643,
      43.25916
     ],
     [
      -2.91372,
      43.26373
     ],
     [
      -2.92182,
      43.26017
     ],
     [
      -2.91995,
      43.26684
     ],
     [
      -2.92546,
      43.26903
     ]
    ]
   },
   "properties": {
    "lid": "272",
    "name": "L3 Kukullaga - Matiko",
    "type": "Metro",
    "operator": "Euskotren",
    "stroke": "#8CB924",
    "stroke-width": 2,
    "stroke-opacity": 0.7,
    "total_sta": 7,
    "coords_sta": 7,
    "missing_coords": 0
   }
  },
  {
   "type": "Feature",
   "geometry": {
    "type": "LineString",
    "coordinates": [
     [
      -1.80058,
      43.33921
     ],
     [
      -1.81706,
      43.33036
     ],
     [
      -1.89869,
      43.31101
     ],
     [
      -1.91707,
      43.31898
     ],
     [
      -1.93671,
      43.31962
     ],
     [
      -1.95487,
      43.31423
     ],
     [
      -1.95892,
      43.32033
     ],
     [
      -1.9733,
      43.32194
     ],
     [
      -2.00642,
      43.31915
     ],
     [
      -1.96796,
      43.31049
     ],
     [
      -1.95628,
      43.29908
     ],
     [
      -1.96379,
      43.2724
     ],
     [
      -1.96379,
      43.2724
     ],
     [
      -1.97412,
      43.22169
     ],
     [
      -2.01562,
      43.22214
     ],
     [
      -2.01562,
      43.22214
     ],
     [
      -2.07,
      43.2
     ],
     [
      -1.97481,
      43.30226
     ],
     [
      -2.07914,
      43.13564
     ],
     [
      -2.07914,
      43.13564
     ],
     [
      -2.09722,
      43.10188
     ],
     [
      -2.1255,
      43.09396
     ],
     [
      -2.14096,
      43.0858
     ],
     [
      -2.16253,
      43.06837
     ],
     [
      -2.17922,
      43.05261
     ],
     [
      -2.20234,
      43.0461
     ],
     [
      -2.31988,
      43.08701
     ],
     [
      -2.33447,
      43.0188
     ]
    ]
   },
   "properties": {
    "lid": "273",
    "name": "C-1 Irun - Brinkola",
    "type": "Cercanías",
    "operator": "Renfe",
    "stroke": "#EC1C24",
    "stroke-width": 2,
    "stroke-opacity": 0.7,
    "total_sta": 28,
    "coords_sta": 28,
    "missing_coords": 0
   }
  },
  {
   "type": "Feature",
   "geometry": {
    "type": "LineString",
    "coordinates": [
     [
      -2.94487,
      43.4122
     ],
     [
      -2.00965,
      43.32104
     ]
    ]
   },
   "properties": {
    "lid": "274",
    "name": "Funicular de Igueldo",
    "type": "Funicular",
    "operator": "Monte Igueldo S.A.",
    "stroke": "#8B5A2B",
    "stroke-width": 2,
    "stroke-opacity": 0.7,
    "total_sta": 2,
    "coords_sta": 2,
    "missing_coords": 0
   }
  },
  {
   "type": "Feature",
   "geometry": {
    "type": "LineString",
    "coordinates": [
     [
      2.65997,
      39.58005
     ],
     [
      2.66579,
      39.58417
     ],
     [
      2.68639,
      39.59677
     ],
     [
      2.90584,
      39.7181
     ],
     [
      2.90584,
      39.7181
     ],
     [
      2.72547,
      39.62539
     ],
     [
      2.72547,
      39.62539
     ],
     [
      2.73649,
      39.63204
     ],
     [
      2.77409,
      39.65317
     ],
     [
      2.80855,
      39.67761
     ],
     [
      2.84122,
      39.69249
     ],
     [
      2.86918,
      39.71634
     ]
    ]
   },
   "properties": {
    "lid": "275",
    "name": "T1 Palma - Inca",
    "type": "Regional",
    "operator": "SFM",
    "stroke": "#00A550",
    "stroke-width": 2,
    "stroke-opacity": 0.7,
    "total_sta": 12,
    "coords_sta": 12,
    "missing_coords": 0
   }
  },
  {
   "type": "Feature",
   "geometry": {
    "type": "LineString",
    "coordinates": [
     [
      2.65997,
      39.58005
     ],
     [
      2.66579,
      39.58417
     ],
     [
      2.68639,
      39.59677
     ],
     [
      2.90584,
      39.7181
     ],
     [
      2.90584,
      39.7181
     ],
     [
      2.72547,
      39.62539
     ],
     [
      2.72547,
      39.62539
     ],
     [
      2.73649,
      39.63204
     ],
     [
      2.77409,
      39.65317
     ],
     [
      2.80855,
      39.67761
     ],
     [
      2.84122,
      39.69249
     ],
     [
      2.86918,
      39.71634
     ],
     [
      2.95126,
      39.69067
     ],
     [
      2.99403,
      39.71138
     ],
     [
      3.05632,
      39.78625
     ],
     [
      3.02926,
      39.76447
     ]
    ]
   },
   "properties": {
    "lid": "276",
    "name": "T2 Palma - Sa Pobla",
    "type": "Regional",
    "operator": "SFM",
    "stroke": "#009EE0",
    "stroke-width": 2,
    "stroke-opacity": 0.7,
    "total_sta": 16,
    "coords_sta": 16,
    "missing_coords": 0
   }
  },
  {
   "type": "Feature",
   "geometry": {
    "type": "LineString",
    "coordinates": [
     [
      2.65997,
      39.58005
     ],
     [
      2.66579,
      39.58417
     ],
     [
      2.68639,
      39.59677
     ],
     [
      2.90584,
      39.7181
     ],
     [
      2.90584,
      39.7181
     ],
     [
      2.72547,
      39.62539
     ],
     [
      2.72547,
      39.62539
     ],
     [
      2.73649,
      39.63204
     ],
     [
      2.77409,
      39.65317
     ],
     [
      2.80855,
      39.67761
     ],
     [
      2.84122,
      39.69249
     ],
     [
      2.86918,
      39.71634
     ],
     [
      3.01437,
      39.6437
     ],
     [
      3.11091,
      39.61817
     ]
    ]
   },
   "properties": {
    "lid": "277",
    "name": "T3 Palma - Manacor",
    "type": "Regional",
    "operator": "SFM",
    "stroke": "#FFCC00",
    "stroke-width": 2,
    "stroke-opacity": 0.7,
    "total_sta": 14,
    "coords_sta": 14,
    "missing_coords": 0
   }
  },
  {
   "type": "Feature",
   "geometry": {
    "type": "LineString",
    "coordinates": [
     [
      2.65413,
      39.5763
     ],
     [
      2.65997,
      39.58005
     ],
     [
      2.66579,
      39.58417
     ],
     [
      2.67149,
      39.59547
     ],
     [
      2.66095,
      39.6203
     ],
     [
      2.648,
      39.63461
     ]
    ]
   },
   "properties": {
    "lid": "278",
    "name": "M1 Plaça d'Espanya - UIB",
    "type": "Metro",
    "operator": "SFM",
    "stroke": "#00A550",
    "stroke-width": 2,
    "stroke-opacity": 0.7,
    "total_sta": 6,
    "coords_sta": 6,
    "missing_coords": 0
   }
  },
  {
   "type": "Feature",
   "geometry": {
    "type": "LineString",
    "coordinates": [
     [
      2.65413,
      39.5763
     ],
     [
      2.65997,
      39.58005
     ],
     [
      2.66579,
      39.58417
     ],
     [
      2.67149,
      39.59547
     ],
     [
      2.68639,
      39.59677
     ],
     [
      2.90584,
      39.7181
     ]
    ]
   },
   "properties": {
    "lid": "279",
    "name": "M2 Plaça d'Espanya - Marratxí",
    "type": "Metro",
    "operator": "SFM",
    "stroke": "#009EE0",
    "stroke-width": 2,
    "stroke-opacity": 0.7,
    "total_sta": 6,
    "coords_sta": 6,
    "missing_coords": 0
   }
  },
  {
   "type": "Feature",
   "geometry": {
    "type": "LineString",
    "coordinates": [
     [
      2.65387,
      39.5768
     ],
     [
      2.66095,
      39.6203
     ],
     [
      2.69415,
      39.69745
     ],
     [
      2.71512,
      39.76468
     ]
    ]
   },
   "properties": {
    "lid": "280",
    "name": "Ferrocarril de Sóller",
    "type": "Regional Histórico",
    "operator": "Tren de Sóller S.A.",
    "stroke": "#8B5A2B",
    "stroke-width": 2,
    "stroke-opacity": 0.7,
    "total_sta": 4,
    "coords_sta": 4,
    "missing_coords": 0
   }
  },
  {
   "type": "Feature",
   "geometry": {
    "type": "LineString",
    "coordinates": [
     [
      2.71512,
      39.76468
     ],
     [
      2.71512,
      39.76468
     ]
    ]
   },
   "properties": {
    "lid": "281",
    "name": "Tranvía de Sóller",
    "type": "Tranvía Histórico",
    "operator": "Tren de Sóller S.A.",
    "stroke": "#005A36",
    "stroke-width": 2,
    "stroke-opacity": 0.7,
    "total_sta": 2,
    "coords_sta": 2,
    "missing_coords": 0
   }
  },
  {
   "type": "Feature",
   "geometry": {
    "type": "LineString",
    "coordinates": [
     [
      -16.25162,
      28.46631
     ],
     [
      -16.25579,
      28.4673
     ],
     [
      -16.27106,
      28.46742
     ],
     [
      -16.27831,
      28.45428
     ],
     [
      -16.28698,
      28.44914
     ],
     [
      -16.29146,
      28.44729
     ],
     [
      -16.29267,
      28.45759
     ],
     [
      -16.29459,
      28.44945
     ],
     [
      -16.3021,
      28.46873
     ],
     [
      -16.30921,
      28.47634
     ],
     [
      -16.80343,
      28.17222
     ],
     [
      -16.31677,
      28.4809
     ]
    ]
   },
   "properties": {
    "lid": "282",
    "name": "L1 Santa Cruz - La Laguna",
    "type": "Tranvía",
    "operator": "Metrotenerife",
    "stroke": "#A61A11",
    "stroke-width": 2,
    "stroke-opacity": 0.7,
    "total_sta": 19,
    "coords_sta": 12,
    "missing_coords": 7
   }
  },
  {
   "type": "Feature",
   "geometry": {
    "type": "LineString",
    "coordinates": [
     [
      -16.29013,
      28.48398
     ],
     [
      -16.29267,
      28.45759
     ],
     [
      -16.29146,
      28.44729
     ],
     [
      -16.30458,
      28.44377
     ]
    ]
   },
   "properties": {
    "lid": "283",
    "name": "L2 La Cuesta - Tincer",
    "type": "Tranvía",
    "operator": "Metrotenerife",
    "stroke": "#224375",
    "stroke-width": 2,
    "stroke-opacity": 0.7,
    "total_sta": 6,
    "coords_sta": 4,
    "missing_coords": 2
   }
  },
  {
   "type": "Feature",
   "geometry": {
    "type": "LineString",
    "coordinates": [
     [
      -3.6886,
      40.40697
     ],
     [
      -3.18225,
      40.64408
     ],
     [
      -0.91139,
      41.65857
     ],
     [
      0.63304,
      41.62073
     ],
     [
      1.27357,
      41.19217
     ],
     [
      2.13996,
      41.37901
     ]
    ]
   },
   "properties": {
    "lid": "284",
    "name": "Avlo Madrid - Barcelona",
    "type": "Avlo",
    "operator": "Renfe",
    "stroke": "#8B008B",
    "stroke-width": 2,
    "stroke-opacity": 0.7,
    "total_sta": 6,
    "coords_sta": 6,
    "missing_coords": 0
   }
  },
  {
   "type": "Feature",
   "geometry": {
    "type": "LineString",
    "coordinates": [
     [
      -3.6886,
      40.40697
     ],
     [
      -2.14369,
      40.03396
     ],
     [
      -1.13473,
      39.52175
     ],
     [
      -0.38121,
      39.46005
     ]
    ]
   },
   "properties": {
    "lid": "285",
    "name": "Avlo Madrid - Valencia",
    "type": "Avlo",
    "operator": "Renfe",
    "stroke": "#8B008B",
    "stroke-width": 2,
    "stroke-opacity": 0.7,
    "total_sta": 4,
    "coords_sta": 4,
    "missing_coords": 0
   }
  },
  {
   "type": "Feature",
   "geometry": {
    "type": "LineString",
    "coordinates": [
     [
      -3.6886,
      40.40697
     ],
     [
      -2.14369,
      40.03396
     ],
     [
      -1.85687,
      38.99485
     ],
     [
      -0.76676,
      38.24539
     ],
     [
      -0.9498,
      38.08126
     ],
     [
      -1.13346,
      37.97658
     ]
    ]
   },
   "properties": {
    "lid": "286",
    "name": "Avlo Madrid - Murcia",
    "type": "Avlo",
    "operator": "Renfe",
    "stroke": "#8B008B",
    "stroke-width": 2,
    "stroke-opacity": 0.7,
    "total_sta": 6,
    "coords_sta": 6,
    "missing_coords": 0
   }
  },
  {
   "type": "Feature",
   "geometry": {
    "type": "LineString",
    "coordinates": [
     [
      -3.6886,
      40.40697
     ],
     [
      -3.91314,
      38.98487
     ],
     [
      -4.11194,
      38.69129
     ],
     [
      -4.78952,
      37.88851
     ]
    ]
   },
   "properties": {
    "lid": "287",
    "name": "Avlo Madrid - Sevilla",
    "type": "Avlo",
    "operator": "Renfe",
    "stroke": "#8B008B",
    "stroke-width": 2,
    "stroke-opacity": 0.7,
    "total_sta": 5,
    "coords_sta": 4,
    "missing_coords": 1
   }
  },
  {
   "type": "Feature",
   "geometry": {
    "type": "LineString",
    "coordinates": [
     [
      -3.6886,
      40.40697
     ],
     [
      -3.91314,
      38.98487
     ],
     [
      -4.11194,
      38.69129
     ],
     [
      -4.78952,
      37.88851
     ],
     [
      -4.82223,
      37.35892
     ],
     [
      -4.71971,
      37.07017
     ]
    ]
   },
   "properties": {
    "lid": "288",
    "name": "Avlo Madrid - Málaga",
    "type": "Avlo",
    "operator": "Renfe",
    "stroke": "#8B008B",
    "stroke-width": 2,
    "stroke-opacity": 0.7,
    "total_sta": 7,
    "coords_sta": 6,
    "missing_coords": 1
   }
  },
  {
   "type": "Feature",
   "geometry": {
    "type": "LineString",
    "coordinates": [
     [
      -3.68226,
      40.47206
     ],
     [
      -4.09476,
      40.91014
     ],
     [
      -4.92299,
      41.29133
     ],
     [
      -5.73978,
      41.516
     ],
     [
      -7.87255,
      42.35069
     ],
     [
      -8.5452,
      42.87044
     ],
     [
      -8.41215,
      43.35037
     ]
    ]
   },
   "properties": {
    "lid": "289",
    "name": "Avlo Madrid - A Coruña",
    "type": "Avlo",
    "operator": "Renfe",
    "stroke": "#8B008B",
    "stroke-width": 2,
    "stroke-opacity": 0.7,
    "total_sta": 7,
    "coords_sta": 7,
    "missing_coords": 0
   }
  },
  {
   "type": "Feature",
   "geometry": {
    "type": "LineString",
    "coordinates": [
     [
      -3.68226,
      40.47206
     ],
     [
      -4.09476,
      40.91014
     ],
     [
      -4.92299,
      41.29133
     ],
     [
      -5.73978,
      41.516
     ],
     [
      -7.87255,
      42.35069
     ],
     [
      -8.5452,
      42.87044
     ],
     [
      -8.7119,
      42.23496
     ]
    ]
   },
   "properties": {
    "lid": "290",
    "name": "Avlo Madrid - Vigo",
    "type": "Avlo",
    "operator": "Renfe",
    "stroke": "#8B008B",
    "stroke-width": 2,
    "stroke-opacity": 0.7,
    "total_sta": 7,
    "coords_sta": 7,
    "missing_coords": 0
   }
  },
  {
   "type": "Feature",
   "geometry": {
    "type": "LineString",
    "coordinates": [
     [
      -3.68226,
      40.47206
     ],
     [
      -4.09476,
      40.91014
     ],
     [
      -4.7272,
      41.64334
     ],
     [
      -4.53386,
      42.01573
     ],
     [
      -6.52214,
      42.4055
     ],
     [
      -5.85487,
      43.36636
     ],
     [
      -5.67563,
      43.53773
     ]
    ]
   },
   "properties": {
    "lid": "291",
    "name": "Avlo Madrid - Gijón",
    "type": "Avlo",
    "operator": "Renfe",
    "stroke": "#8B008B",
    "stroke-width": 2,
    "stroke-opacity": 0.7,
    "total_sta": 7,
    "coords_sta": 7,
    "missing_coords": 0
   }
  },
  {
   "type": "Feature",
   "geometry": {
    "type": "LineString",
    "coordinates": [
     [
      2.13996,
      41.37901
     ],
     [
      1.27357,
      41.19217
     ],
     [
      0.63304,
      41.62073
     ],
     [
      -0.91139,
      41.65857
     ],
     [
      -3.91314,
      38.98487
     ],
     [
      -4.11194,
      38.69129
     ],
     [
      -4.78952,
      37.88851
     ]
    ]
   },
   "properties": {
    "lid": "292",
    "name": "AVE Barcelona - Sevilla",
    "type": "AVE",
    "operator": "Renfe",
    "stroke": "#EC1C24",
    "stroke-width": 2,
    "stroke-opacity": 0.7,
    "total_sta": 8,
    "coords_sta": 7,
    "missing_coords": 1
   }
  },
  {
   "type": "Feature",
   "geometry": {
    "type": "LineString",
    "coordinates": [
     [
      2.13996,
      41.37901
     ],
     [
      1.27357,
      41.19217
     ],
     [
      0.63304,
      41.62073
     ],
     [
      -0.91139,
      41.65857
     ],
     [
      -3.91314,
      38.98487
     ],
     [
      -4.11194,
      38.69129
     ],
     [
      -4.78952,
      37.88851
     ],
     [
      -4.82223,
      37.35892
     ],
     [
      -4.71971,
      37.07017
     ]
    ]
   },
   "properties": {
    "lid": "293",
    "name": "AVE Barcelona - Málaga",
    "type": "AVE",
    "operator": "Renfe",
    "stroke": "#EC1C24",
    "stroke-width": 2,
    "stroke-opacity": 0.7,
    "total_sta": 10,
    "coords_sta": 9,
    "missing_coords": 1
   }
  },
  {
   "type": "Feature",
   "geometry": {
    "type": "LineString",
    "coordinates": [
     [
      2.13996,
      41.37901
     ],
     [
      1.27357,
      41.19217
     ],
     [
      0.63304,
      41.62073
     ],
     [
      -0.91139,
      41.65857
     ],
     [
      -4.78952,
      37.88851
     ],
     [
      -4.56137,
      37.02948
     ],
     [
      -4.13567,
      37.17511
     ],
     [
      -3.60863,
      37.18369
     ]
    ]
   },
   "properties": {
    "lid": "294",
    "name": "AVE Barcelona - Granada",
    "type": "AVE",
    "operator": "Renfe",
    "stroke": "#EC1C24",
    "stroke-width": 2,
    "stroke-opacity": 0.7,
    "total_sta": 8,
    "coords_sta": 8,
    "missing_coords": 0
   }
  },
  {
   "type": "Feature",
   "geometry": {
    "type": "LineString",
    "coordinates": [
     [
      -0.49606,
      38.34498
     ],
     [
      -1.85687,
      38.99485
     ],
     [
      -2.14369,
      40.03396
     ],
     [
      -3.68226,
      40.47206
     ],
     [
      -4.09476,
      40.91014
     ],
     [
      -4.7272,
      41.64334
     ],
     [
      -4.53386,
      42.01573
     ],
     [
      -6.52214,
      42.4055
     ]
    ]
   },
   "properties": {
    "lid": "295",
    "name": "AVE Alicante - León",
    "type": "AVE",
    "operator": "Renfe",
    "stroke": "#EC1C24",
    "stroke-width": 2,
    "stroke-opacity": 0.7,
    "total_sta": 8,
    "coords_sta": 8,
    "missing_coords": 0
   }
  },
  {
   "type": "Feature",
   "geometry": {
    "type": "LineString",
    "coordinates": [
     [
      -0.38121,
      39.46005
     ],
     [
      -2.14369,
      40.03396
     ],
     [
      -3.68226,
      40.47206
     ],
     [
      -4.09476,
      40.91014
     ],
     [
      -4.7272,
      41.64334
     ],
     [
      -4.53386,
      42.01573
     ],
     [
      -6.52214,
      42.4055
     ],
     [
      -5.85487,
      43.36636
     ],
     [
      -5.67563,
      43.53773
     ]
    ]
   },
   "properties": {
    "lid": "296",
    "name": "AVE Valencia - Gijón",
    "type": "AVE",
    "operator": "Renfe",
    "stroke": "#EC1C24",
    "stroke-width": 2,
    "stroke-opacity": 0.7,
    "total_sta": 9,
    "coords_sta": 9,
    "missing_coords": 0
   }
  },
  {
   "type": "Feature",
   "geometry": {
    "type": "LineString",
    "coordinates": [
     [
      -0.40985,
      42.13275
     ],
     [
      -0.53843,
      41.97557
     ],
     [
      -0.91139,
      41.65857
     ]
    ]
   },
   "properties": {
    "lid": "297",
    "name": "Avant Huesca - Zaragoza",
    "type": "Avant",
    "operator": "Renfe",
    "stroke": "#00A650",
    "stroke-width": 2,
    "stroke-opacity": 0.7,
    "total_sta": 3,
    "coords_sta": 3,
    "missing_coords": 0
   }
  },
  {
   "type": "Feature",
   "geometry": {
    "type": "LineString",
    "coordinates": [
     [
      -4.7272,
      41.64334
     ],
     [
      -4.53386,
      42.01573
     ],
     [
      -6.52214,
      42.4055
     ]
    ]
   },
   "properties": {
    "lid": "298",
    "name": "Avant Valladolid - León",
    "type": "Avant",
    "operator": "Renfe",
    "stroke": "#00A650",
    "stroke-width": 2,
    "stroke-opacity": 0.7,
    "total_sta": 3,
    "coords_sta": 3,
    "missing_coords": 0
   }
  },
  {
   "type": "Feature",
   "geometry": {
    "type": "LineString",
    "coordinates": [
     [
      -3.6886,
      40.40697
     ],
     [
      -2.14369,
      40.03396
     ],
     [
      -0.38121,
      39.46005
     ],
     [
      -0.00226,
      39.97506
     ]
    ]
   },
   "properties": {
    "lid": "299",
    "name": "MD 35 Madrid - Castellón",
    "type": "Media Distancia AV",
    "operator": "Renfe",
    "stroke": "#FF8200",
    "stroke-width": 2,
    "stroke-opacity": 0.7,
    "total_sta": 4,
    "coords_sta": 4,
    "missing_coords": 0
   }
  },
  {
   "type": "Feature",
   "geometry": {
    "type": "LineString",
    "coordinates": [
     [
      -3.6886,
      40.40697
     ],
     [
      -4.82654,
      39.97063
     ],
     [
      -5.18621,
      39.92185
     ]
    ]
   },
   "properties": {
    "lid": "300",
    "name": "MD 36 Madrid - Oropesa",
    "type": "Media Distancia AV",
    "operator": "Renfe",
    "stroke": "#FF8200",
    "stroke-width": 2,
    "stroke-opacity": 0.7,
    "total_sta": 3,
    "coords_sta": 3,
    "missing_coords": 0
   }
  },
  {
   "type": "Feature",
   "geometry": {
    "type": "LineString",
    "coordinates": [
     [
      -3.68226,
      40.47206
     ],
     [
      -4.7272,
      41.64334
     ],
     [
      -4.53386,
      42.01573
     ],
     [
      -6.52214,
      42.4055
     ],
     [
      -5.78239,
      43.25004
     ],
     [
      -5.85487,
      43.36636
     ],
     [
      -5.92296,
      43.56148
     ]
    ]
   },
   "properties": {
    "lid": "301",
    "name": "Alvia Madrid - Avilés",
    "type": "Larga Distancia",
    "operator": "Renfe",
    "stroke": "#5F259F",
    "stroke-width": 2,
    "stroke-opacity": 0.7,
    "total_sta": 7,
    "coords_sta": 7,
    "missing_coords": 0
   }
  },
  {
   "type": "Feature",
   "geometry": {
    "type": "LineString",
    "coordinates": [
     [
      -3.68226,
      40.47206
     ],
     [
      -4.92299,
      41.29133
     ],
     [
      -5.73978,
      41.516
     ],
     [
      -7.87255,
      42.35069
     ],
     [
      -7.50314,
      42.52952
     ],
     [
      -7.41365,
      42.78262
     ]
    ]
   },
   "properties": {
    "lid": "302",
    "name": "Alvia Madrid - Lugo",
    "type": "Larga Distancia",
    "operator": "Renfe",
    "stroke": "#5F259F",
    "stroke-width": 2,
    "stroke-opacity": 0.7,
    "total_sta": 7,
    "coords_sta": 6,
    "missing_coords": 1
   }
  },
  {
   "type": "Feature",
   "geometry": {
    "type": "LineString",
    "coordinates": [
     [
      2.13996,
      41.37901
     ],
     [
      1.27357,
      41.19217
     ],
     [
      0.63304,
      41.62073
     ],
     [
      -0.91139,
      41.65857
     ],
     [
      -1.66149,
      42.82505
     ],
     [
      -2.6727,
      42.8413
     ],
     [
      -3.66632,
      42.37117
     ],
     [
      -4.7272,
      41.64334
     ],
     [
      -5.64706,
      40.9718
     ]
    ]
   },
   "properties": {
    "lid": "303",
    "name": "Alvia Barcelona - Salamanca",
    "type": "Larga Distancia",
    "operator": "Renfe",
    "stroke": "#5F259F",
    "stroke-width": 2,
    "stroke-opacity": 0.7,
    "total_sta": 9,
    "coords_sta": 9,
    "missing_coords": 0
   }
  },
  {
   "type": "Feature",
   "geometry": {
    "type": "LineString",
    "coordinates": [
     [
      2.13996,
      41.37901
     ],
     [
      1.27357,
      41.19217
     ],
     [
      0.63304,
      41.62073
     ],
     [
      -0.91139,
      41.65857
     ],
     [
      -1.66149,
      42.82505
     ],
     [
      -2.00642,
      43.31915
     ]
    ]
   },
   "properties": {
    "lid": "304",
    "name": "Alvia Barcelona - San Sebastián",
    "type": "Larga Distancia",
    "operator": "Renfe",
    "stroke": "#5F259F",
    "stroke-width": 2,
    "stroke-opacity": 0.7,
    "total_sta": 6,
    "coords_sta": 6,
    "missing_coords": 0
   }
  },
  {
   "type": "Feature",
   "geometry": {
    "type": "LineString",
    "coordinates": [
     [
      -3.68226,
      40.47206
     ],
     [
      -2.14369,
      40.03396
     ],
     [
      -1.85687,
      38.99485
     ],
     [
      -1.13346,
      37.97658
     ],
     [
      -0.97497,
      37.60503
     ]
    ]
   },
   "properties": {
    "lid": "305",
    "name": "Intercity Madrid - Cartagena",
    "type": "Larga Distancia",
    "operator": "Renfe",
    "stroke": "#5F259F",
    "stroke-width": 2,
    "stroke-opacity": 0.7,
    "total_sta": 5,
    "coords_sta": 5,
    "missing_coords": 0
   }
  },
  {
   "type": "Feature",
   "geometry": {
    "type": "LineString",
    "coordinates": [
     [
      -3.68226,
      40.47206
     ],
     [
      -4.7272,
      41.64334
     ],
     [
      -6.52214,
      42.4055
     ],
     [
      -5.85487,
      43.36636
     ],
     [
      -5.67563,
      43.53773
     ]
    ]
   },
   "properties": {
    "lid": "306",
    "name": "AVE Madrid-Chamartín-Clara Campoamor - Gijón",
    "type": "AVE",
    "operator": "Renfe",
    "stroke": "#EC1C24",
    "stroke-width": 2,
    "stroke-opacity": 0.7,
    "total_sta": 5,
    "coords_sta": 5,
    "missing_coords": 0
   }
  },
  {
   "type": "Feature",
   "geometry": {
    "type": "LineString",
    "coordinates": [
     [
      -0.38121,
      39.46005
     ],
     [
      -3.68226,
      40.47206
     ],
     [
      -4.7272,
      41.64334
     ],
     [
      -3.66632,
      42.37117
     ]
    ]
   },
   "properties": {
    "lid": "307",
    "name": "AVE Valencia-Joaquín Sorolla - Burgos-Rosa Manzano",
    "type": "AVE",
    "operator": "Renfe",
    "stroke": "#EC1C24",
    "stroke-width": 2,
    "stroke-opacity": 0.7,
    "total_sta": 4,
    "coords_sta": 4,
    "missing_coords": 0
   }
  },
  {
   "type": "Feature",
   "geometry": {
    "type": "LineString",
    "coordinates": [
     [
      -1.13346,
      37.97658
     ],
     [
      -0.9498,
      38.08126
     ],
     [
      -0.76676,
      38.24539
     ],
     [
      -3.68226,
      40.47206
     ],
     [
      -4.09476,
      40.91014
     ],
     [
      -4.7272,
      41.64334
     ],
     [
      -3.66632,
      42.37117
     ]
    ]
   },
   "properties": {
    "lid": "308",
    "name": "AVE Murcia del Carmen - Burgos-Rosa Manzano",
    "type": "AVE",
    "operator": "Renfe",
    "stroke": "#EC1C24",
    "stroke-width": 2,
    "stroke-opacity": 0.7,
    "total_sta": 7,
    "coords_sta": 7,
    "missing_coords": 0
   }
  },
  {
   "type": "Feature",
   "geometry": {
    "type": "LineString",
    "coordinates": [
     [
      -0.00226,
      39.97506
     ],
     [
      -0.27141,
      39.67567
     ],
     [
      -0.38121,
      39.46005
     ],
     [
      -2.14369,
      40.03396
     ],
     [
      -3.68226,
      40.47206
     ],
     [
      -4.09476,
      40.91014
     ],
     [
      -4.7272,
      41.64334
     ],
     [
      -4.53386,
      42.01573
     ],
     [
      -6.52214,
      42.4055
     ],
     [
      -5.85487,
      43.36636
     ],
     [
      -5.67563,
      43.53773
     ]
    ]
   },
   "properties": {
    "lid": "309",
    "name": "AVE Castellón de la Plana - Gijón",
    "type": "AVE",
    "operator": "Renfe",
    "stroke": "#EC1C24",
    "stroke-width": 2,
    "stroke-opacity": 0.7,
    "total_sta": 11,
    "coords_sta": 11,
    "missing_coords": 0
   }
  },
  {
   "type": "Feature",
   "geometry": {
    "type": "LineString",
    "coordinates": [
     [
      2.13996,
      41.37901
     ],
     [
      1.27357,
      41.19217
     ],
     [
      0.63304,
      41.62073
     ],
     [
      -0.91139,
      41.65857
     ],
     [
      -4.78952,
      37.88851
     ],
     [
      -4.56137,
      37.02948
     ],
     [
      -3.60863,
      37.18369
     ]
    ]
   },
   "properties": {
    "lid": "310",
    "name": "AVE Barcelona-Sants - Granada",
    "type": "AVE",
    "operator": "Renfe",
    "stroke": "#EC1C24",
    "stroke-width": 2,
    "stroke-opacity": 0.7,
    "total_sta": 7,
    "coords_sta": 7,
    "missing_coords": 0
   }
  },
  {
   "type": "Feature",
   "geometry": {
    "type": "LineString",
    "coordinates": [
     [
      -0.49606,
      38.34498
     ],
     [
      -1.85687,
      38.99485
     ],
     [
      -2.14369,
      40.03396
     ],
     [
      -3.68226,
      40.47206
     ],
     [
      -4.7272,
      41.64334
     ],
     [
      -4.53386,
      42.01573
     ],
     [
      -6.52214,
      42.4055
     ]
    ]
   },
   "properties": {
    "lid": "311",
    "name": "AVE Alicante-Terminal - León",
    "type": "AVE",
    "operator": "Renfe",
    "stroke": "#EC1C24",
    "stroke-width": 2,
    "stroke-opacity": 0.7,
    "total_sta": 7,
    "coords_sta": 7,
    "missing_coords": 0
   }
  },
  {
   "type": "Feature",
   "geometry": {
    "type": "LineString",
    "coordinates": [
     [
      2.13996,
      41.37901
     ],
     [
      2.81629,
      41.97917
     ],
     [
      2.94268,
      42.2647
     ],
     [
      2.697,
      42.77732
     ],
     [
      3.88032,
      43.60425
     ],
     [
      4.36625,
      43.83237
     ],
     [
      4.97843,
      44.99193
     ],
     [
      4.97843,
      44.99193
     ],
     [
      4.86016,
      45.76057
     ]
    ]
   },
   "properties": {
    "lid": "312",
    "name": "AVE Barcelona-Sants - Lyon-Part-Dieu",
    "type": "AVE",
    "operator": "Renfe",
    "stroke": "#EC1C24",
    "stroke-width": 2,
    "stroke-opacity": 0.7,
    "total_sta": 10,
    "coords_sta": 9,
    "missing_coords": 1
   }
  },
  {
   "type": "Feature",
   "geometry": {
    "type": "LineString",
    "coordinates": [
     [
      -1.13346,
      37.97658
     ],
     [
      -0.9498,
      38.08126
     ],
     [
      -0.76676,
      38.24539
     ],
     [
      -0.49606,
      38.34498
     ],
     [
      -0.86795,
      38.63227
     ],
     [
      -1.85687,
      38.99485
     ],
     [
      -2.14369,
      40.03396
     ],
     [
      -3.6886,
      40.40697
     ],
     [
      -3.91314,
      38.98487
     ],
     [
      -4.11194,
      38.69129
     ],
     [
      -4.78952,
      37.88851
     ],
     [
      -4.56137,
      37.02948
     ]
    ]
   },
   "properties": {
    "lid": "313",
    "name": "AVE Murcia del Carmen - Málaga-María Zambrano",
    "type": "AVE",
    "operator": "Renfe",
    "stroke": "#EC1C24",
    "stroke-width": 2,
    "stroke-opacity": 0.7,
    "total_sta": 13,
    "coords_sta": 12,
    "missing_coords": 1
   }
  },
  {
   "type": "Feature",
   "geometry": {
    "type": "LineString",
    "coordinates": [
     [
      -2.14369,
      40.03396
     ],
     [
      -1.85687,
      38.99485
     ],
     [
      -0.86795,
      38.63227
     ],
     [
      -0.49606,
      38.34498
     ],
     [
      -0.76676,
      38.24539
     ],
     [
      -0.9498,
      38.08126
     ],
     [
      -1.13346,
      37.97658
     ]
    ]
   },
   "properties": {
    "lid": "314",
    "name": "AVE Cuenca-Fernando Zóbel - Murcia del Carmen",
    "type": "AVE",
    "operator": "Renfe",
    "stroke": "#EC1C24",
    "stroke-width": 2,
    "stroke-opacity": 0.7,
    "total_sta": 7,
    "coords_sta": 7,
    "missing_coords": 0
   }
  },
  {
   "type": "Feature",
   "geometry": {
    "type": "LineString",
    "coordinates": [
     [
      -3.6886,
      40.40697
     ],
     [
      -3.18225,
      40.64408
     ],
     [
      -0.91139,
      41.65857
     ],
     [
      1.27357,
      41.19217
     ],
     [
      2.13996,
      41.37901
     ],
     [
      2.81629,
      41.97917
     ],
     [
      2.94268,
      42.2647
     ],
     [
      2.697,
      42.77732
     ],
     [
      3.88032,
      43.60425
     ],
     [
      4.36625,
      43.83237
     ],
     [
      4.78576,
      43.92183
     ],
     [
      5.31729,
      43.45515
     ]
    ]
   },
   "properties": {
    "lid": "315",
    "name": "AVE Madrid-Puerta de Atocha-Almudena Grandes - Marsella-Saint-Charles",
    "type": "AVE",
    "operator": "Renfe",
    "stroke": "#EC1C24",
    "stroke-width": 2,
    "stroke-opacity": 0.7,
    "total_sta": 14,
    "coords_sta": 12,
    "missing_coords": 2
   }
  },
  {
   "type": "Feature",
   "geometry": {
    "type": "LineString",
    "coordinates": [
     [
      5.31729,
      43.45515
     ],
     [
      4.78576,
      43.92183
     ],
     [
      4.36625,
      43.83237
     ],
     [
      3.88032,
      43.60425
     ],
     [
      2.697,
      42.77732
     ],
     [
      2.94268,
      42.2647
     ],
     [
      2.81629,
      41.97917
     ],
     [
      2.13996,
      41.37901
     ],
     [
      1.27357,
      41.19217
     ],
     [
      -0.91139,
      41.65857
     ],
     [
      -3.6886,
      40.40697
     ]
    ]
   },
   "properties": {
    "lid": "316",
    "name": "AVE Marsella-Saint-Charles - Madrid-Puerta de Atocha-Almudena Grandes",
    "type": "AVE",
    "operator": "Renfe",
    "stroke": "#EC1C24",
    "stroke-width": 2,
    "stroke-opacity": 0.7,
    "total_sta": 13,
    "coords_sta": 11,
    "missing_coords": 2
   }
  },
  {
   "type": "Feature",
   "geometry": {
    "type": "LineString",
    "coordinates": [
     [
      -3.6886,
      40.40697
     ],
     [
      -2.14369,
      40.03396
     ],
     [
      -1.85687,
      38.99485
     ],
     [
      -0.86795,
      38.63227
     ],
     [
      -0.49606,
      38.34498
     ],
     [
      -0.76676,
      38.24539
     ],
     [
      -0.9498,
      38.08126
     ],
     [
      -1.13346,
      37.97658
     ]
    ]
   },
   "properties": {
    "lid": "317",
    "name": "AVE Madrid-Puerta de Atocha-Almudena Grandes - Murcia del Carmen",
    "type": "AVE",
    "operator": "Renfe",
    "stroke": "#EC1C24",
    "stroke-width": 2,
    "stroke-opacity": 0.7,
    "total_sta": 8,
    "coords_sta": 8,
    "missing_coords": 0
   }
  },
  {
   "type": "Feature",
   "geometry": {
    "type": "LineString",
    "coordinates": [
     [
      -0.38121,
      39.46005
     ],
     [
      -2.14369,
      40.03396
     ],
     [
      -3.91314,
      38.98487
     ],
     [
      -4.11194,
      38.69129
     ],
     [
      -4.78952,
      37.88851
     ]
    ]
   },
   "properties": {
    "lid": "318",
    "name": "AVE Valencia-Joaquín Sorolla - Sevilla-Santa Justa",
    "type": "AVE",
    "operator": "Renfe",
    "stroke": "#EC1C24",
    "stroke-width": 2,
    "stroke-opacity": 0.7,
    "total_sta": 6,
    "coords_sta": 5,
    "missing_coords": 1
   }
  },
  {
   "type": "Feature",
   "geometry": {
    "type": "LineString",
    "coordinates": [
     [
      -0.40985,
      42.13275
     ],
     [
      -0.53843,
      41.97557
     ],
     [
      -0.91139,
      41.65857
     ],
     [
      -1.63842,
      41.34636
     ],
     [
      -3.18225,
      40.64408
     ],
     [
      -3.6886,
      40.40697
     ],
     [
      -4.78952,
      37.88851
     ]
    ]
   },
   "properties": {
    "lid": "319",
    "name": "AVE Huesca - Sevilla-Santa Justa",
    "type": "AVE",
    "operator": "Renfe",
    "stroke": "#EC1C24",
    "stroke-width": 2,
    "stroke-opacity": 0.7,
    "total_sta": 8,
    "coords_sta": 7,
    "missing_coords": 1
   }
  },
  {
   "type": "Feature",
   "geometry": {
    "type": "LineString",
    "coordinates": [
     [
      -0.49606,
      38.34498
     ],
     [
      -1.85687,
      38.99485
     ],
     [
      -2.14369,
      40.03396
     ],
     [
      -3.68226,
      40.47206
     ],
     [
      -5.73978,
      41.516
     ],
     [
      -7.87255,
      42.35069
     ]
    ]
   },
   "properties": {
    "lid": "320",
    "name": "AVE Alicante-Terminal - Ourense",
    "type": "AVE",
    "operator": "Renfe",
    "stroke": "#EC1C24",
    "stroke-width": 2,
    "stroke-opacity": 0.7,
    "total_sta": 6,
    "coords_sta": 6,
    "missing_coords": 0
   }
  },
  {
   "type": "Feature",
   "geometry": {
    "type": "LineString",
    "coordinates": [
     [
      -3.6886,
      40.40697
     ],
     [
      -2.14369,
      40.03396
     ],
     [
      -1.13473,
      39.52175
     ],
     [
      -0.38121,
      39.46005
     ],
     [
      -0.00226,
      39.97506
     ]
    ]
   },
   "properties": {
    "lid": "321",
    "name": "AVE Madrid-Puerta de Atocha-Almudena Grandes - Castellón de la Plana",
    "type": "AVE",
    "operator": "Renfe",
    "stroke": "#EC1C24",
    "stroke-width": 2,
    "stroke-opacity": 0.7,
    "total_sta": 5,
    "coords_sta": 5,
    "missing_coords": 0
   }
  },
  {
   "type": "Feature",
   "geometry": {
    "type": "LineString",
    "coordinates": [
     [
      -0.38121,
      39.46005
     ],
     [
      -1.13473,
      39.52175
     ],
     [
      -2.14369,
      40.03396
     ],
     [
      -3.68226,
      40.47206
     ],
     [
      -4.09476,
      40.91014
     ],
     [
      -4.7272,
      41.64334
     ],
     [
      -4.53386,
      42.01573
     ],
     [
      -6.52214,
      42.4055
     ]
    ]
   },
   "properties": {
    "lid": "322",
    "name": "AVE Valencia-Joaquín Sorolla - León",
    "type": "AVE",
    "operator": "Renfe",
    "stroke": "#EC1C24",
    "stroke-width": 2,
    "stroke-opacity": 0.7,
    "total_sta": 8,
    "coords_sta": 8,
    "missing_coords": 0
   }
  },
  {
   "type": "Feature",
   "geometry": {
    "type": "LineString",
    "coordinates": [
     [
      -3.68226,
      40.47206
     ],
     [
      -5.73978,
      41.516
     ],
     [
      -7.87255,
      42.35069
     ],
     [
      -8.5452,
      42.87044
     ],
     [
      -8.41215,
      43.35037
     ]
    ]
   },
   "properties": {
    "lid": "323",
    "name": "AVE Madrid-Chamartín-Clara Campoamor - A Coruña",
    "type": "AVE",
    "operator": "Renfe",
    "stroke": "#EC1C24",
    "stroke-width": 2,
    "stroke-opacity": 0.7,
    "total_sta": 5,
    "coords_sta": 5,
    "missing_coords": 0
   }
  },
  {
   "type": "Feature",
   "geometry": {
    "type": "LineString",
    "coordinates": [
     [
      -3.6886,
      40.40697
     ],
     [
      -4.78952,
      37.88851
     ],
     [
      -4.82223,
      37.35892
     ],
     [
      -4.71971,
      37.07017
     ],
     [
      -4.56137,
      37.02948
     ],
     [
      -4.13567,
      37.17511
     ],
     [
      -3.60863,
      37.18369
     ]
    ]
   },
   "properties": {
    "lid": "324",
    "name": "AVE Madrid-Puerta de Atocha-Almudena Grandes - Granada",
    "type": "AVE",
    "operator": "Renfe",
    "stroke": "#EC1C24",
    "stroke-width": 2,
    "stroke-opacity": 0.7,
    "total_sta": 7,
    "coords_sta": 7,
    "missing_coords": 0
   }
  },
  {
   "type": "Feature",
   "geometry": {
    "type": "LineString",
    "coordinates": [
     [
      2.13996,
      41.37901
     ],
     [
      1.27357,
      41.19217
     ],
     [
      0.63304,
      41.62073
     ],
     [
      -0.91139,
      41.65857
     ],
     [
      -1.63842,
      41.34636
     ],
     [
      -3.18225,
      40.64408
     ],
     [
      -3.6886,
      40.40697
     ],
     [
      -3.91314,
      38.98487
     ],
     [
      -4.11194,
      38.69129
     ],
     [
      -4.78952,
      37.88851
     ],
     [
      -4.82223,
      37.35892
     ],
     [
      -4.71971,
      37.07017
     ]
    ]
   },
   "properties": {
    "lid": "325",
    "name": "AVE Barcelona-Sants - Málaga-María Zambrano",
    "type": "AVE",
    "operator": "Renfe",
    "stroke": "#EC1C24",
    "stroke-width": 2,
    "stroke-opacity": 0.7,
    "total_sta": 13,
    "coords_sta": 12,
    "missing_coords": 1
   }
  },
  {
   "type": "Feature",
   "geometry": {
    "type": "LineString",
    "coordinates": [
     [
      -3.68226,
      40.47206
     ],
     [
      -5.73978,
      41.516
     ],
     [
      -7.87255,
      42.35069
     ],
     [
      -8.5452,
      42.87044
     ],
     [
      -8.76228,
      42.60199
     ],
     [
      -8.6354,
      42.42168
     ],
     [
      -8.7119,
      42.23496
     ]
    ]
   },
   "properties": {
    "lid": "326",
    "name": "AVE Madrid-Chamartín-Clara Campoamor - Vigo-Urzaiz",
    "type": "AVE",
    "operator": "Renfe",
    "stroke": "#EC1C24",
    "stroke-width": 2,
    "stroke-opacity": 0.7,
    "total_sta": 7,
    "coords_sta": 7,
    "missing_coords": 0
   }
  },
  {
   "type": "Feature",
   "geometry": {
    "type": "LineString",
    "coordinates": [
     [
      -3.68226,
      40.47206
     ],
     [
      -2.14369,
      40.03396
     ],
     [
      -1.85687,
      38.99485
     ],
     [
      -0.86795,
      38.63227
     ],
     [
      -0.49606,
      38.34498
     ]
    ]
   },
   "properties": {
    "lid": "327",
    "name": "AVE Madrid-Chamartín-Clara Campoamor - Alicante-Terminal",
    "type": "AVE",
    "operator": "Renfe",
    "stroke": "#EC1C24",
    "stroke-width": 2,
    "stroke-opacity": 0.7,
    "total_sta": 5,
    "coords_sta": 5,
    "missing_coords": 0
   }
  },
  {
   "type": "Feature",
   "geometry": {
    "type": "LineString",
    "coordinates": [
     [
      -3.6886,
      40.40697
     ],
     [
      -1.63842,
      41.34636
     ],
     [
      -0.91139,
      41.65857
     ],
     [
      0.63304,
      41.62073
     ],
     [
      1.27357,
      41.19217
     ],
     [
      2.13996,
      41.37901
     ],
     [
      2.81629,
      41.97917
     ],
     [
      2.94268,
      42.2647
     ]
    ]
   },
   "properties": {
    "lid": "328",
    "name": "AVE Madrid-Puerta de Atocha-Almudena Grandes - Figueras Vilafant",
    "type": "AVE",
    "operator": "Renfe",
    "stroke": "#EC1C24",
    "stroke-width": 2,
    "stroke-opacity": 0.7,
    "total_sta": 8,
    "coords_sta": 8,
    "missing_coords": 0
   }
  },
  {
   "type": "Feature",
   "geometry": {
    "type": "LineString",
    "coordinates": [
     [
      -3.6886,
      40.40697
     ],
     [
      -3.18225,
      40.64408
     ],
     [
      -1.63842,
      41.34636
     ],
     [
      -0.91139,
      41.65857
     ],
     [
      0.63304,
      41.62073
     ],
     [
      1.27357,
      41.19217
     ],
     [
      2.13996,
      41.37901
     ]
    ]
   },
   "properties": {
    "lid": "329",
    "name": "AVE Madrid-Puerta de Atocha-Almudena Grandes - Barcelona-Sants",
    "type": "AVE",
    "operator": "Renfe",
    "stroke": "#EC1C24",
    "stroke-width": 2,
    "stroke-opacity": 0.7,
    "total_sta": 7,
    "coords_sta": 7,
    "missing_coords": 0
   }
  },
  {
   "type": "Feature",
   "geometry": {
    "type": "LineString",
    "coordinates": [
     [
      -4.7272,
      41.64334
     ],
     [
      -3.68226,
      40.47206
     ],
     [
      -2.14369,
      40.03396
     ],
     [
      -1.85687,
      38.99485
     ],
     [
      -0.86795,
      38.63227
     ],
     [
      -0.49606,
      38.34498
     ]
    ]
   },
   "properties": {
    "lid": "330",
    "name": "Avlo Valladolid - Alicante",
    "type": "Avlo",
    "operator": "Renfe",
    "stroke": "#8B008B",
    "stroke-width": 2,
    "stroke-opacity": 0.7,
    "total_sta": 6,
    "coords_sta": 6,
    "missing_coords": 0
   }
  },
  {
   "type": "Feature",
   "geometry": {
    "type": "LineString",
    "coordinates": [
     [
      -1.13346,
      37.97658
     ],
     [
      -0.9498,
      38.08126
     ],
     [
      -0.76676,
      38.24539
     ],
     [
      -0.49606,
      38.34498
     ],
     [
      -0.86795,
      38.63227
     ],
     [
      -1.85687,
      38.99485
     ],
     [
      -2.14369,
      40.03396
     ],
     [
      -3.68226,
      40.47206
     ],
     [
      -4.7272,
      41.64334
     ]
    ]
   },
   "properties": {
    "lid": "331",
    "name": "Avlo Murcia - Valladolid",
    "type": "Avlo",
    "operator": "Renfe",
    "stroke": "#8B008B",
    "stroke-width": 2,
    "stroke-opacity": 0.7,
    "total_sta": 9,
    "coords_sta": 9,
    "missing_coords": 0
   }
  },
  {
   "type": "Feature",
   "geometry": {
    "type": "LineString",
    "coordinates": [
     [
      -3.6886,
      40.40697
     ],
     [
      -3.18225,
      40.64408
     ],
     [
      -1.63842,
      41.34636
     ],
     [
      -1.59767,
      42.0595
     ],
     [
      -1.74814,
      42.18661
     ],
     [
      -1.84786,
      42.23005
     ],
     [
      -1.95782,
      42.3107
     ],
     [
      -2.44082,
      42.45757
     ]
    ]
   },
   "properties": {
    "lid": "332",
    "name": "Alvia Madrid - Logroño (por Rincón de Soto)",
    "type": "Larga Distancia",
    "operator": "Renfe",
    "stroke": "#5F259F",
    "stroke-width": 2,
    "stroke-opacity": 0.7,
    "total_sta": 8,
    "coords_sta": 8,
    "missing_coords": 0
   }
  },
  {
   "type": "Feature",
   "geometry": {
    "type": "LineString",
    "coordinates": [
     [
      -3.68226,
      40.47206
     ],
     [
      -4.7272,
      41.64334
     ],
     [
      -4.53386,
      42.01573
     ],
     [
      -6.52214,
      42.4055
     ],
     [
      -5.78239,
      43.25004
     ],
     [
      -5.85487,
      43.36636
     ]
    ]
   },
   "properties": {
    "lid": "333",
    "name": "Alvia Madrid - Oviedo",
    "type": "Larga Distancia",
    "operator": "Renfe",
    "stroke": "#5F259F",
    "stroke-width": 2,
    "stroke-opacity": 0.7,
    "total_sta": 6,
    "coords_sta": 6,
    "missing_coords": 0
   }
  },
  {
   "type": "Feature",
   "geometry": {
    "type": "LineString",
    "coordinates": [
     [
      -3.68226,
      40.47206
     ],
     [
      -4.7272,
      41.64334
     ],
     [
      -4.53386,
      42.01573
     ],
     [
      -6.52214,
      42.4055
     ],
     [
      -5.83113,
      43.15865
     ],
     [
      -5.85487,
      43.36636
     ],
     [
      -5.67563,
      43.53773
     ]
    ]
   },
   "properties": {
    "lid": "334",
    "name": "Alvia Madrid - Gijón (express)",
    "type": "Larga Distancia",
    "operator": "Renfe",
    "stroke": "#5F259F",
    "stroke-width": 2,
    "stroke-opacity": 0.7,
    "total_sta": 7,
    "coords_sta": 7,
    "missing_coords": 0
   }
  },
  {
   "type": "Feature",
   "geometry": {
    "type": "LineString",
    "coordinates": [
     [
      -3.68226,
      40.47206
     ],
     [
      -3.6886,
      40.40697
     ],
     [
      -3.77236,
      40.32809
     ],
     [
      -4.28316,
      39.97881
     ],
     [
      -4.82654,
      39.97063
     ],
     [
      -5.18621,
      39.92185
     ],
     [
      -5.54565,
      39.89496
     ],
     [
      -6.09963,
      40.02226
     ],
     [
      -6.09963,
      40.02226
     ],
     [
      -6.38572,
      39.46118
     ],
     [
      -6.34305,
      38.92159
     ],
     [
      -6.59867,
      38.91358
     ],
     [
      -6.98162,
      38.89073
     ]
    ]
   },
   "properties": {
    "lid": "335",
    "name": "Alvia Madrid - Badajoz",
    "type": "Larga Distancia",
    "operator": "Renfe",
    "stroke": "#5F259F",
    "stroke-width": 2,
    "stroke-opacity": 0.7,
    "total_sta": 13,
    "coords_sta": 13,
    "missing_coords": 0
   }
  },
  {
   "type": "Feature",
   "geometry": {
    "type": "LineString",
    "coordinates": [
     [
      -3.6886,
      40.40697
     ],
     [
      -3.91314,
      38.98487
     ],
     [
      -4.11194,
      38.69129
     ],
     [
      -4.57142,
      38.25524
     ],
     [
      -4.71971,
      37.07017
     ],
     [
      -5.16196,
      36.74859
     ],
     [
      -5.43229,
      36.21377
     ],
     [
      -5.45018,
      36.12664
     ]
    ]
   },
   "properties": {
    "lid": "337",
    "name": "Alvia Madrid - Algeciras",
    "type": "Larga Distancia",
    "operator": "Renfe",
    "stroke": "#5F259F",
    "stroke-width": 2,
    "stroke-opacity": 0.7,
    "total_sta": 8,
    "coords_sta": 8,
    "missing_coords": 0
   }
  },
  {
   "type": "Feature",
   "geometry": {
    "type": "LineString",
    "coordinates": [
     [
      -3.68226,
      40.47206
     ],
     [
      -4.09476,
      40.91014
     ],
     [
      -4.7272,
      41.64334
     ],
     [
      -3.66632,
      42.37117
     ],
     [
      -2.94114,
      42.6908
     ],
     [
      -2.6727,
      42.8413
     ],
     [
      -2.31988,
      43.08701
     ],
     [
      -2.07914,
      43.13564
     ],
     [
      -2.00642,
      43.31915
     ],
     [
      -1.80058,
      43.33921
     ]
    ]
   },
   "properties": {
    "lid": "338",
    "name": "Alvia Madrid - Irún (Donostia)",
    "type": "Larga Distancia",
    "operator": "Renfe",
    "stroke": "#5F259F",
    "stroke-width": 2,
    "stroke-opacity": 0.7,
    "total_sta": 10,
    "coords_sta": 10,
    "missing_coords": 0
   }
  },
  {
   "type": "Feature",
   "geometry": {
    "type": "LineString",
    "coordinates": [
     [
      -3.6886,
      40.40697
     ],
     [
      -4.57142,
      38.25524
     ],
     [
      -4.56137,
      37.02948
     ],
     [
      -3.60863,
      37.18369
     ],
     [
      -3.12702,
      37.31688
     ],
     [
      -2.43628,
      36.88346
     ]
    ]
   },
   "properties": {
    "lid": "339",
    "name": "Alvia Madrid - Almería",
    "type": "Larga Distancia",
    "operator": "Renfe",
    "stroke": "#5F259F",
    "stroke-width": 2,
    "stroke-opacity": 0.7,
    "total_sta": 6,
    "coords_sta": 6,
    "missing_coords": 0
   }
  },
  {
   "type": "Feature",
   "geometry": {
    "type": "LineString",
    "coordinates": [
     [
      -0.49606,
      38.34498
     ],
     [
      -0.86795,
      38.63227
     ],
     [
      -1.85687,
      38.99485
     ],
     [
      -2.14369,
      40.03396
     ],
     [
      -3.68226,
      40.47206
     ],
     [
      -4.7272,
      41.64334
     ],
     [
      -4.53386,
      42.01573
     ],
     [
      -6.52214,
      42.4055
     ],
     [
      -5.83113,
      43.15865
     ],
     [
      -5.78239,
      43.25004
     ],
     [
      -5.85487,
      43.36636
     ],
     [
      -5.67563,
      43.53773
     ]
    ]
   },
   "properties": {
    "lid": "340",
    "name": "Alvia Alicante - Gijón (express)",
    "type": "Larga Distancia",
    "operator": "Renfe",
    "stroke": "#5F259F",
    "stroke-width": 2,
    "stroke-opacity": 0.7,
    "total_sta": 12,
    "coords_sta": 12,
    "missing_coords": 0
   }
  },
  {
   "type": "Feature",
   "geometry": {
    "type": "LineString",
    "coordinates": [
     [
      2.13996,
      41.37901
     ],
     [
      1.27357,
      41.19217
     ],
     [
      0.63304,
      41.62073
     ],
     [
      -0.91139,
      41.65857
     ],
     [
      -1.59767,
      42.0595
     ],
     [
      -1.69244,
      42.17287
     ],
     [
      -1.67121,
      42.52575
     ],
     [
      -1.66149,
      42.82505
     ],
     [
      -2.6727,
      42.8413
     ],
     [
      -2.94114,
      42.6908
     ],
     [
      -3.66632,
      42.37117
     ],
     [
      -4.53386,
      42.01573
     ],
     [
      -6.52214,
      42.4055
     ],
     [
      -6.04706,
      42.4594
     ],
     [
      -6.42221,
      42.60954
     ],
     [
      -6.60249,
      42.54566
     ],
     [
      -6.98505,
      42.41826
     ],
     [
      -7.11325,
      42.39261
     ],
     [
      -7.28721,
      42.46517
     ],
     [
      -7.50314,
      42.52952
     ],
     [
      -7.87255,
      42.35069
     ],
     [
      -8.5452,
      42.87044
     ],
     [
      -8.41215,
      43.35037
     ]
    ]
   },
   "properties": {
    "lid": "341",
    "name": "Alvia Barcelona - A Coruña (por León)",
    "type": "Larga Distancia",
    "operator": "Renfe",
    "stroke": "#5F259F",
    "stroke-width": 2,
    "stroke-opacity": 0.7,
    "total_sta": 23,
    "coords_sta": 23,
    "missing_coords": 0
   }
  },
  {
   "type": "Feature",
   "geometry": {
    "type": "LineString",
    "coordinates": [
     [
      -0.91139,
      41.65857
     ],
     [
      -1.63842,
      41.34636
     ]
    ]
   },
   "properties": {
    "lid": "342",
    "name": "Avant Zaragoza - Calatayud",
    "type": "Avant",
    "operator": "Renfe",
    "stroke": "#00A650",
    "stroke-width": 2,
    "stroke-opacity": 0.7,
    "total_sta": 2,
    "coords_sta": 2,
    "missing_coords": 0
   }
  },
  {
   "type": "Feature",
   "geometry": {
    "type": "LineString",
    "coordinates": [
     [
      -0.49606,
      38.34498
     ],
     [
      -0.76676,
      38.24539
     ],
     [
      -0.87556,
      38.13675
     ],
     [
      -0.9498,
      38.08126
     ],
     [
      -0.99549,
      38.04715
     ],
     [
      -1.13346,
      37.97658
     ]
    ]
   },
   "properties": {
    "lid": "343",
    "name": "Avant Alicante - Murcia",
    "type": "Avant",
    "operator": "Renfe",
    "stroke": "#00A650",
    "stroke-width": 2,
    "stroke-opacity": 0.7,
    "total_sta": 6,
    "coords_sta": 6,
    "missing_coords": 0
   }
  },
  {
   "type": "Feature",
   "geometry": {
    "type": "LineString",
    "coordinates": [
     [
      -5.29295,
      37.71814
     ],
     [
      -5.10678,
      37.80374
     ],
     [
      -4.91377,
      37.84797
     ],
     [
      -4.85027,
      37.86746
     ],
     [
      -4.57142,
      38.25524
     ],
     [
      -4.72063,
      37.9126
     ],
     [
      -4.67481,
      37.93298
     ],
     [
      -4.28369,
      37.98129
     ]
    ]
   },
   "properties": {
    "lid": "345",
    "name": "Proximidad Córdoba - Palma del Río",
    "type": "Proximidad",
    "operator": "Renfe",
    "stroke": "#00A650",
    "stroke-width": 2,
    "stroke-opacity": 0.7,
    "total_sta": 8,
    "coords_sta": 8,
    "missing_coords": 0
   }
  },
  {
   "type": "Feature",
   "geometry": {
    "type": "LineString",
    "coordinates": [
     [
      -4.45505,
      36.7009
     ],
     [
      -4.47831,
      36.69851
     ],
     [
      -4.54554,
      36.70509
     ],
     [
      -4.60857,
      36.73386
     ],
     [
      -4.66477,
      36.7329
     ],
     [
      -4.712,
      36.76431
     ],
     [
      -4.6994,
      36.81971
     ],
     [
      -4.7192,
      36.87322
     ],
     [
      -4.75913,
      36.90707
     ]
    ]
   },
   "properties": {
    "lid": "346",
    "name": "Proximidad Málaga - El Chorro",
    "type": "Proximidad",
    "operator": "Renfe",
    "stroke": "#00A650",
    "stroke-width": 2,
    "stroke-opacity": 0.7,
    "total_sta": 11,
    "coords_sta": 9,
    "missing_coords": 2
   }
  },
  {
   "type": "Feature",
   "geometry": {
    "type": "LineString",
    "coordinates": [
     [
      -4.53386,
      42.01573
     ],
     [
      -4.49627,
      41.9174
     ],
     [
      -4.54073,
      41.87124
     ],
     [
      -4.57957,
      41.80898
     ],
     [
      -4.62337,
      41.76635
     ],
     [
      -4.65127,
      41.73725
     ],
     [
      -4.70422,
      41.66016
     ],
     [
      -4.7272,
      41.64334
     ],
     [
      -4.75456,
      41.52407
     ],
     [
      -4.77295,
      41.48874
     ],
     [
      -4.80147,
      41.4219
     ],
     [
      -4.83566,
      41.36766
     ],
     [
      -4.90968,
      41.31726
     ]
    ]
   },
   "properties": {
    "lid": "347",
    "name": "Proximidad Palencia - Medina del Campo",
    "type": "Proximidad",
    "operator": "Renfe",
    "stroke": "#00A650",
    "stroke-width": 2,
    "stroke-opacity": 0.7,
    "total_sta": 13,
    "coords_sta": 13,
    "missing_coords": 0
   }
  },
  {
   "type": "Feature",
   "geometry": {
    "type": "LineString",
    "coordinates": [
     [
      -3.84226,
      40.12085
     ],
     [
      -3.82844,
      40.25563
     ],
     [
      -3.79828,
      40.28229
     ],
     [
      -3.77236,
      40.32809
     ],
     [
      -3.6886,
      40.40697
     ]
    ]
   },
   "properties": {
    "lid": "348",
    "name": "Proximidad Illescas - Madrid",
    "type": "Proximidad",
    "operator": "Renfe",
    "stroke": "#00A650",
    "stroke-width": 2,
    "stroke-opacity": 0.7,
    "total_sta": 5,
    "coords_sta": 5,
    "missing_coords": 0
   }
  },
  {
   "type": "Feature",
   "geometry": {
    "type": "LineString",
    "coordinates": [
     [
      -8.7119,
      42.23496
     ],
     [
      -8.60372,
      42.28549
     ],
     [
      -8.61067,
      42.34041
     ],
     [
      -8.6354,
      42.42168
     ],
     [
      -8.76228,
      42.60199
     ],
     [
      -8.65241,
      42.73898
     ],
     [
      -8.5452,
      42.87044
     ],
     [
      -8.44688,
      43.20764
     ],
     [
      -8.41215,
      43.35037
     ]
    ]
   },
   "properties": {
    "lid": "349",
    "name": "MD AV Vigo - A Coruña",
    "type": "Media Distancia AV",
    "operator": "Renfe",
    "stroke": "#FF8200",
    "stroke-width": 2,
    "stroke-opacity": 0.7,
    "total_sta": 9,
    "coords_sta": 9,
    "missing_coords": 0
   }
  },
  {
   "type": "Feature",
   "geometry": {
    "type": "LineString",
    "coordinates": [
     [
      -8.5452,
      42.87044
     ],
     [
      -8.371,
      42.9398
     ],
     [
      -8.44688,
      43.20764
     ],
     [
      -8.44418,
      43.29751
     ],
     [
      -8.41215,
      43.35037
     ]
    ]
   },
   "properties": {
    "lid": "350",
    "name": "MD AV Santiago - A Coruña",
    "type": "Media Distancia AV",
    "operator": "Renfe",
    "stroke": "#FF8200",
    "stroke-width": 2,
    "stroke-opacity": 0.7,
    "total_sta": 5,
    "coords_sta": 5,
    "missing_coords": 0
   }
  },
  {
   "type": "Feature",
   "geometry": {
    "type": "LineString",
    "coordinates": [
     [
      -5.85487,
      43.36636
     ],
     [
      -5.82714,
      43.38817
     ],
     [
      -5.80874,
      43.38621
     ],
     [
      -5.79207,
      43.37949
     ],
     [
      -5.74855,
      43.38092
     ],
     [
      -5.72969,
      43.38174
     ],
     [
      -5.70247,
      43.38248
     ],
     [
      -5.67464,
      43.38669
     ],
     [
      -5.65694,
      43.39917
     ],
     [
      -5.60145,
      43.37753
     ],
     [
      -5.58266,
      43.38052
     ],
     [
      -5.54614,
      43.3751
     ],
     [
      -5.52525,
      43.3688
     ],
     [
      -5.50899,
      43.36119
     ],
     [
      -5.45111,
      43.35617
     ],
     [
      -5.43457,
      43.35537
     ],
     [
      -5.38416,
      43.35988
     ],
     [
      -5.36916,
      43.35191
     ],
     [
      -5.36066,
      43.34401
     ],
     [
      -5.30326,
      43.36266
     ],
     [
      -6.3,
      43.58
     ],
     [
      -5.2,
      43.53
     ],
     [
      -5.18827,
      43.38752
     ],
     [
      -4.88,
      43.38
     ],
     [
      -5.07331,
      43.43123
     ],
     [
      -5.07,
      43.45
     ],
     [
      -5.05466,
      43.45938
     ],
     [
      -5.065,
      43.45
     ],
     [
      -5.0,
      43.47
     ],
     [
      -4.97,
      43.475
     ],
     [
      -4.80752,
      43.42977
     ],
     [
      -4.75912,
      43.42091
     ],
     [
      -4.67277,
      43.39655
     ],
     [
      -4.62,
      43.38
     ],
     [
      -4.58168,
      43.38971
     ],
     [
      -4.48029,
      43.37026
     ],
     [
      -5.65292,
      43.2891
     ],
     [
      -3.43831,
      43.28441
     ],
     [
      -4.34925,
      43.32832
     ],
     [
      -4.30902,
      43.31838
     ],
     [
      -4.23176,
      43.30784
     ],
     [
      -4.1494,
      43.36115
     ],
     [
      -4.08772,
      43.35877
     ],
     [
      -4.05127,
      43.35104
     ],
     [
      -3.81102,
      43.4583
     ]
    ]
   },
   "properties": {
    "lid": "351",
    "name": "Regional R-2 Oviedo - Llanes - Santander",
    "type": "Regional",
    "operator": "Renfe",
    "stroke": "#008000",
    "stroke-width": 2,
    "stroke-opacity": 0.7,
    "total_sta": 46,
    "coords_sta": 45,
    "missing_coords": 1
   }
  },
  {
   "type": "Feature",
   "geometry": {
    "type": "LineString",
    "coordinates": [
     [
      -3.81102,
      43.4583
     ],
     [
      -3.82781,
      43.45404
     ],
     [
      -3.84724,
      43.4444
     ],
     [
      -3.84041,
      43.42746
     ],
     [
      -3.84096,
      43.41612
     ],
     [
      -3.8209,
      43.40396
     ],
     [
      -3.81489,
      43.39727
     ],
     [
      -3.80377,
      43.39373
     ],
     [
      -3.76655,
      43.40105
     ],
     [
      -3.73816,
      43.39942
     ],
     [
      -3.70366,
      43.41124
     ],
     [
      -3.66666,
      43.40502
     ],
     [
      -3.57707,
      43.41363
     ],
     [
      -3.52496,
      43.42303
     ],
     [
      -3.49051,
      43.41708
     ],
     [
      -3.46936,
      43.39418
     ],
     [
      -3.43336,
      43.35883
     ],
     [
      -3.42105,
      43.34653
     ],
     [
      -3.44564,
      43.31366
     ],
     [
      -3.43828,
      43.28203
     ],
     [
      -3.19827,
      43.23335
     ],
     [
      -3.10896,
      43.2105
     ],
     [
      -3.05048,
      43.20205
     ],
     [
      -3.01643,
      43.23336
     ],
     [
      -2.98998,
      43.24782
     ],
     [
      -2.95322,
      43.25965
     ],
     [
      -2.92524,
      43.29188
     ],
     [
      -2.92546,
      43.26903
     ]
    ]
   },
   "properties": {
    "lid": "352",
    "name": "Regional R-3 Santander - Marrón - Carranza - Bilbao",
    "type": "Regional",
    "operator": "Renfe",
    "stroke": "#008000",
    "stroke-width": 2,
    "stroke-opacity": 0.7,
    "total_sta": 28,
    "coords_sta": 28,
    "missing_coords": 0
   }
  },
  {
   "type": "Feature",
   "geometry": {
    "type": "LineString",
    "coordinates": [
     [
      -2.92546,
      43.26903
     ],
     [
      -2.92524,
      43.29188
     ],
     [
      -2.95322,
      43.25965
     ],
     [
      -2.98998,
      43.24782
     ],
     [
      -3.01643,
      43.23336
     ],
     [
      -3.05048,
      43.20205
     ],
     [
      -3.10896,
      43.2105
     ],
     [
      -3.10896,
      43.2105
     ],
     [
      -3.13333,
      43.21283
     ],
     [
      -3.18981,
      43.19654
     ],
     [
      -5.70247,
      43.38248
     ],
     [
      -3.45763,
      43.0884
     ],
     [
      -3.64949,
      43.17974
     ],
     [
      -3.61968,
      43.06058
     ],
     [
      -3.68835,
      43.04527
     ],
     [
      -3.75683,
      43.01241
     ],
     [
      -3.88,
      42.96
     ],
     [
      -3.84486,
      43.00579
     ],
     [
      -3.85841,
      42.99637
     ],
     [
      -3.94475,
      42.99152
     ],
     [
      -3.98261,
      42.98795
     ],
     [
      -4.04268,
      42.9321
     ],
     [
      -4.07531,
      42.91032
     ],
     [
      -4.16506,
      42.87121
     ],
     [
      -4.38611,
      42.85131
     ],
     [
      -4.4944,
      42.83933
     ],
     [
      -4.60194,
      42.81211
     ],
     [
      -4.68605,
      42.81855
     ],
     [
      -4.74178,
      42.80196
     ],
     [
      -4.85188,
      42.79097
     ],
     [
      -4.85188,
      42.79097
     ],
     [
      -4.90536,
      42.78668
     ],
     [
      -4.92968,
      42.76528
     ],
     [
      -4.97248,
      42.7876
     ],
     [
      -5.00559,
      42.77981
     ],
     [
      -5.02714,
      42.78328
     ],
     [
      -5.04132,
      42.7703
     ],
     [
      -5.07096,
      42.76789
     ],
     [
      -5.12748,
      42.78615
     ],
     [
      -5.13091,
      42.80318
     ],
     [
      -5.21402,
      42.80889
     ],
     [
      -5.32871,
      42.86278
     ],
     [
      -5.41207,
      42.85511
     ],
     [
      -5.52217,
      42.84114
     ],
     [
      -5.53796,
      42.68227
     ],
     [
      -6.52214,
      42.4055
     ]
    ]
   },
   "properties": {
    "lid": "353",
    "name": "Regional R-4 Bilbao - Mataporquera - León",
    "type": "Regional",
    "operator": "Renfe",
    "stroke": "#008000",
    "stroke-width": 2,
    "stroke-opacity": 0.7,
    "total_sta": 48,
    "coords_sta": 46,
    "missing_coords": 2
   }
  },
  {
   "type": "Feature",
   "geometry": {
    "type": "LineString",
    "coordinates": [
     [
      -8.41215,
      43.35037
     ],
     [
      -8.44688,
      43.20764
     ],
     [
      -8.371,
      42.9398
     ],
     [
      -8.5452,
      42.87044
     ],
     [
      -8.65241,
      42.73898
     ],
     [
      -8.72537,
      42.67224
     ],
     [
      -8.76228,
      42.60199
     ],
     [
      -8.6354,
      42.42168
     ],
     [
      -8.61067,
      42.34041
     ],
     [
      -8.60372,
      42.28549
     ],
     [
      -8.60372,
      42.28549
     ],
     [
      -8.71188,
      42.23952
     ]
    ]
   },
   "properties": {
    "lid": "354",
    "name": "Regional 1 La Coruña - Vigo-Guixar",
    "type": "Regional",
    "operator": "Renfe",
    "stroke": "#008000",
    "stroke-width": 2,
    "stroke-opacity": 0.7,
    "total_sta": 12,
    "coords_sta": 12,
    "missing_coords": 0
   }
  },
  {
   "type": "Feature",
   "geometry": {
    "type": "LineString",
    "coordinates": [
     [
      -8.71188,
      42.23952
     ],
     [
      -8.60372,
      42.28549
     ],
     [
      -8.62217,
      42.16414
     ],
     [
      -8.62254,
      42.06567
     ],
     [
      -8.63929,
      42.0247
     ]
    ]
   },
   "properties": {
    "lid": "355",
    "name": "Regional 3A Vigo-Guixar - Valença do Minho",
    "type": "Regional",
    "operator": "Renfe",
    "stroke": "#008000",
    "stroke-width": 2,
    "stroke-opacity": 0.7,
    "total_sta": 6,
    "coords_sta": 5,
    "missing_coords": 1
   }
  },
  {
   "type": "Feature",
   "geometry": {
    "type": "LineString",
    "coordinates": [
     [
      -4.7272,
      41.64334
     ],
     [
      -4.90968,
      41.31726
     ],
     [
      -4.70193,
      41.04707
     ],
     [
      -4.68332,
      40.65721
     ],
     [
      -4.49501,
      40.59935
     ],
     [
      -4.40863,
      40.59093
     ],
     [
      -4.36162,
      40.58916
     ],
     [
      -4.26932,
      40.56882
     ],
     [
      -4.24714,
      40.52122
     ],
     [
      -4.15797,
      40.53863
     ],
     [
      -4.13232,
      40.58526
     ],
     [
      -4.00815,
      40.62638
     ],
     [
      -3.71903,
      40.4216
     ]
    ]
   },
   "properties": {
    "lid": "357",
    "name": "MD 16 Valladolid - Ávila - Madrid",
    "type": "Media Distancia",
    "operator": "Renfe",
    "stroke": "#FF8C00",
    "stroke-width": 2,
    "stroke-opacity": 0.7,
    "total_sta": 13,
    "coords_sta": 13,
    "missing_coords": 0
   }
  },
  {
   "type": "Feature",
   "geometry": {
    "type": "LineString",
    "coordinates": [
     [
      -4.7272,
      41.64334
     ],
     [
      -4.77295,
      41.48874
     ],
     [
      -4.80147,
      41.4219
     ],
     [
      -4.83566,
      41.36766
     ],
     [
      -4.90968,
      41.31726
     ],
     [
      -5.73978,
      41.516
     ],
     [
      -5.99324,
      41.65288
     ],
     [
      -6.45336,
      41.73022
     ],
     [
      -6.62699,
      42.04552
     ]
    ]
   },
   "properties": {
    "lid": "358",
    "name": "Regional Exprés 18 Valladolid - Zamora - Puebla de Sanabria",
    "type": "Regional Exprés",
    "operator": "Renfe",
    "stroke": "#32CD32",
    "stroke-width": 2,
    "stroke-opacity": 0.7,
    "total_sta": 10,
    "coords_sta": 9,
    "missing_coords": 1
   }
  },
  {
   "type": "Feature",
   "geometry": {
    "type": "LineString",
    "coordinates": [
     [
      -4.53386,
      42.01573
     ],
     [
      -4.49627,
      41.9174
     ],
     [
      -4.54073,
      41.87124
     ],
     [
      -4.57957,
      41.80898
     ],
     [
      -4.65127,
      41.73725
     ],
     [
      -4.70422,
      41.66016
     ],
     [
      -4.7272,
      41.64334
     ],
     [
      -4.77295,
      41.48874
     ],
     [
      -4.80147,
      41.4219
     ],
     [
      -4.83566,
      41.36766
     ],
     [
      -4.90968,
      41.31726
     ],
     [
      -5.64706,
      40.9718
     ],
     [
      -5.64706,
      40.9718
     ]
    ]
   },
   "properties": {
    "lid": "359",
    "name": "MD 19 Palencia - Valladolid - Salamanca",
    "type": "Media Distancia",
    "operator": "Renfe",
    "stroke": "#FF8C00",
    "stroke-width": 2,
    "stroke-opacity": 0.7,
    "total_sta": 14,
    "coords_sta": 13,
    "missing_coords": 1
   }
  },
  {
   "type": "Feature",
   "geometry": {
    "type": "LineString",
    "coordinates": [
     [
      -4.7272,
      41.64334
     ],
     [
      -4.70422,
      41.66016
     ],
     [
      -4.65127,
      41.73725
     ],
     [
      -4.62337,
      41.76635
     ],
     [
      -4.57957,
      41.80898
     ],
     [
      -4.54073,
      41.87124
     ],
     [
      -4.49627,
      41.9174
     ],
     [
      -4.53386,
      42.01573
     ],
     [
      -4.40239,
      42.26487
     ],
     [
      -4.35728,
      42.41418
     ],
     [
      -4.31647,
      42.59868
     ],
     [
      -4.31123,
      42.65682
     ],
     [
      -4.23375,
      42.78527
     ],
     [
      -4.16506,
      42.87121
     ],
     [
      -4.14103,
      42.99434
     ],
     [
      -3.43831,
      43.28441
     ],
     [
      -4.06397,
      43.25507
     ],
     [
      -4.04246,
      43.32744
     ],
     [
      -3.94951,
      43.35305
     ],
     [
      -3.84096,
      43.41612
     ],
     [
      -3.82781,
      43.45404
     ],
     [
      -3.81102,
      43.4583
     ]
    ]
   },
   "properties": {
    "lid": "360",
    "name": "Regional 20 Valladolid - Santander",
    "type": "Regional",
    "operator": "Renfe",
    "stroke": "#008000",
    "stroke-width": 2,
    "stroke-opacity": 0.7,
    "total_sta": 22,
    "coords_sta": 22,
    "missing_coords": 0
   }
  },
  {
   "type": "Feature",
   "geometry": {
    "type": "LineString",
    "coordinates": [
     [
      -4.7272,
      41.64334
     ],
     [
      -4.49627,
      41.9174
     ],
     [
      -4.53386,
      42.01573
     ],
     [
      -4.43198,
      41.9765
     ],
     [
      -4.19855,
      42.07996
     ],
     [
      -3.99962,
      42.21566
     ],
     [
      -3.31908,
      42.54273
     ],
     [
      -3.11282,
      42.63021
     ],
     [
      -2.94114,
      42.6908
     ],
     [
      -2.6727,
      42.8413
     ]
    ]
   },
   "properties": {
    "lid": "361",
    "name": "MD 21 Valladolid - Burgos - Vitoria",
    "type": "Media Distancia",
    "operator": "Renfe",
    "stroke": "#FF8C00",
    "stroke-width": 2,
    "stroke-opacity": 0.7,
    "total_sta": 10,
    "coords_sta": 10,
    "missing_coords": 0
   }
  },
  {
   "type": "Feature",
   "geometry": {
    "type": "LineString",
    "coordinates": [
     [
      -0.86832,
      41.63319
     ],
     [
      -0.89134,
      41.64392
     ],
     [
      -0.8959,
      41.65274
     ],
     [
      -0.91139,
      41.65857
     ],
     [
      -0.99849,
      41.71092
     ],
     [
      -1.02049,
      41.72273
     ],
     [
      -1.11261,
      41.77163
     ],
     [
      -1.32133,
      41.86709
     ],
     [
      -1.42087,
      41.91536
     ],
     [
      -1.51548,
      41.99707
     ],
     [
      -1.59767,
      42.0595
     ],
     [
      -1.69244,
      42.17287
     ],
     [
      -1.74814,
      42.18661
     ],
     [
      -1.84786,
      42.23005
     ],
     [
      -1.95782,
      42.3107
     ],
     [
      -2.44082,
      42.45757
     ]
    ]
   },
   "properties": {
    "lid": "362",
    "name": "MD, Regional Exprés 22 Zaragoza - Logroño",
    "type": "Media Distancia",
    "operator": "Renfe",
    "stroke": "#FF8C00",
    "stroke-width": 2,
    "stroke-opacity": 0.7,
    "total_sta": 16,
    "coords_sta": 16,
    "missing_coords": 0
   }
  },
  {
   "type": "Feature",
   "geometry": {
    "type": "LineString",
    "coordinates": [
     [
      -6.52214,
      42.4055
     ],
     [
      -5.83896,
      42.46459
     ],
     [
      -5.8875,
      42.43347
     ],
     [
      -5.96406,
      42.41444
     ],
     [
      -6.00803,
      42.42439
     ],
     [
      -6.04706,
      42.4594
     ],
     [
      -6.20097,
      42.63278
     ],
     [
      -6.42221,
      42.60954
     ],
     [
      -6.60249,
      42.54566
     ],
     [
      -6.75104,
      42.53685
     ],
     [
      -6.82946,
      42.42064
     ],
     [
      -6.91194,
      42.41477
     ],
     [
      -6.98505,
      42.41826
     ],
     [
      -6.98505,
      42.41826
     ],
     [
      -7.11325,
      42.39261
     ],
     [
      -7.19455,
      42.3937
     ],
     [
      -7.28721,
      42.46517
     ],
     [
      -7.50314,
      42.52952
     ]
    ]
   },
   "properties": {
    "lid": "363",
    "name": "MD 23 León - Ponferrada - Monforte",
    "type": "Media Distancia",
    "operator": "Renfe",
    "stroke": "#FF8C00",
    "stroke-width": 2,
    "stroke-opacity": 0.7,
    "total_sta": 19,
    "coords_sta": 18,
    "missing_coords": 1
   }
  },
  {
   "type": "Feature",
   "geometry": {
    "type": "LineString",
    "coordinates": [
     [
      -6.52214,
      42.4055
     ],
     [
      -5.62648,
      42.80399
     ],
     [
      -5.65694,
      43.39917
     ],
     [
      -5.97154,
      43.55367
     ],
     [
      -5.76944,
      43.07168
     ],
     [
      -5.8164,
      43.11012
     ],
     [
      -5.83113,
      43.15865
     ],
     [
      -5.67945,
      43.29185
     ],
     [
      -5.78239,
      43.25004
     ],
     [
      -5.85738,
      43.3588
     ],
     [
      -5.85487,
      43.36636
     ],
     [
      -5.69716,
      43.53537
     ],
     [
      -5.67563,
      43.53773
     ]
    ]
   },
   "properties": {
    "lid": "364",
    "name": "Regional 24 León - Gijón",
    "type": "Regional",
    "operator": "Renfe",
    "stroke": "#008000",
    "stroke-width": 2,
    "stroke-opacity": 0.7,
    "total_sta": 13,
    "coords_sta": 13,
    "missing_coords": 0
   }
  },
  {
   "type": "Feature",
   "geometry": {
    "type": "LineString",
    "coordinates": [
     [
      -1.80058,
      43.33921
     ],
     [
      -1.89869,
      43.31101
     ],
     [
      -1.91707,
      43.31898
     ],
     [
      -1.93671,
      43.31962
     ],
     [
      -1.95487,
      43.31423
     ],
     [
      -1.95892,
      43.32033
     ],
     [
      -1.9733,
      43.32194
     ],
     [
      -1.96379,
      43.2724
     ],
     [
      -2.01562,
      43.22214
     ],
     [
      -2.07,
      43.2
     ],
     [
      -2.07914,
      43.13564
     ],
     [
      -2.17922,
      43.05261
     ],
     [
      -2.20234,
      43.0461
     ],
     [
      -2.31988,
      43.08701
     ],
     [
      -2.33048,
      43.05101
     ],
     [
      -2.18131,
      42.89541
     ],
     [
      -2.38889,
      42.84631
     ],
     [
      -2.51463,
      42.84904
     ],
     [
      -2.6727,
      42.8413
     ],
     [
      -2.94114,
      42.6908
     ]
    ]
   },
   "properties": {
    "lid": "365",
    "name": "MD Regional Exprés 25 Irún - Vitoria - Miranda de Ebro",
    "type": "Media Distancia",
    "operator": "Renfe",
    "stroke": "#FF8C00",
    "stroke-width": 2,
    "stroke-opacity": 0.7,
    "total_sta": 21,
    "coords_sta": 20,
    "missing_coords": 1
   }
  },
  {
   "type": "Feature",
   "geometry": {
    "type": "LineString",
    "coordinates": [
     [
      -0.86832,
      41.63319
     ],
     [
      -0.89134,
      41.64392
     ],
     [
      -0.8959,
      41.65274
     ],
     [
      -0.91139,
      41.65857
     ],
     [
      -0.99849,
      41.71092
     ],
     [
      -1.02049,
      41.72273
     ],
     [
      -1.11261,
      41.77163
     ],
     [
      -1.32133,
      41.86709
     ],
     [
      -1.42087,
      41.91536
     ],
     [
      -1.51548,
      41.99707
     ],
     [
      -1.59767,
      42.0595
     ],
     [
      -1.69244,
      42.17287
     ],
     [
      -1.67121,
      42.52575
     ],
     [
      -1.66149,
      42.82505
     ],
     [
      -1.97483,
      42.92039
     ],
     [
      -2.18131,
      42.89541
     ],
     [
      -2.38889,
      42.84631
     ],
     [
      -2.51463,
      42.84904
     ],
     [
      -2.6727,
      42.8413
     ]
    ]
   },
   "properties": {
    "lid": "366",
    "name": "Regional Exprés 26 Zaragoza - Pamplona - Vitoria",
    "type": "Regional Exprés",
    "operator": "Renfe",
    "stroke": "#32CD32",
    "stroke-width": 2,
    "stroke-opacity": 0.7,
    "total_sta": 19,
    "coords_sta": 19,
    "missing_coords": 0
   }
  },
  {
   "type": "Feature",
   "geometry": {
    "type": "LineString",
    "coordinates": [
     [
      2.16538,
      41.39254
     ],
     [
      2.15215,
      41.39976
     ],
     [
      2.13996,
      41.37901
     ],
     [
      1.73082,
      41.22018
     ],
     [
      1.52579,
      41.18608
     ],
     [
      1.40571,
      41.14279
     ],
     [
      1.3733,
      41.13661
     ],
     [
      1.25354,
      41.11122
     ],
     [
      1.15044,
      41.11288
     ],
     [
      1.04528,
      41.08111
     ],
     [
      0.52288,
      40.80712
     ]
    ]
   },
   "properties": {
    "lid": "367",
    "name": "Regional Exprés 32/R16 Barcelona - Tarragona - Tortosa",
    "type": "Regional Exprés",
    "operator": "Renfe",
    "stroke": "#32CD32",
    "stroke-width": 2,
    "stroke-opacity": 0.7,
    "total_sta": 12,
    "coords_sta": 11,
    "missing_coords": 1
   }
  },
  {
   "type": "Feature",
   "geometry": {
    "type": "LineString",
    "coordinates": [
     [
      2.13996,
      41.37901
     ],
     [
      2.16538,
      41.39254
     ],
     [
      2.18692,
      41.41014
     ],
     [
      2.19114,
      41.43663
     ],
     [
      2.29161,
      41.59965
     ],
     [
      2.49097,
      41.68565
     ],
     [
      2.67338,
      41.77217
     ],
     [
      2.74502,
      41.80748
     ],
     [
      2.80057,
      41.84116
     ],
     [
      2.81174,
      41.89616
     ],
     [
      2.17096,
      41.39502
     ],
     [
      2.87485,
      42.02732
     ],
     [
      2.9153,
      42.03698
     ],
     [
      2.95717,
      42.04749
     ],
     [
      2.96476,
      42.06828
     ],
     [
      2.96561,
      42.12222
     ],
     [
      2.97803,
      42.21637
     ],
     [
      2.96897,
      42.265
     ],
     [
      3.0863,
      42.32515
     ],
     [
      3.14916,
      42.3668
     ],
     [
      3.15418,
      42.407
     ],
     [
      3.15801,
      42.4248
     ]
    ]
   },
   "properties": {
    "lid": "368",
    "name": "MD Regional 33/R11 Barcelona - Gerona - Figueras - Portbou",
    "type": "Media Distancia",
    "operator": "Renfe",
    "stroke": "#FF8C00",
    "stroke-width": 2,
    "stroke-opacity": 0.7,
    "total_sta": 23,
    "coords_sta": 22,
    "missing_coords": 1
   }
  },
  {
   "type": "Feature",
   "geometry": {
    "type": "LineString",
    "coordinates": [
     [
      -1.63842,
      41.34636
     ],
     [
      -0.8959,
      41.65274
     ],
     [
      -0.89134,
      41.64392
     ],
     [
      -0.86832,
      41.63319
     ],
     [
      -0.61838,
      41.51524
     ],
     [
      -0.49073,
      41.41944
     ],
     [
      -0.42702,
      41.32049
     ],
     [
      -0.43819,
      41.22451
     ],
     [
      -0.36874,
      41.18208
     ],
     [
      -0.04274,
      41.23991
     ],
     [
      0.07606,
      41.22955
     ],
     [
      0.13895,
      41.22957
     ],
     [
      0.24239,
      41.21373
     ],
     [
      -0.94395,
      40.21239
     ],
     [
      -0.61838,
      41.51524
     ],
     [
      0.54015,
      41.22942
     ],
     [
      0.56905,
      41.18232
     ],
     [
      -1.28742,
      40.92637
     ],
     [
      0.81051,
      41.13093
     ],
     [
      0.85864,
      41.13316
     ],
     [
      0.97578,
      41.14005
     ],
     [
      1.02207,
      41.16641
     ],
     [
      1.09994,
      41.1606
     ],
     [
      1.15044,
      41.11288
     ],
     [
      1.25354,
      41.11122
     ],
     [
      1.3733,
      41.13661
     ],
     [
      1.40571,
      41.14279
     ],
     [
      1.52579,
      41.18608
     ],
     [
      2.13996,
      41.37901
     ],
     [
      2.15215,
      41.39976
     ],
     [
      2.16538,
      41.39254
     ]
    ]
   },
   "properties": {
    "lid": "369",
    "name": "Regional Exprés 34 Madrid -Zaragoza - Caspe - Barcelona",
    "type": "Regional Exprés",
    "operator": "Renfe",
    "stroke": "#32CD32",
    "stroke-width": 2,
    "stroke-opacity": 0.7,
    "total_sta": 31,
    "coords_sta": 31,
    "missing_coords": 0
   }
  },
  {
   "type": "Feature",
   "geometry": {
    "type": "LineString",
    "coordinates": [
     [
      2.18556,
      41.38439
     ],
     [
      2.16538,
      41.39254
     ],
     [
      2.13996,
      41.37901
     ],
     [
      1.73082,
      41.22018
     ],
     [
      1.52579,
      41.18608
     ],
     [
      1.37659,
      41.22339
     ],
     [
      1.31748,
      41.2395
     ],
     [
      1.2974,
      41.25034
     ],
     [
      1.25878,
      41.29835
     ],
     [
      1.195,
      41.30604
     ],
     [
      1.17649,
      41.33763
     ],
     [
      1.16571,
      41.37652
     ],
     [
      0.82553,
      41.54392
     ],
     [
      0.651,
      41.6237
     ]
    ]
   },
   "properties": {
    "lid": "370",
    "name": "Regional Exprés 35a/R13 Barcelona - Valls - Lérida",
    "type": "Regional Exprés",
    "operator": "Renfe",
    "stroke": "#32CD32",
    "stroke-width": 2,
    "stroke-opacity": 0.7,
    "total_sta": 20,
    "coords_sta": 14,
    "missing_coords": 6
   }
  },
  {
   "type": "Feature",
   "geometry": {
    "type": "LineString",
    "coordinates": [
     [
      2.16538,
      41.39254
     ],
     [
      2.15215,
      41.39976
     ],
     [
      2.13996,
      41.37901
     ],
     [
      1.73082,
      41.22018
     ],
     [
      1.52579,
      41.18608
     ],
     [
      1.40571,
      41.14279
     ],
     [
      1.3733,
      41.13661
     ],
     [
      1.25354,
      41.11122
     ],
     [
      1.15044,
      41.11288
     ],
     [
      1.09994,
      41.1606
     ],
     [
      1.195,
      41.30604
     ],
     [
      1.16571,
      41.37652
     ],
     [
      2.0732,
      41.44486
     ],
     [
      0.651,
      41.6237
     ],
     [
      0.651,
      41.6237
     ]
    ]
   },
   "properties": {
    "lid": "371",
    "name": "R14 Barcelona - Tarragona - Lleida (express)",
    "type": "Media Distancia",
    "operator": "Renfe",
    "stroke": "#FF8C00",
    "stroke-width": 2,
    "stroke-opacity": 0.7,
    "total_sta": 15,
    "coords_sta": 15,
    "missing_coords": 0
   }
  },
  {
   "type": "Feature",
   "geometry": {
    "type": "LineString",
    "coordinates": [
     [
      -0.91139,
      41.65857
     ],
     [
      -0.8959,
      41.65274
     ],
     [
      -0.89134,
      41.64392
     ],
     [
      -0.86832,
      41.63319
     ],
     [
      -0.82216,
      41.7654
     ],
     [
      -0.53843,
      41.97557
     ],
     [
      -0.36931,
      41.93795
     ],
     [
      -0.17266,
      41.81725
     ],
     [
      0.1969,
      41.91372
     ],
     [
      0.29141,
      41.84974
     ],
     [
      0.651,
      41.6237
     ]
    ]
   },
   "properties": {
    "lid": "373",
    "name": "Regional Exprés 38 Zaragoza - Monzón-Río Cinca - Lérida",
    "type": "Regional Exprés",
    "operator": "Renfe",
    "stroke": "#32CD32",
    "stroke-width": 2,
    "stroke-opacity": 0.7,
    "total_sta": 11,
    "coords_sta": 11,
    "missing_coords": 0
   }
  },
  {
   "type": "Feature",
   "geometry": {
    "type": "LineString",
    "coordinates": [
     [
      -0.52468,
      38.99225
     ],
     [
      -0.75309,
      38.87813
     ],
     [
      -0.86795,
      38.63227
     ],
     [
      -0.8142,
      38.54472
     ],
     [
      -0.8011,
      38.4849
     ],
     [
      -0.77755,
      38.40726
     ],
     [
      -0.49606,
      38.34498
     ],
     [
      -0.58276,
      38.28965
     ],
     [
      -0.6951,
      38.27179
     ],
     [
      -0.7063,
      38.26904
     ],
     [
      -0.78156,
      38.22451
     ],
     [
      -0.83835,
      38.16725
     ],
     [
      -0.87441,
      38.12267
     ],
     [
      -0.9498,
      38.08126
     ],
     [
      -0.99549,
      38.04715
     ],
     [
      -1.13346,
      37.97658
     ],
     [
      -0.83407,
      37.77891
     ],
     [
      -0.96706,
      37.74694
     ],
     [
      -0.97497,
      37.60503
     ]
    ]
   },
   "properties": {
    "lid": "374",
    "name": "MD 44 Valencia - Alicante - Murcia - Cartagena",
    "type": "Media Distancia",
    "operator": "Renfe",
    "stroke": "#FF8C00",
    "stroke-width": 2,
    "stroke-opacity": 0.7,
    "total_sta": 19,
    "coords_sta": 19,
    "missing_coords": 0
   }
  },
  {
   "type": "Feature",
   "geometry": {
    "type": "LineString",
    "coordinates": [
     [
      -0.49606,
      38.34498
     ],
     [
      -0.8011,
      38.4849
     ],
     [
      -0.86795,
      38.63227
     ],
     [
      -0.95956,
      38.71627
     ],
     [
      -1.10557,
      38.86765
     ],
     [
      -1.85687,
      38.99485
     ],
     [
      -2.16292,
      39.19932
     ],
     [
      -2.59851,
      39.26072
     ],
     [
      -2.77539,
      39.27854
     ],
     [
      -3.20537,
      39.39566
     ],
     [
      -3.3706,
      39.0059
     ],
     [
      -3.60408,
      39.06141
     ],
     [
      -3.70965,
      38.89551
     ],
     [
      -3.91314,
      38.98487
     ]
    ]
   },
   "properties": {
    "lid": "375",
    "name": "MD 45 Alicante - Albacete - Alcázar - Ciudad Real",
    "type": "Media Distancia",
    "operator": "Renfe",
    "stroke": "#FF8C00",
    "stroke-width": 2,
    "stroke-opacity": 0.7,
    "total_sta": 14,
    "coords_sta": 14,
    "missing_coords": 0
   }
  },
  {
   "type": "Feature",
   "geometry": {
    "type": "LineString",
    "coordinates": [
     [
      -0.41494,
      39.36175
     ],
     [
      -0.52468,
      38.99225
     ],
     [
      -0.75309,
      38.87813
     ],
     [
      -0.95385,
      38.76545
     ],
     [
      -1.10557,
      38.86765
     ],
     [
      -1.85687,
      38.99485
     ],
     [
      -2.16292,
      39.19932
     ],
     [
      -2.59851,
      39.26072
     ],
     [
      -2.77539,
      39.27854
     ],
     [
      -3.20537,
      39.39566
     ]
    ]
   },
   "properties": {
    "lid": "376",
    "name": "Regional Exprés 46 Valencia - Albacete - Alcázar",
    "type": "Regional Exprés",
    "operator": "Renfe",
    "stroke": "#32CD32",
    "stroke-width": 2,
    "stroke-opacity": 0.7,
    "total_sta": 10,
    "coords_sta": 10,
    "missing_coords": 0
   }
  },
  {
   "type": "Feature",
   "geometry": {
    "type": "LineString",
    "coordinates": [
     [
      -0.10405,
      39.8965
     ],
     [
      -0.56738,
      39.48567
     ],
     [
      -0.68627,
      39.49078
     ],
     [
      -0.72292,
      39.47105
     ],
     [
      -0.7874,
      39.4271
     ],
     [
      -1.13473,
      39.52175
     ],
     [
      -1.13473,
      39.52175
     ],
     [
      -1.13473,
      39.52175
     ],
     [
      -1.40317,
      39.64495
     ],
     [
      -2.14369,
      40.03396
     ],
     [
      -2.68219,
      40.14602
     ],
     [
      -3.00978,
      40.0065
     ],
     [
      -3.61825,
      40.03483
     ],
     [
      -3.68398,
      40.35259
     ],
     [
      -3.6886,
      40.40697
     ]
    ]
   },
   "properties": {
    "lid": "377",
    "name": "Regional 48 Valencia - Cuenca - Madrid",
    "type": "Regional",
    "operator": "Renfe",
    "stroke": "#008000",
    "stroke-width": 2,
    "stroke-opacity": 0.7,
    "total_sta": 15,
    "coords_sta": 15,
    "missing_coords": 0
   }
  },
  {
   "type": "Feature",
   "geometry": {
    "type": "LineString",
    "coordinates": [
     [
      -0.38121,
      39.46005
     ],
     [
      -0.27141,
      39.67567
     ],
     [
      -0.48235,
      39.84706
     ],
     [
      -0.69642,
      40.01156
     ],
     [
      -0.77347,
      40.11784
     ],
     [
      -0.82358,
      40.14615
     ],
     [
      -1.11042,
      40.34099
     ],
     [
      -1.24479,
      40.45529
     ],
     [
      -1.31292,
      40.57306
     ],
     [
      -1.35823,
      40.68377
     ],
     [
      -1.36085,
      40.78229
     ],
     [
      -1.34052,
      40.82625
     ],
     [
      -1.33858,
      40.85045
     ],
     [
      -1.28742,
      40.92637
     ],
     [
      -1.26171,
      40.93708
     ],
     [
      -1.26904,
      40.95765
     ],
     [
      -1.25479,
      41.00931
     ],
     [
      -1.23859,
      41.06384
     ],
     [
      -1.23985,
      41.10852
     ],
     [
      -1.25156,
      41.1398
     ],
     [
      -1.27885,
      41.16561
     ],
     [
      -1.2871,
      41.19631
     ],
     [
      -1.22909,
      41.3358
     ],
     [
      -1.1585,
      41.40616
     ],
     [
      -1.08621,
      41.46913
     ],
     [
      -0.99748,
      41.54009
     ],
     [
      -0.91139,
      41.65857
     ],
     [
      -0.8959,
      41.65274
     ],
     [
      -0.89134,
      41.64392
     ],
     [
      -0.86832,
      41.63319
     ]
    ]
   },
   "properties": {
    "lid": "378",
    "name": "MD 49 Valencia - Teruel - Zaragoza",
    "type": "Media Distancia",
    "operator": "Renfe",
    "stroke": "#FF8C00",
    "stroke-width": 2,
    "stroke-opacity": 0.7,
    "total_sta": 30,
    "coords_sta": 30,
    "missing_coords": 0
   }
  },
  {
   "type": "Feature",
   "geometry": {
    "type": "LineString",
    "coordinates": [
     [
      -0.38121,
      39.46005
     ],
     [
      -0.27141,
      39.67567
     ],
     [
      -0.09654,
      39.93296
     ],
     [
      -0.00226,
      39.97506
     ],
     [
      0.05777,
      40.05805
     ],
     [
      0.13727,
      40.09457
     ],
     [
      0.20278,
      40.17389
     ],
     [
      0.22868,
      40.30465
     ],
     [
      0.41986,
      40.47243
     ],
     [
      0.45545,
      40.47175
     ],
     [
      0.44929,
      40.59592
     ],
     [
      0.52288,
      40.80712
     ]
    ]
   },
   "properties": {
    "lid": "379",
    "name": "Regional Exprés 50 Valencia - Castellón de la Plana - Vinaroz - Tortosa",
    "type": "Regional Exprés",
    "operator": "Renfe",
    "stroke": "#32CD32",
    "stroke-width": 2,
    "stroke-opacity": 0.7,
    "total_sta": 12,
    "coords_sta": 12,
    "missing_coords": 0
   }
  },
  {
   "type": "Feature",
   "geometry": {
    "type": "LineString",
    "coordinates": [
     [
      -3.6886,
      40.40697
     ],
     [
      -3.68271,
      40.47395
     ],
     [
      -4.00815,
      40.62638
     ],
     [
      -4.13232,
      40.58526
     ],
     [
      -4.15797,
      40.53863
     ],
     [
      -4.24714,
      40.52122
     ],
     [
      -4.26932,
      40.56882
     ],
     [
      -4.36162,
      40.58916
     ],
     [
      -4.40863,
      40.59093
     ],
     [
      -4.49501,
      40.59935
     ],
     [
      -4.68332,
      40.65721
     ]
    ]
   },
   "properties": {
    "lid": "380",
    "name": "Regional 51 Madrid - Ávila (Se requiere transbordo en El Escorial)",
    "type": "Regional",
    "operator": "Renfe",
    "stroke": "#008000",
    "stroke-width": 2,
    "stroke-opacity": 0.7,
    "total_sta": 11,
    "coords_sta": 11,
    "missing_coords": 0
   }
  },
  {
   "type": "Feature",
   "geometry": {
    "type": "LineString",
    "coordinates": [
     [
      -3.6886,
      40.40697
     ],
     [
      -3.77236,
      40.32809
     ],
     [
      -3.79828,
      40.28229
     ],
     [
      -3.82844,
      40.25563
     ],
     [
      -3.84226,
      40.12085
     ],
     [
      -4.28316,
      39.97881
     ],
     [
      -4.48756,
      39.94935
     ],
     [
      -4.64656,
      39.96077
     ],
     [
      -4.82654,
      39.97063
     ],
     [
      -5.18621,
      39.92185
     ],
     [
      -5.54565,
      39.89496
     ],
     [
      -5.67764,
      39.89199
     ],
     [
      -6.10125,
      39.93762
     ],
     [
      -6.09963,
      40.02226
     ],
     [
      -6.22895,
      39.86621
     ],
     [
      -6.32569,
      39.81206
     ],
     [
      -6.37452,
      39.78881
     ],
     [
      -6.38572,
      39.46118
     ],
     [
      -6.53447,
      39.46807
     ],
     [
      -7.11698,
      39.38155
     ],
     [
      -6.34305,
      38.92159
     ],
     [
      -6.40788,
      38.93625
     ],
     [
      -6.47721,
      38.91537
     ],
     [
      -6.59867,
      38.91358
     ],
     [
      -6.59867,
      38.91358
     ],
     [
      -6.69002,
      38.92177
     ],
     [
      -6.98162,
      38.89073
     ]
    ]
   },
   "properties": {
    "lid": "381",
    "name": "Regional Exprés 52 Madrid - Cáceres - Mérida - Badajoz",
    "type": "Regional Exprés",
    "operator": "Renfe",
    "stroke": "#32CD32",
    "stroke-width": 2,
    "stroke-opacity": 0.7,
    "total_sta": 27,
    "coords_sta": 27,
    "missing_coords": 0
   }
  },
  {
   "type": "Feature",
   "geometry": {
    "type": "LineString",
    "coordinates": [
     [
      -3.6886,
      40.40697
     ],
     [
      -3.6917,
      40.4225
     ],
     [
      -3.6917,
      40.44584
     ],
     [
      -3.68271,
      40.47395
     ],
     [
      -4.00815,
      40.62638
     ],
     [
      -4.06603,
      40.73766
     ],
     [
      -4.12539,
      40.70563
     ],
     [
      -4.15774,
      40.71689
     ],
     [
      -4.1814,
      40.71494
     ],
     [
      -4.18952,
      40.74084
     ],
     [
      -4.11362,
      40.93404
     ]
    ]
   },
   "properties": {
    "lid": "382",
    "name": "Regional 53 Madrid - Segovia (se requiere transbordo en Cercedilla)",
    "type": "Regional",
    "operator": "Renfe",
    "stroke": "#008000",
    "stroke-width": 2,
    "stroke-opacity": 0.7,
    "total_sta": 13,
    "coords_sta": 11,
    "missing_coords": 2
   }
  },
  {
   "type": "Feature",
   "geometry": {
    "type": "LineString",
    "coordinates": [
     [
      -3.68271,
      40.47395
     ],
     [
      -3.36619,
      40.48906
     ],
     [
      -3.18225,
      40.64408
     ],
     [
      -2.93585,
      40.93
     ],
     [
      -2.64622,
      41.07145
     ],
     [
      -2.49305,
      41.13631
     ],
     [
      -2.52534,
      41.48919
     ],
     [
      -2.47561,
      41.75535
     ]
    ]
   },
   "properties": {
    "lid": "383",
    "name": "Regional Exprés 54 Madrid - Soria",
    "type": "Regional Exprés",
    "operator": "Renfe",
    "stroke": "#32CD32",
    "stroke-width": 2,
    "stroke-opacity": 0.7,
    "total_sta": 9,
    "coords_sta": 8,
    "missing_coords": 1
   }
  },
  {
   "type": "Feature",
   "geometry": {
    "type": "LineString",
    "coordinates": [
     [
      -3.68271,
      40.47395
     ],
     [
      -3.36619,
      40.48906
     ],
     [
      -3.18225,
      40.64408
     ],
     [
      -3.16307,
      40.74699
     ],
     [
      -3.13892,
      40.83117
     ],
     [
      -3.07316,
      40.90971
     ],
     [
      -3.01438,
      40.90586
     ],
     [
      -2.93585,
      40.93
     ],
     [
      -2.84328,
      40.95385
     ],
     [
      -2.78602,
      41.00489
     ],
     [
      -2.64622,
      41.07145
     ],
     [
      -2.49305,
      41.13631
     ],
     [
      -2.42117,
      41.16522
     ],
     [
      -2.27769,
      41.21565
     ],
     [
      -2.17796,
      41.26407
     ],
     [
      -2.10982,
      41.2987
     ],
     [
      -2.05996,
      41.30943
     ],
     [
      -1.95994,
      41.29604
     ],
     [
      -1.90429,
      41.29451
     ],
     [
      -1.85549,
      41.31717
     ],
     [
      -1.78529,
      41.32438
     ],
     [
      -1.70847,
      41.32219
     ],
     [
      -1.63842,
      41.34636
     ],
     [
      -1.59314,
      41.42132
     ],
     [
      -1.57006,
      41.43914
     ],
     [
      -1.57006,
      41.43914
     ],
     [
      -1.56625,
      41.47855
     ],
     [
      -1.54028,
      41.47718
     ],
     [
      -1.47818,
      41.47552
     ],
     [
      -1.40279,
      41.50128
     ],
     [
      -1.36081,
      41.5287
     ],
     [
      -1.32546,
      41.56835
     ],
     [
      -1.30117,
      41.60972
     ],
     [
      -1.28168,
      41.63922
     ],
     [
      -1.23436,
      41.68962
     ],
     [
      -1.16585,
      41.74526
     ],
     [
      -1.02049,
      41.72273
     ],
     [
      -0.99849,
      41.71092
     ],
     [
      -0.91139,
      41.65857
     ]
    ]
   },
   "properties": {
    "lid": "384",
    "name": "Regional Exprés 55 Madrid - Arcos de Jalón - Zaragoza",
    "type": "Regional Exprés",
    "operator": "Renfe",
    "stroke": "#32CD32",
    "stroke-width": 2,
    "stroke-opacity": 0.7,
    "total_sta": 39,
    "coords_sta": 39,
    "missing_coords": 0
   }
  },
  {
   "type": "Feature",
   "geometry": {
    "type": "LineString",
    "coordinates": [
     [
      -0.91139,
      41.65857
     ],
     [
      -0.8959,
      41.65274
     ],
     [
      -0.89134,
      41.64392
     ],
     [
      -0.86832,
      41.63319
     ],
     [
      -0.53843,
      41.97557
     ],
     [
      -0.40985,
      42.13275
     ],
     [
      -0.56099,
      42.20504
     ],
     [
      -0.68243,
      42.27552
     ],
     [
      -0.73147,
      42.34424
     ],
     [
      -0.73147,
      42.34424
     ],
     [
      -0.69581,
      42.38025
     ],
     [
      -0.64308,
      42.4032
     ],
     [
      -0.49928,
      42.39785
     ],
     [
      -0.37335,
      42.52022
     ],
     [
      -0.53846,
      42.57773
     ],
     [
      -0.55516,
      42.64995
     ],
     [
      -0.52346,
      42.68846
     ],
     [
      -0.51317,
      42.75068
     ]
    ]
   },
   "properties": {
    "lid": "385",
    "name": "Regional 56 Zaragoza - Huesca - Canfranc",
    "type": "Regional",
    "operator": "Renfe",
    "stroke": "#008000",
    "stroke-width": 2,
    "stroke-opacity": 0.7,
    "total_sta": 18,
    "coords_sta": 18,
    "missing_coords": 0
   }
  },
  {
   "type": "Feature",
   "geometry": {
    "type": "LineString",
    "coordinates": [
     [
      -3.68271,
      40.47395
     ],
     [
      -3.61825,
      40.03483
     ],
     [
      -3.73859,
      39.94957
     ],
     [
      -3.33025,
      39.62197
     ],
     [
      -3.26637,
      39.50422
     ],
     [
      -3.20537,
      39.39566
     ],
     [
      -2.77539,
      39.27854
     ],
     [
      -2.59851,
      39.26072
     ],
     [
      -2.16292,
      39.19932
     ],
     [
      -1.85687,
      38.99485
     ]
    ]
   },
   "properties": {
    "lid": "386",
    "name": "MD 57 Madrid - Alcázar - Albacete",
    "type": "Media Distancia",
    "operator": "Renfe",
    "stroke": "#FF8C00",
    "stroke-width": 2,
    "stroke-opacity": 0.7,
    "total_sta": 10,
    "coords_sta": 10,
    "missing_coords": 0
   }
  },
  {
   "type": "Feature",
   "geometry": {
    "type": "LineString",
    "coordinates": [
     [
      -3.68271,
      40.47395
     ],
     [
      -3.6886,
      40.40697
     ],
     [
      -3.61825,
      40.03483
     ],
     [
      -3.33025,
      39.62197
     ],
     [
      -3.26637,
      39.50422
     ],
     [
      -3.20537,
      39.39566
     ],
     [
      -3.23305,
      39.16888
     ],
     [
      -3.3706,
      39.0059
     ],
     [
      -3.60408,
      39.06141
     ],
     [
      -3.70965,
      38.89551
     ],
     [
      -3.91314,
      38.98487
     ],
     [
      -3.6886,
      40.40697
     ],
     [
      -3.61825,
      40.03483
     ],
     [
      -3.33025,
      39.62197
     ],
     [
      -3.26637,
      39.50422
     ],
     [
      -3.20537,
      39.39566
     ],
     [
      -3.23305,
      39.16888
     ],
     [
      -3.3706,
      39.0059
     ],
     [
      -3.39614,
      38.76328
     ],
     [
      -3.45135,
      38.64459
     ],
     [
      -3.50174,
      38.51432
     ],
     [
      -3.5177,
      38.21573
     ],
     [
      -3.58914,
      38.06908
     ],
     [
      -3.81,
      37.97
     ],
     [
      -3.79079,
      37.77998
     ]
    ]
   },
   "properties": {
    "lid": "387",
    "name": "MD 58 Madrid - Ciudad Real / Jaén",
    "type": "Media Distancia",
    "operator": "Renfe",
    "stroke": "#FF8C00",
    "stroke-width": 2,
    "stroke-opacity": 0.7,
    "total_sta": 25,
    "coords_sta": 25,
    "missing_coords": 0
   }
  },
  {
   "type": "Feature",
   "geometry": {
    "type": "LineString",
    "coordinates": [
     [
      -3.20537,
      39.39566
     ],
     [
      -3.3706,
      39.0059
     ],
     [
      -3.60408,
      39.06141
     ],
     [
      -3.70965,
      38.89551
     ],
     [
      -3.91314,
      38.98487
     ],
     [
      -4.11194,
      38.69129
     ],
     [
      -4.73031,
      38.74053
     ],
     [
      -5.22708,
      38.72394
     ],
     [
      -5.63343,
      38.76423
     ],
     [
      -5.7965,
      38.96868
     ],
     [
      -5.89129,
      39.08594
     ],
     [
      -6.34305,
      38.92159
     ],
     [
      -6.40788,
      38.93625
     ],
     [
      -6.47721,
      38.91537
     ],
     [
      -6.59867,
      38.91358
     ],
     [
      -6.59867,
      38.91358
     ],
     [
      -6.69002,
      38.92177
     ],
     [
      -6.98162,
      38.89073
     ]
    ]
   },
   "properties": {
    "lid": "388",
    "name": "MD 60 Alcázar - Ciudad Real - Badajoz",
    "type": "Media Distancia",
    "operator": "Renfe",
    "stroke": "#FF8C00",
    "stroke-width": 2,
    "stroke-opacity": 0.7,
    "total_sta": 18,
    "coords_sta": 18,
    "missing_coords": 0
   }
  },
  {
   "type": "Feature",
   "geometry": {
    "type": "LineString",
    "coordinates": [
     [
      -5.97911,
      37.37821
     ],
     [
      -5.97582,
      37.36281
     ],
     [
      -5.92332,
      37.28722
     ],
     [
      -5.79024,
      37.18334
     ],
     [
      -5.94541,
      37.01851
     ],
     [
      -6.0952,
      36.91154
     ],
     [
      -6.06645,
      36.75123
     ],
     [
      -6.1261,
      36.67981
     ],
     [
      -6.217,
      36.6042
     ],
     [
      -6.1853,
      36.53083
     ],
     [
      -6.20688,
      36.46792
     ],
     [
      -6.27205,
      36.50292
     ],
     [
      -6.27696,
      36.5135
     ],
     [
      -6.294,
      36.537
     ]
    ]
   },
   "properties": {
    "lid": "389",
    "name": "MD 65 Sevilla - Cádiz[3]",
    "type": "Media Distancia",
    "operator": "Renfe",
    "stroke": "#FF8C00",
    "stroke-width": 2,
    "stroke-opacity": 0.7,
    "total_sta": 15,
    "coords_sta": 14,
    "missing_coords": 1
   }
  },
  {
   "type": "Feature",
   "geometry": {
    "type": "LineString",
    "coordinates": [
     [
      -5.53108,
      37.66129
     ],
     [
      -5.3476,
      37.7164
     ],
     [
      -5.29295,
      37.71814
     ],
     [
      -5.10678,
      37.80374
     ],
     [
      -4.78952,
      37.88851
     ],
     [
      -4.28369,
      37.98129
     ],
     [
      -4.06603,
      38.02797
     ],
     [
      -3.83216,
      38.01026
     ],
     [
      -3.79079,
      37.77998
     ]
    ]
   },
   "properties": {
    "lid": "390",
    "name": "MD 66 Sevilla - Jaén[3]",
    "type": "Media Distancia",
    "operator": "Renfe",
    "stroke": "#FF8C00",
    "stroke-width": 2,
    "stroke-opacity": 0.7,
    "total_sta": 10,
    "coords_sta": 9,
    "missing_coords": 1
   }
  },
  {
   "type": "Feature",
   "geometry": {
    "type": "LineString",
    "coordinates": [
     [
      -5.97911,
      37.37821
     ],
     [
      -5.97582,
      37.36281
     ],
     [
      -5.92332,
      37.28722
     ],
     [
      -5.54846,
      37.26822
     ],
     [
      -5.4255,
      37.33434
     ],
     [
      -5.11497,
      37.23371
     ],
     [
      -4.89364,
      37.22227
     ],
     [
      -4.71971,
      37.07017
     ],
     [
      -4.72798,
      37.03764
     ],
     [
      -4.75913,
      36.90707
     ],
     [
      -4.7192,
      36.87322
     ],
     [
      -4.6994,
      36.81971
     ]
    ]
   },
   "properties": {
    "lid": "391",
    "name": "MD 67 Sevilla - Málaga (con Virgen del Rocío)",
    "type": "Media Distancia",
    "operator": "Renfe",
    "stroke": "#FF8C00",
    "stroke-width": 2,
    "stroke-opacity": 0.7,
    "total_sta": 14,
    "coords_sta": 12,
    "missing_coords": 2
   }
  },
  {
   "type": "Feature",
   "geometry": {
    "type": "LineString",
    "coordinates": [
     [
      -3.60863,
      37.18369
     ],
     [
      -3.52776,
      37.39582
     ],
     [
      -3.12702,
      37.31688
     ],
     [
      -2.83948,
      37.18472
     ],
     [
      -2.48751,
      36.9515
     ],
     [
      -2.43628,
      36.88346
     ]
    ]
   },
   "properties": {
    "lid": "392",
    "name": "MD 68 Granada - Almería",
    "type": "Media Distancia",
    "operator": "Renfe",
    "stroke": "#FF8C00",
    "stroke-width": 2,
    "stroke-opacity": 0.7,
    "total_sta": 7,
    "coords_sta": 6,
    "missing_coords": 1
   }
  },
  {
   "type": "Feature",
   "geometry": {
    "type": "LineString",
    "coordinates": [
     [
      -5.16196,
      36.74859
     ],
     [
      -5.01989,
      37.00094
     ],
     [
      -4.8635,
      37.03203
     ],
     [
      -4.72798,
      37.03764
     ],
     [
      -4.75913,
      36.90707
     ],
     [
      -4.7192,
      36.87322
     ],
     [
      -4.6994,
      36.81971
     ],
     [
      -4.712,
      36.76431
     ],
     [
      -4.60857,
      36.73386
     ]
    ]
   },
   "properties": {
    "lid": "393",
    "name": "Ronda - Málaga",
    "type": "Media Distancia",
    "operator": "Renfe",
    "stroke": "#FF8C00",
    "stroke-width": 2,
    "stroke-opacity": 0.7,
    "total_sta": 10,
    "coords_sta": 9,
    "missing_coords": 1
   }
  },
  {
   "type": "Feature",
   "geometry": {
    "type": "LineString",
    "coordinates": [
     [
      -6.20799,
      37.35711
     ],
     [
      -6.55436,
      37.39079
     ],
     [
      -5.99436,
      37.38178
     ],
     [
      -6.94485,
      37.25262
     ]
    ]
   },
   "properties": {
    "lid": "394",
    "name": "MD 72 Sevilla - Huelva",
    "type": "Media Distancia",
    "operator": "Renfe",
    "stroke": "#FF8C00",
    "stroke-width": 2,
    "stroke-opacity": 0.7,
    "total_sta": 5,
    "coords_sta": 4,
    "missing_coords": 1
   }
  },
  {
   "type": "Feature",
   "geometry": {
    "type": "LineString",
    "coordinates": [
     [
      -6.94485,
      37.25262
     ],
     [
      -6.96215,
      37.36789
     ],
     [
      -6.94763,
      37.46184
     ],
     [
      -6.95324,
      37.51648
     ],
     [
      -6.91977,
      37.58618
     ],
     [
      -6.87629,
      37.65178
     ],
     [
      -6.87388,
      37.78718
     ],
     [
      -6.79735,
      37.90102
     ],
     [
      -6.77299,
      37.92738
     ],
     [
      -6.6309,
      38.05308
     ],
     [
      -6.63754,
      38.16771
     ],
     [
      -6.40518,
      38.41395
     ]
    ]
   },
   "properties": {
    "lid": "395",
    "name": "Regional 73 Huelva - Zafra",
    "type": "Regional",
    "operator": "Renfe",
    "stroke": "#008000",
    "stroke-width": 2,
    "stroke-opacity": 0.7,
    "total_sta": 12,
    "coords_sta": 12,
    "missing_coords": 0
   }
  },
  {
   "type": "Feature",
   "geometry": {
    "type": "LineString",
    "coordinates": [
     [
      -5.7317,
      37.60929
     ],
     [
      -5.71499,
      37.65825
     ],
     [
      -5.76197,
      37.84038
     ],
     [
      -5.70425,
      37.9327
     ],
     [
      -5.80333,
      38.09037
     ],
     [
      -5.90041,
      38.16367
     ],
     [
      -6.00962,
      38.23775
     ],
     [
      -6.40518,
      38.41395
     ],
     [
      -6.40518,
      38.41395
     ],
     [
      -6.37731,
      38.44717
     ],
     [
      -6.35223,
      38.56447
     ],
     [
      -6.39953,
      38.68468
     ],
     [
      -6.34305,
      38.92159
     ]
    ]
   },
   "properties": {
    "lid": "396",
    "name": "Regional Exprés 74 Sevilla - Mérida",
    "type": "Regional Exprés",
    "operator": "Renfe",
    "stroke": "#32CD32",
    "stroke-width": 2,
    "stroke-opacity": 0.7,
    "total_sta": 14,
    "coords_sta": 13,
    "missing_coords": 1
   }
  },
  {
   "type": "Feature",
   "geometry": {
    "type": "LineString",
    "coordinates": [
     [
      -8.23101,
      43.48805
     ],
     [
      -8.21385,
      43.49458
     ],
     [
      -8.20485,
      43.49656
     ],
     [
      -8.2,
      43.49978
     ],
     [
      -8.195556,
      43.503194
     ],
     [
      -8.07792,
      43.54603
     ],
     [
      -8.1776,
      43.51485
     ],
     [
      -8.14,
      43.54
     ],
     [
      -8.1504,
      43.52796
     ],
     [
      -8.1402,
      43.54264
     ],
     [
      -8.10921,
      43.53674
     ],
     [
      -8.077944,
      43.546028
     ],
     [
      -8.02194,
      43.56531
     ],
     [
      -8.05,
      43.53
     ],
     [
      -8.02194,
      43.56531
     ],
     [
      -8.0,
      43.54
     ],
     [
      -7.96,
      43.52
     ],
     [
      -7.93461,
      43.58717
     ],
     [
      -7.92,
      43.513
     ],
     [
      -7.91624,
      43.64096
     ],
     [
      -7.90256,
      43.66606
     ],
     [
      -7.873472,
      43.660944
     ],
     [
      -7.85453,
      43.66879
     ],
     [
      -7.84952,
      43.68626
     ],
     [
      -7.80487,
      43.70893
     ],
     [
      -7.702889,
      43.735722
     ],
     [
      -7.6731,
      43.73099
     ],
     [
      -7.49,
      43.676
     ],
     [
      -7.46,
      43.67
     ],
     [
      -7.6002,
      43.65687
     ],
     [
      -7.42,
      43.67
     ],
     [
      -7.510983,
      43.683589
     ],
     [
      -7.53704,
      43.68744
     ],
     [
      -7.4,
      43.67
     ],
     [
      -7.441861,
      43.692167
     ],
     [
      -7.39,
      43.65
     ],
     [
      -7.36085,
      43.6596
     ],
     [
      -7.38,
      43.62
     ],
     [
      -7.37,
      43.59
     ],
     [
      -7.33,
      43.57
     ],
     [
      -7.26946,
      43.57478
     ],
     [
      -7.27203,
      43.561
     ],
     [
      -7.22531,
      43.54742
     ],
     [
      -7.25,
      43.55
     ],
     [
      -7.14603,
      43.55175
     ],
     [
      -7.13102,
      43.55155
     ],
     [
      -7.10865,
      43.54962
     ],
     [
      -7.055619,
      43.53603
     ],
     [
      -7.05058,
      43.47314
     ],
     [
      -7.01385,
      43.50889
     ],
     [
      -6.977086,
      43.520408
     ],
     [
      -6.90929,
      43.53498
     ],
     [
      -6.90938,
      43.53505
     ],
     [
      -6.82756,
      43.54708
     ],
     [
      -6.97,
      43.56
     ],
     [
      -6.88,
      43.518
     ],
     [
      -6.82,
      43.555
     ],
     [
      -6.71994,
      43.53656
     ],
     [
      -6.64,
      43.568
     ],
     [
      -6.62,
      43.565
     ],
     [
      -6.58,
      43.562
     ],
     [
      -6.53667,
      43.53758
     ],
     [
      -6.50823,
      43.54675
     ],
     [
      -6.54,
      43.562
     ],
     [
      -6.41525,
      43.547222
     ],
     [
      -6.39182,
      43.54289
     ],
     [
      -6.49,
      43.565
     ],
     [
      -6.46,
      43.568
     ],
     [
      -6.30513,
      43.55265
     ],
     [
      -6.43,
      43.57
     ],
     [
      -6.4,
      43.572
     ],
     [
      -6.23457,
      43.55966
     ],
     [
      -6.24822,
      43.54401
     ],
     [
      -6.22886,
      43.54453
     ],
     [
      -6.18495,
      43.55923
     ],
     [
      -6.15548,
      43.55702
     ],
     [
      -6.15216,
      43.55091
     ],
     [
      -6.35,
      43.575
     ],
     [
      -6.10361,
      43.54889
     ],
     [
      -6.09731,
      43.51229
     ],
     [
      -5.188,
      43.38745
     ],
     [
      -6.11062,
      43.49114
     ],
     [
      -6.09706,
      43.46942
     ],
     [
      -6.07716,
      43.44886
     ],
     [
      -6.06579,
      43.43991
     ],
     [
      -6.0599,
      43.42559
     ],
     [
      -6.06373,
      43.39443
     ],
     [
      -6.04518,
      43.40293
     ],
     [
      -6.01017,
      43.38989
     ],
     [
      -6.06373,
      43.39443
     ],
     [
      -5.96758,
      43.34856
     ],
     [
      -5.96504,
      43.35647
     ],
     [
      -5.91779,
      43.35532
     ],
     [
      -5.89687,
      43.35968
     ],
     [
      -5.88327,
      43.3639
     ],
     [
      -5.86482,
      43.3652
     ],
     [
      -5.86482,
      43.3652
     ],
     [
      -5.85487,
      43.36636
     ]
    ]
   },
   "properties": {
    "lid": "397",
    "name": "Regional R-1 Ferrol - Ribadeo - Oviedo",
    "type": "Regional",
    "operator": "Renfe",
    "stroke": "#008000",
    "stroke-width": 2,
    "stroke-opacity": 0.7,
    "total_sta": 104,
    "coords_sta": 98,
    "missing_coords": 6
   }
  },
  {
   "type": "Feature",
   "geometry": {
    "type": "LineString",
    "coordinates": [
     [
      -8.5452,
      42.87044
     ],
     [
      -8.06866,
      42.43152
     ],
     [
      -8.02896,
      42.41142
     ],
     [
      -7.87255,
      42.35069
     ]
    ]
   },
   "properties": {
    "lid": "398",
    "name": "Regional 2 Santiago - Orense",
    "type": "Regional",
    "operator": "Renfe",
    "stroke": "#008000",
    "stroke-width": 2,
    "stroke-opacity": 0.7,
    "total_sta": 4,
    "coords_sta": 4,
    "missing_coords": 0
   }
  },
  {
   "type": "Feature",
   "geometry": {
    "type": "LineString",
    "coordinates": [
     [
      -8.41215,
      43.35037
     ],
     [
      -8.41298,
      43.33528
     ],
     [
      -8.35217,
      43.29044
     ],
     [
      -8.30777,
      43.28785
     ],
     [
      -8.22583,
      43.27072
     ],
     [
      -8.20054,
      43.17302
     ],
     [
      -8.2,
      43.3
     ],
     [
      -8.14324,
      43.1273
     ],
     [
      -7.89507,
      43.17906
     ],
     [
      -7.83737,
      43.1636
     ],
     [
      -7.75631,
      43.17342
     ],
     [
      -7.62477,
      43.12136
     ],
     [
      -7.39338,
      42.83287
     ],
     [
      -7.41365,
      42.78262
     ],
     [
      -7.50314,
      42.52952
     ],
     [
      -7.87255,
      42.35069
     ]
    ]
   },
   "properties": {
    "lid": "399",
    "name": "MD 4 La Coruña - Lugo - Monforte - Orense",
    "type": "Media Distancia",
    "operator": "Renfe",
    "stroke": "#FF8C00",
    "stroke-width": 2,
    "stroke-opacity": 0.7,
    "total_sta": 18,
    "coords_sta": 16,
    "missing_coords": 2
   }
  },
  {
   "type": "Feature",
   "geometry": {
    "type": "LineString",
    "coordinates": [
     [
      -8.41215,
      43.35037
     ],
     [
      -8.41298,
      43.33528
     ],
     [
      -8.35217,
      43.29044
     ],
     [
      -8.30777,
      43.28785
     ],
     [
      -8.22583,
      43.27072
     ],
     [
      -8.21593,
      43.28418
     ],
     [
      -8.2011,
      43.37819
     ],
     [
      -8.17629,
      43.41133
     ],
     [
      -8.17486,
      43.47234
     ],
     [
      -8.23101,
      43.48805
     ]
    ]
   },
   "properties": {
    "lid": "400",
    "name": "MD 5 La Coruña - Ferrol",
    "type": "Media Distancia",
    "operator": "Renfe",
    "stroke": "#FF8C00",
    "stroke-width": 2,
    "stroke-opacity": 0.7,
    "total_sta": 10,
    "coords_sta": 10,
    "missing_coords": 0
   }
  },
  {
   "type": "Feature",
   "geometry": {
    "type": "LineString",
    "coordinates": [
     [
      -8.71188,
      42.23952
     ],
     [
      -8.60372,
      42.28549
     ],
     [
      -8.62217,
      42.16414
     ],
     [
      -8.62254,
      42.06567
     ],
     [
      -8.56641,
      42.0557
     ],
     [
      -8.49522,
      42.08171
     ],
     [
      -8.4201,
      42.07542
     ],
     [
      -8.35596,
      42.09214
     ],
     [
      -8.23489,
      42.13668
     ],
     [
      -8.17,
      42.16
     ],
     [
      -8.1848,
      42.21994
     ],
     [
      -8.13902,
      42.29304
     ],
     [
      -7.87255,
      42.35069
     ],
     [
      -7.80252,
      42.40104
     ],
     [
      -7.73559,
      42.45115
     ],
     [
      -7.62927,
      42.45791
     ],
     [
      -7.25,
      42.4
     ],
     [
      -7.50314,
      42.52952
     ],
     [
      -7.28721,
      42.46517
     ],
     [
      -7.19455,
      42.3937
     ],
     [
      -7.11325,
      42.39261
     ],
     [
      -6.98505,
      42.41826
     ],
     [
      -6.98505,
      42.41826
     ],
     [
      -6.91194,
      42.41477
     ],
     [
      -6.82946,
      42.42064
     ],
     [
      -6.75104,
      42.53685
     ],
     [
      -6.60249,
      42.54566
     ],
     [
      -6.42221,
      42.60954
     ],
     [
      -6.20097,
      42.63278
     ],
     [
      -6.04706,
      42.4594
     ],
     [
      -6.00803,
      42.42439
     ],
     [
      -5.96406,
      42.41444
     ],
     [
      -5.8875,
      42.43347
     ],
     [
      -5.83896,
      42.46459
     ],
     [
      -6.52214,
      42.4055
     ]
    ]
   },
   "properties": {
    "lid": "401",
    "name": "MD 6 Vigo - Orense - Monforte - Ponferrada - León",
    "type": "Media Distancia",
    "operator": "Renfe",
    "stroke": "#FF8C00",
    "stroke-width": 2,
    "stroke-opacity": 0.7,
    "total_sta": 36,
    "coords_sta": 35,
    "missing_coords": 1
   }
  },
  {
   "type": "Feature",
   "geometry": {
    "type": "LineString",
    "coordinates": [
     [
      -4.7272,
      41.64334
     ],
     [
      -4.70422,
      41.66016
     ],
     [
      -4.65127,
      41.73725
     ],
     [
      -4.54073,
      41.87124
     ],
     [
      -4.49627,
      41.9174
     ],
     [
      -4.53386,
      42.01573
     ],
     [
      -4.58491,
      42.04984
     ],
     [
      -4.64726,
      42.10469
     ],
     [
      -4.85038,
      42.19099
     ],
     [
      -4.97068,
      42.24513
     ],
     [
      -5.01331,
      42.32323
     ],
     [
      -5.0226,
      42.3694
     ],
     [
      -5.38673,
      42.45988
     ],
     [
      -5.49593,
      42.46073
     ],
     [
      -6.52214,
      42.4055
     ]
    ]
   },
   "properties": {
    "lid": "402",
    "name": "MD 17 Valladolid - León (directo)",
    "type": "Media Distancia",
    "operator": "Renfe",
    "stroke": "#FF8C00",
    "stroke-width": 2,
    "stroke-opacity": 0.7,
    "total_sta": 15,
    "coords_sta": 15,
    "missing_coords": 0
   }
  },
  {
   "type": "Feature",
   "geometry": {
    "type": "LineString",
    "coordinates": [
     [
      2.16538,
      41.39254
     ],
     [
      2.15215,
      41.39976
     ],
     [
      2.13996,
      41.37901
     ],
     [
      1.73082,
      41.22018
     ],
     [
      1.52579,
      41.18608
     ],
     [
      1.40571,
      41.14279
     ],
     [
      1.3733,
      41.13661
     ],
     [
      1.25354,
      41.11122
     ],
     [
      1.15044,
      41.11288
     ],
     [
      1.09994,
      41.1606
     ],
     [
      1.17417,
      41.2616
     ],
     [
      1.195,
      41.30604
     ],
     [
      1.17649,
      41.33763
     ],
     [
      1.16571,
      41.37652
     ],
     [
      1.10327,
      41.40047
     ],
     [
      1.04603,
      41.40269
     ],
     [
      0.97035,
      41.4251
     ],
     [
      2.0732,
      41.44486
     ],
     [
      0.82553,
      41.54392
     ],
     [
      0.651,
      41.6237
     ],
     [
      0.651,
      41.6237
     ]
    ]
   },
   "properties": {
    "lid": "403",
    "name": "R14 Barcelona - Tarragona - Lleida (local)",
    "type": "Media Distancia",
    "operator": "Renfe",
    "stroke": "#FF8C00",
    "stroke-width": 2,
    "stroke-opacity": 0.7,
    "total_sta": 21,
    "coords_sta": 21,
    "missing_coords": 0
   }
  },
  {
   "type": "Feature",
   "geometry": {
    "type": "LineString",
    "coordinates": [
     [
      -0.52468,
      38.99225
     ],
     [
      -0.48516,
      38.97458
     ],
     [
      -0.45323,
      38.93833
     ],
     [
      -0.468,
      39.333
     ],
     [
      -0.413,
      39.418
     ],
     [
      -0.52241,
      38.84467
     ],
     [
      -0.5512,
      38.83056
     ],
     [
      -0.68247,
      38.7946
     ],
     [
      -0.52183,
      38.79686
     ],
     [
      -0.44705,
      38.74078
     ],
     [
      -0.46883,
      38.70976
     ]
    ]
   },
   "properties": {
    "lid": "404",
    "name": "Regional 47 Valencia - Játiva - Alcoy",
    "type": "Regional",
    "operator": "Renfe",
    "stroke": "#008000",
    "stroke-width": 2,
    "stroke-opacity": 0.7,
    "total_sta": 11,
    "coords_sta": 11,
    "missing_coords": 0
   }
  },
  {
   "type": "Feature",
   "geometry": {
    "type": "LineString",
    "coordinates": [
     [
      1.83634,
      41.59197
     ],
     [
      1.83336,
      41.58876
     ]
    ]
   },
   "properties": {
    "lid": "407",
    "name": "Funicular de Sant Joan",
    "type": "Funicular",
    "operator": "FGC",
    "stroke": "#A0522D",
    "stroke-width": 2,
    "stroke-opacity": 0.7,
    "total_sta": 2,
    "coords_sta": 2,
    "missing_coords": 0
   }
  }
 ]
}